Date,GameID,HomeTeam,HomeTeamPTS,HomeTeamW_PCT,Ratio,VisitTeam,VisitTeamPTS,VisitTeamW_PCT,WL
2014-10-28,21400001,NOP,101,1.0,inf,ORL,84,0.0,1.2
2014-10-28,21400002,SAS,101,1.0,inf,DAL,100,0.0,1.01
2014-10-28,21400003,LAL,90,0.0,0.0,HOU,108,1.0,0.83
2014-10-29,21400006,BOS,121,1.0,inf,BKN,105,0.0,1.15
2014-10-29,21400010,NYK,80,0.0,0.0,CHI,104,1.0,0.77
2014-10-29,21400011,DEN,89,1.0,inf,DET,79,0.0,1.13
2014-10-29,21400014,SAC,77,0.0,0.0,GSW,95,1.0,0.81
2014-10-29,21400012,UTA,93,0.0,0.0,HOU,104,1.0,0.89
2014-10-29,21400013,PHX,119,1.0,inf,LAL,99,0.0,1.2
2014-10-29,21400007,MIA,107,1.0,inf,WAS,95,0.0,1.13
2014-10-29,21400004,CHA,108,1.0,inf,MIL,106,0.0,1.02
2014-10-29,21400009,MEM,105,1.0,inf,MIN,101,0.0,1.04
2014-10-29,21400005,IND,103,1.0,inf,PHI,91,0.0,1.13
2014-10-29,21400015,POR,106,1.0,inf,OKC,89,0.0,1.19
2014-10-29,21400008,TOR,109,1.0,inf,ATL,102,0.0,1.07
2014-10-30,21400020,LAC,93,1.0,inf,OKC,90,0.0,1.03
2014-10-30,21400017,MIN,97,0.5,inf,DET,91,0.0,1.07
2014-10-30,21400019,DAL,120,0.5,inf,UTA,102,0.0,1.18
2014-10-30,21400018,CLE,90,0.0,0.0,NYK,95,0.5,0.95
2014-10-30,21400016,ORL,98,0.0,0.0,WAS,105,0.5,0.93
2014-10-31,21400025,SAC,103,0.5,1.0,POR,94,0.5,1.1
2014-10-31,21400026,LAL,111,0.0,0.0,LAC,118,1.0,0.94
2014-10-31,21400021,IND,89,0.5,0.5,MEM,97,1.0,0.92
2014-10-31,21400023,MIL,93,0.5,inf,PHI,81,0.0,1.15
2014-10-31,21400022,CHI,108,0.5,1.0,CLE,114,0.5,0.95
2014-10-31,21400024,PHX,94,1.0,2.0,SAS,89,0.5,1.06
2014-11-01,21400029,ORL,95,0.0,0.0,TOR,108,1.0,0.88
2014-11-01,21400036,OKC,102,0.33299999999999996,0.67,DEN,91,0.5,1.12
2014-11-01,21400030,PHI,96,0.0,0.0,MIA,114,1.0,0.84
2014-11-01,21400032,ATL,102,0.5,1.5,IND,92,0.33299999999999996,1.11
2014-11-01,21400035,MIN,105,0.33299999999999996,0.5,CHI,106,0.667,0.99
2014-11-01,21400037,UTA,118,0.33299999999999996,0.5,PHX,91,0.667,1.3
2014-11-01,21400034,HOU,104,1.0,2.0,BOS,90,0.5,1.16
2014-11-01,21400028,CHA,69,0.5,0.5,MEM,71,1.0,0.97
2014-11-01,21400033,DET,90,0.0,0.0,BKN,102,0.5,0.88
2014-11-01,21400031,WAS,108,0.667,2.0,MIL,97,0.33299999999999996,1.11
2014-11-01,21400038,GSW,127,1.0,inf,LAL,104,0.0,1.22
2014-11-01,21400027,NOP,104,0.5,0.75,DAL,109,0.667,0.95
2014-11-02,21400042,POR,90,0.33299999999999996,0.33,GSW,95,1.0,0.95
2014-11-02,21400040,MIA,107,1.0,1.5,TOR,102,0.667,1.05
2014-11-02,21400041,NYK,96,0.667,2.0,CHA,93,0.33299999999999996,1.03
2014-11-02,21400039,LAC,92,0.667,1.0,SAC,98,0.667,0.94
2014-11-03,21400043,PHI,93,0.0,0.0,HOU,104,1.0,0.89
2014-11-03,21400048,LAC,107,0.75,3.0,UTA,101,0.25,1.06
2014-11-03,21400046,DAL,118,0.75,2.25,BOS,113,0.33299999999999996,1.04
2014-11-03,21400045,MEM,93,1.0,3.0,NOP,81,0.33299999999999996,1.15
2014-11-03,21400044,BKN,116,0.667,2.67,OKC,85,0.25,1.36
2014-11-03,21400047,DEN,105,0.33299999999999996,0.44,SAC,110,0.75,0.95
2014-11-04,21400050,MIA,91,0.75,0.75,HOU,108,1.0,0.84
2014-11-04,21400053,CHI,98,0.75,inf,ORL,90,0.0,1.09
2014-11-04,21400052,TOR,100,0.75,3.75,OKC,88,0.2,1.14
2014-11-04,21400051,NYK,83,0.5,0.67,WAS,98,0.75,0.85
2014-11-04,21400054,NOP,100,0.5,2.0,CHA,91,0.25,1.1
2014-11-04,21400056,LAL,106,0.0,0.0,PHX,112,0.75,0.95
2014-11-04,21400049,IND,81,0.25,0.5,MIL,87,0.5,0.93
2014-11-04,21400055,POR,101,0.5,1.5,CLE,82,0.33299999999999996,1.23
2014-11-05,21400064,SAS,94,0.667,2.0,ATL,92,0.33299999999999996,1.02
2014-11-05,21400061,DET,98,0.25,0.62,NYK,95,0.4,1.03
2014-11-05,21400065,PHX,91,0.6,0.6,MEM,102,1.0,0.89
2014-11-05,21400059,BOS,107,0.25,0.31,TOR,110,0.8,0.97
2014-11-05,21400057,CHA,96,0.4,0.67,MIA,89,0.6,1.08
2014-11-05,21400060,BKN,91,0.5,1.0,MIN,98,0.5,0.93
2014-11-05,21400066,UTA,102,0.4,1.6,CLE,100,0.25,1.02
2014-11-05,21400063,WAS,96,0.8,4.0,IND,94,0.2,1.02
2014-11-05,21400058,PHI,89,0.0,0.0,ORL,91,0.2,0.98
2014-11-05,21400067,SAC,131,0.8,3.2,DEN,109,0.25,1.2
2014-11-05,21400068,GSW,121,1.0,1.67,LAC,104,0.6,1.16
2014-11-05,21400062,MIL,86,0.4,0.5,CHI,95,0.8,0.91
2014-11-06,21400069,HOU,98,1.0,2.0,SAS,81,0.5,1.21
2014-11-06,21400070,POR,108,0.6,1.0,DAL,87,0.6,1.24
2014-11-07,21400075,BKN,110,0.6,1.8,NYK,99,0.33299999999999996,1.11
2014-11-07,21400081,DEN,101,0.2,0.5,CLE,110,0.4,0.92
2014-11-07,21400077,TOR,103,0.833,1.25,WAS,84,0.667,1.23
2014-11-07,21400071,CHA,122,0.5,2.0,ATL,119,0.25,1.03
2014-11-07,21400072,ORL,112,0.33299999999999996,0.83,MIN,103,0.4,1.09
2014-11-07,21400080,UTA,82,0.33299999999999996,0.5,DAL,105,0.667,0.78
2014-11-07,21400079,PHX,112,0.5,0.6,SAC,114,0.833,0.98
2014-11-07,21400073,PHI,115,0.0,0.0,CHI,118,0.833,0.97
2014-11-07,21400074,BOS,101,0.4,2.4,IND,98,0.16699999999999998,1.03
2014-11-07,21400076,DET,98,0.4,1.2,MIL,95,0.33299999999999996,1.03
2014-11-07,21400078,OKC,89,0.16699999999999998,0.17,MEM,91,1.0,0.98
2014-11-08,21400085,MIA,102,0.667,2.0,MIN,92,0.33299999999999996,1.11
2014-11-08,21400083,IND,90,0.14300000000000002,0.2,WAS,97,0.7140000000000001,0.93
2014-11-08,21400086,CHI,101,0.7140000000000001,1.43,BOS,106,0.5,0.95
2014-11-08,21400084,ATL,103,0.4,1.4,NYK,96,0.28600000000000003,1.07
2014-11-08,21400089,SAS,99,0.4,0.67,NOP,100,0.6,0.99
2014-11-08,21400088,MIL,93,0.429,0.5,MEM,92,0.857,1.01
2014-11-08,21400082,LAC,106,0.667,1.33,POR,102,0.5,1.04
2014-11-08,21400087,HOU,87,0.857,0.86,GSW,98,1.0,0.89
2014-11-09,21400090,BKN,104,0.667,2.33,ORL,96,0.28600000000000003,1.08
2014-11-09,21400095,PHX,107,0.5710000000000001,0.69,GSW,95,0.833,1.13
2014-11-09,21400096,POR,116,0.5710000000000001,3.42,DEN,100,0.16699999999999998,1.16
2014-11-09,21400094,DAL,96,0.5710000000000001,0.8,MIA,105,0.7140000000000001,0.91
2014-11-09,21400097,LAL,107,0.16699999999999998,0.39,CHA,92,0.429,1.16
2014-11-09,21400091,DET,96,0.33299999999999996,0.78,UTA,97,0.429,0.99
2014-11-09,21400093,TOR,120,0.857,inf,PHI,88,0.0,1.36
2014-11-09,21400092,OKC,101,0.28600000000000003,0.4,SAC,93,0.7140000000000001,1.09
2014-11-10,21400101,CHI,102,0.75,2.62,DET,91,0.28600000000000003,1.12
2014-11-10,21400098,CLE,118,0.5,1.0,NOP,111,0.5,1.06
2014-11-10,21400102,LAC,85,0.5710000000000001,1.14,SAS,89,0.5,0.96
2014-11-10,21400100,NYK,85,0.25,0.5,ATL,91,0.5,0.93
2014-11-10,21400099,IND,97,0.25,0.67,UTA,86,0.375,1.13
2014-11-11,21400105,MIL,85,0.5,2.0,OKC,78,0.25,1.09
2014-11-11,21400104,MEM,107,0.875,6.12,LAL,102,0.14300000000000002,1.05
2014-11-11,21400106,DAL,106,0.625,1.0,SAC,98,0.625,1.08
2014-11-11,21400103,TOR,104,0.875,3.5,ORL,100,0.25,1.04
2014-11-11,21400108,GSW,100,0.7140000000000001,1.25,SAS,113,0.5710000000000001,0.88
2014-11-11,21400107,POR,102,0.625,1.67,CHA,100,0.375,1.02
2014-11-12,21400114,NOP,109,0.5710000000000001,4.57,LAL,102,0.125,1.07
2014-11-12,21400113,NYK,95,0.222,0.67,ORL,97,0.33299999999999996,0.98
2014-11-12,21400112,MIA,75,0.625,1.88,IND,81,0.33299999999999996,0.93
2014-11-12,21400116,PHX,112,0.625,1.09,BKN,104,0.5710000000000001,1.08
2014-11-12,21400117,MIN,101,0.28600000000000003,0.33,HOU,113,0.875,0.89
2014-11-12,21400111,BOS,94,0.429,1.29,OKC,109,0.33299999999999996,0.86
2014-11-12,21400110,ATL,100,0.5710000000000001,1.71,UTA,97,0.33299999999999996,1.03
2014-11-12,21400115,DEN,113,0.14300000000000002,0.21,POR,130,0.667,0.87
2014-11-12,21400109,WAS,107,0.75,3.0,DET,103,0.25,1.04
2014-11-13,21400119,TOR,93,0.778,1.0,CHI,100,0.778,0.93
2014-11-13,21400121,GSW,107,0.75,1.5,BKN,99,0.5,1.08
2014-11-13,21400118,MEM,111,0.889,1.6,SAC,110,0.556,1.01
2014-11-13,21400120,DAL,123,0.667,inf,PHI,70,0.0,1.76
2014-11-14,21400126,NYK,100,0.2,0.5,UTA,102,0.4,0.98
2014-11-14,21400130,PHX,95,0.556,1.25,CHA,103,0.444,0.92
2014-11-14,21400122,IND,87,0.3,1.2,DEN,108,0.25,0.81
2014-11-14,21400129,OKC,89,0.3,0.9,DET,96,0.33299999999999996,0.93
2014-11-14,21400128,NOP,139,0.625,2.5,MIN,91,0.25,1.53
2014-11-14,21400127,HOU,88,0.889,inf,PHI,87,0.0,1.01
2014-11-14,21400124,ATL,114,0.625,1.12,MIA,103,0.556,1.11
2014-11-14,21400131,LAL,80,0.111,0.18,SAS,93,0.625,0.86
2014-11-14,21400125,BOS,121,0.375,0.66,CLE,122,0.5710000000000001,0.99
2014-11-14,21400123,ORL,101,0.4,0.9,MIL,85,0.444,1.19
2014-11-15,21400132,WAS,98,0.778,2.14,ORL,93,0.364,1.05
2014-11-15,21400135,CHI,90,0.7,1.92,IND,99,0.364,0.91
2014-11-15,21400134,TOR,111,0.8,2.2,UTA,93,0.364,1.19
2014-11-15,21400139,SAC,94,0.6,1.08,SAS,91,0.556,1.03
2014-11-15,21400141,LAC,120,0.625,1.25,PHX,107,0.5,1.12
2014-11-15,21400138,POR,97,0.7,1.58,BKN,87,0.444,1.11
2014-11-15,21400136,MEM,95,0.9,3.0,DET,88,0.3,1.08
2014-11-15,21400133,CLE,127,0.625,1.12,ATL,94,0.556,1.35
2014-11-15,21400140,GSW,112,0.778,1.94,CHA,87,0.4,1.29
2014-11-15,21400137,DAL,131,0.7,3.15,MIN,117,0.222,1.12
2014-11-16,21400143,MIA,84,0.5,1.0,MIL,91,0.5,0.92
2014-11-16,21400145,LAL,115,0.1,0.12,GSW,136,0.8,0.85
2014-11-16,21400144,OKC,65,0.273,0.3,HOU,69,0.9,0.94
2014-11-16,21400142,NYK,109,0.273,1.23,DEN,93,0.222,1.17
2014-11-17,21400150,DET,93,0.273,0.65,ORL,107,0.41700000000000004,0.87
2014-11-17,21400146,CHA,80,0.364,0.5,DAL,107,0.727,0.75
2014-11-17,21400149,BKN,83,0.4,0.73,MIA,95,0.545,0.87
2014-11-17,21400148,BOS,114,0.33299999999999996,0.61,PHX,118,0.545,0.97
2014-11-17,21400153,POR,102,0.727,1.31,NOP,93,0.556,1.1
2014-11-17,21400152,SAS,100,0.6,inf,PHI,75,0.0,1.33
2014-11-17,21400151,MEM,119,0.909,1.11,HOU,93,0.818,1.28
2014-11-17,21400147,CLE,97,0.556,1.85,DEN,106,0.3,0.92
2014-11-17,21400154,LAC,89,0.556,0.76,CHI,105,0.727,0.85
2014-11-18,21400156,MIL,117,0.545,2.18,NYK,113,0.25,1.04
2014-11-18,21400158,SAC,100,0.545,0.91,NOP,106,0.6,0.94
2014-11-18,21400155,ATL,109,0.5,2.75,LAL,114,0.182,0.96
2014-11-18,21400157,UTA,98,0.41700000000000004,1.67,OKC,81,0.25,1.21
2014-11-19,21400168,DEN,107,0.364,1.58,OKC,100,0.231,1.07
2014-11-19,21400161,ORL,90,0.385,0.64,LAC,114,0.6,0.79
2014-11-19,21400167,MIN,115,0.3,1.3,NYK,99,0.231,1.16
2014-11-19,21400164,BKN,118,0.364,0.62,MIL,122,0.583,0.97
2014-11-19,21400166,TOR,96,0.818,0.98,MEM,92,0.833,1.04
2014-11-19,21400160,IND,88,0.41700000000000004,1.25,CHA,86,0.33299999999999996,1.02
2014-11-19,21400162,PHI,90,0.0,0.0,BOS,101,0.4,0.89
2014-11-19,21400169,HOU,92,0.75,3.0,LAL,98,0.25,0.94
2014-11-19,21400165,DET,86,0.25,0.43,PHX,88,0.583,0.98
2014-11-19,21400163,WAS,102,0.7,0.93,DAL,105,0.75,0.97
2014-11-19,21400159,CLE,90,0.5,0.79,SAS,92,0.636,0.98
2014-11-20,21400170,MIA,93,0.5,0.79,LAC,110,0.636,0.85
2014-11-20,21400171,SAC,103,0.583,0.87,CHI,88,0.667,1.17
2014-11-21,21400182,GSW,101,0.818,2.12,UTA,88,0.385,1.15
2014-11-21,21400180,DAL,140,0.769,3.33,LAL,106,0.231,1.32
2014-11-21,21400183,POR,105,0.75,1.22,CHI,87,0.615,1.21
2014-11-21,21400179,WAS,91,0.727,1.6,CLE,78,0.455,1.17
2014-11-21,21400178,OKC,92,0.214,0.51,BKN,94,0.41700000000000004,0.98
2014-11-21,21400173,PHI,96,0.0,0.0,PHX,122,0.615,0.79
2014-11-21,21400175,TOR,124,0.833,1.55,MIL,82,0.5379999999999999,1.51
2014-11-21,21400174,ATL,99,0.545,2.36,DET,89,0.231,1.11
2014-11-21,21400176,MEM,117,0.846,2.32,BOS,100,0.364,1.17
2014-11-21,21400172,CHA,100,0.308,0.72,ORL,105,0.429,0.95
2014-11-21,21400181,DEN,117,0.41700000000000004,0.77,NOP,97,0.545,1.21
2014-11-21,21400177,MIN,92,0.273,0.41,SAS,121,0.667,0.76
2014-11-22,21400188,HOU,95,0.769,1.08,DAL,92,0.7140000000000001,1.03
2014-11-22,21400185,ORL,92,0.4,0.74,MIA,99,0.5379999999999999,0.93
2014-11-22,21400184,IND,83,0.385,0.6,PHX,106,0.643,0.78
2014-11-22,21400192,UTA,94,0.35700000000000004,0.61,NOP,106,0.583,0.89
2014-11-22,21400187,NYK,91,0.28600000000000003,inf,PHI,83,0.0,1.1
2014-11-22,21400190,MIL,100,0.5,0.67,WAS,111,0.75,0.9
2014-11-22,21400191,SAS,99,0.6920000000000001,1.8,BKN,87,0.385,1.14
2014-11-22,21400186,CLE,93,0.41700000000000004,0.49,TOR,110,0.846,0.85
2014-11-22,21400189,MIN,101,0.25,0.41,SAC,113,0.615,0.89
2014-11-23,21400193,MEM,107,0.857,1.47,LAC,91,0.583,1.18
2014-11-23,21400196,OKC,86,0.2,0.24,GSW,91,0.833,0.95
2014-11-23,21400195,MIA,94,0.5710000000000001,2.0,CHA,93,0.28600000000000003,1.01
2014-11-23,21400194,BOS,88,0.33299999999999996,0.43,POR,94,0.769,0.94
2014-11-23,21400197,LAL,94,0.214,0.46,DEN,101,0.462,0.93
2014-11-24,21400201,TOR,104,0.857,1.43,PHX,100,0.6,1.04
2014-11-24,21400199,CLE,106,0.462,1.23,ORL,74,0.375,1.43
2014-11-24,21400202,HOU,91,0.7859999999999999,2.94,NYK,86,0.267,1.06
2014-11-24,21400200,PHI,104,0.0,0.0,POR,114,0.7859999999999999,0.91
2014-11-24,21400203,DAL,100,0.667,1.55,IND,111,0.429,0.9
2014-11-24,21400198,CHA,92,0.267,0.43,LAC,113,0.615,0.81
2014-11-24,21400204,UTA,95,0.33299999999999996,0.52,CHI,97,0.643,0.98
2014-11-25,21400208,NOP,89,0.5379999999999999,0.84,SAC,99,0.643,0.9
2014-11-25,21400207,MIL,98,0.5329999999999999,2.49,DET,86,0.214,1.14
2014-11-25,21400209,DEN,114,0.5,0.83,CHI,109,0.6,1.05
2014-11-25,21400206,MIA,97,0.5329999999999999,0.63,GSW,114,0.846,0.85
2014-11-25,21400205,WAS,102,0.6920000000000001,1.19,ATL,106,0.583,0.96
2014-11-26,21400212,ORL,96,0.353,0.41,GSW,111,0.857,0.86
2014-11-26,21400222,LAL,93,0.2,0.23,MEM,99,0.867,0.94
2014-11-26,21400217,HOU,102,0.8,1.33,SAC,89,0.6,1.15
2014-11-26,21400216,DET,98,0.2,0.31,LAC,104,0.643,0.94
2014-11-26,21400214,DAL,109,0.688,2.75,NYK,102,0.25,1.07
2014-11-26,21400221,PHX,120,0.625,1.34,DEN,112,0.467,1.07
2014-11-26,21400220,SAS,106,0.7140000000000001,1.78,IND,100,0.4,1.06
2014-11-26,21400213,PHI,91,0.0,0.0,BKN,99,0.429,0.92
2014-11-26,21400211,CLE,113,0.5,0.78,WAS,87,0.643,1.3
2014-11-26,21400219,OKC,97,0.25,0.8,UTA,82,0.313,1.18
2014-11-26,21400218,MIN,86,0.231,0.41,MIL,103,0.563,0.83
2014-11-26,21400215,ATL,115,0.5379999999999999,0.62,TOR,126,0.867,0.91
2014-11-26,21400210,CHA,97,0.25,0.31,POR,105,0.8,0.92
2014-11-28,21400224,CHA,101,0.235,0.27,GSW,106,0.867,0.95
2014-11-28,21400226,DET,88,0.188,0.32,MIL,104,0.588,0.85
2014-11-28,21400230,IND,98,0.43799999999999994,1.32,ORL,83,0.33299999999999996,1.18
2014-11-28,21400227,TOR,102,0.813,1.15,DAL,106,0.706,0.96
2014-11-28,21400225,ATL,100,0.5710000000000001,1.14,NOP,91,0.5,1.1
2014-11-28,21400229,OKC,105,0.294,1.25,NYK,78,0.235,1.35
2014-11-28,21400223,BOS,102,0.308,0.49,CHI,109,0.625,0.94
2014-11-28,21400232,DEN,122,0.5,0.85,PHX,97,0.588,1.26
2014-11-28,21400228,HOU,85,0.75,1.12,LAC,102,0.667,0.83
2014-11-28,21400234,LAL,119,0.188,0.66,MIN,120,0.28600000000000003,0.99
2014-11-28,21400231,SAS,112,0.733,1.3,SAC,104,0.563,1.08
2014-11-28,21400233,POR,99,0.75,0.86,MEM,112,0.875,0.88
2014-11-29,21400237,ATL,105,0.6,2.7,CHA,75,0.222,1.4
2014-11-29,21400236,WAS,83,0.667,1.43,NOP,80,0.467,1.04
2014-11-29,21400235,PHI,103,0.0,0.0,DAL,110,0.722,0.94
2014-11-29,21400239,UTA,96,0.294,0.43,LAC,112,0.688,0.86
2014-11-29,21400240,MIL,103,0.556,0.73,HOU,117,0.765,0.88
2014-11-29,21400238,CLE,109,0.5329999999999999,1.29,IND,97,0.41200000000000003,1.12
2014-11-30,21400246,PHX,90,0.556,1.51,ORL,93,0.368,0.97
2014-11-30,21400247,POR,107,0.765,2.87,MIN,93,0.267,1.15
2014-11-30,21400245,NYK,79,0.222,0.39,MIA,86,0.563,0.92
2014-11-30,21400243,DET,93,0.17600000000000002,0.2,GSW,104,0.875,0.89
2014-11-30,21400242,BKN,84,0.4,0.62,CHI,102,0.647,0.82
2014-11-30,21400241,BOS,89,0.28600000000000003,0.38,SAS,111,0.75,0.8
2014-11-30,21400244,SAC,85,0.529,0.6,MEM,97,0.882,0.88
2014-11-30,21400248,LAL,129,0.235,0.31,TOR,122,0.765,1.06
2014-12-01,21400252,LAC,127,0.706,2.82,MIN,101,0.25,1.26
2014-12-01,21400249,PHI,103,0.0,0.0,SAS,109,0.765,0.94
2014-12-01,21400251,UTA,101,0.278,0.53,DEN,103,0.529,0.98
2014-12-01,21400250,WAS,107,0.688,1.3,MIA,86,0.529,1.24
2014-12-02,21400261,SAC,109,0.5,0.64,TOR,117,0.778,0.93
2014-12-02,21400262,GSW,98,0.882,2.52,ORL,97,0.35,1.01
2014-12-02,21400258,NOP,112,0.5,1.8,OKC,104,0.278,1.08
2014-12-02,21400260,PHX,116,0.579,1.49,IND,99,0.389,1.17
2014-12-02,21400256,NYK,93,0.21100000000000002,0.48,BKN,98,0.43799999999999994,0.95
2014-12-02,21400254,ATL,109,0.625,2.34,BOS,105,0.267,1.04
2014-12-02,21400253,CLE,111,0.563,1.07,MIL,108,0.526,1.03
2014-12-02,21400257,CHI,129,0.611,0.83,DAL,132,0.737,0.98
2014-12-02,21400259,DEN,103,0.5,0.64,POR,105,0.778,0.98
2014-12-02,21400255,DET,96,0.16699999999999998,0.6,LAL,106,0.278,0.91
2014-12-03,21400267,MIA,102,0.5,0.77,ATL,112,0.647,0.91
2014-12-03,21400269,MIL,105,0.5,0.67,DAL,107,0.75,0.98
2014-12-03,21400268,HOU,105,0.778,0.93,MEM,96,0.833,1.09
2014-12-03,21400271,UTA,104,0.263,0.33,TOR,123,0.789,0.85
2014-12-03,21400270,MIN,77,0.235,4.2,PHI,85,0.055999999999999994,0.91
2014-12-03,21400272,LAC,114,0.722,2.17,ORL,86,0.33299999999999996,1.33
2014-12-03,21400263,CHA,95,0.21100000000000002,0.33,CHI,102,0.632,0.93
2014-12-03,21400264,WAS,111,0.706,2.68,LAL,95,0.263,1.17
2014-12-03,21400265,BOS,109,0.313,1.98,DET,102,0.158,1.07
2014-12-03,21400266,BKN,95,0.47100000000000003,0.65,SAS,93,0.722,1.02
2014-12-04,21400274,POR,88,0.789,2.14,IND,82,0.368,1.07
2014-12-04,21400275,GSW,112,0.889,1.89,NOP,85,0.47100000000000003,1.32
2014-12-04,21400273,NYK,87,0.2,0.34,CLE,90,0.588,0.97
2014-12-05,21400277,PHI,91,0.053,0.17,OKC,103,0.316,0.88
2014-12-05,21400280,BKN,75,0.444,0.67,ATL,98,0.667,0.77
2014-12-05,21400281,TOR,91,0.75,1.23,CLE,105,0.611,0.87
2014-12-05,21400283,MIN,112,0.222,0.28,HOU,114,0.789,0.98
2014-12-05,21400278,WAS,119,0.722,1.52,DEN,89,0.474,1.34
2014-12-05,21400285,MIL,109,0.524,1.11,MIA,85,0.474,1.28
2014-12-05,21400279,BOS,113,0.353,1.41,LAL,96,0.25,1.18
2014-12-05,21400287,SAC,102,0.526,1.5,IND,101,0.35,1.01
2014-12-05,21400282,MEM,101,0.789,1.07,SAS,107,0.737,0.94
2014-12-05,21400276,CHA,103,0.25,1.32,NYK,102,0.19,1.01
2014-12-05,21400286,UTA,93,0.25,0.69,ORL,98,0.364,0.95
2014-12-05,21400284,DAL,106,0.7140000000000001,1.19,PHX,118,0.6,0.9
2014-12-06,21400291,SAS,123,0.75,3.55,MIN,101,0.21100000000000002,1.22
2014-12-06,21400292,SAC,96,0.5,1.28,ORL,105,0.391,0.91
2014-12-06,21400290,HOU,100,0.8,1.4,PHX,95,0.5710000000000001,1.05
2014-12-06,21400288,DET,101,0.15,1.5,PHI,108,0.1,0.94
2014-12-06,21400293,LAC,120,0.737,1.66,NOP,100,0.444,1.2
2014-12-06,21400289,CHI,102,0.6,0.67,GSW,112,0.895,0.91
2014-12-07,21400298,DAL,125,0.727,1.45,MIL,102,0.5,1.23
2014-12-07,21400294,BOS,101,0.389,0.57,WAS,93,0.684,1.09
2014-12-07,21400297,DET,94,0.14300000000000002,0.41,OKC,96,0.35,0.98
2014-12-07,21400295,ATL,96,0.684,1.52,DEN,84,0.45,1.14
2014-12-07,21400300,LAL,87,0.23800000000000002,0.5,NOP,104,0.474,0.84
2014-12-07,21400299,NYK,99,0.182,0.23,POR,103,0.8,0.96
2014-12-07,21400296,MEM,103,0.8,1.78,MIA,87,0.45,1.18
2014-12-08,21400304,TOR,112,0.762,1.78,DEN,107,0.429,1.05
2014-12-08,21400303,BKN,88,0.42100000000000004,0.67,CLE,110,0.632,0.8
2014-12-08,21400306,SAC,101,0.524,2.2,UTA,92,0.23800000000000002,1.1
2014-12-08,21400305,MIN,86,0.2,0.22,GSW,102,0.9,0.84
2014-12-08,21400302,WAS,133,0.7,1.9,BOS,132,0.368,1.01
2014-12-08,21400301,IND,92,0.33299999999999996,0.48,ATL,108,0.7,0.85
2014-12-08,21400307,LAC,121,0.75,1.38,PHX,120,0.545,1.01
2014-12-09,21400310,MEM,114,0.81,1.16,DAL,105,0.696,1.09
2014-12-09,21400312,OKC,114,0.381,0.8,MIL,101,0.478,1.13
2014-12-09,21400315,LAL,98,0.273,0.55,SAC,95,0.5,1.03
2014-12-09,21400313,PHX,97,0.522,1.1,MIA,103,0.47600000000000003,0.94
2014-12-09,21400311,NOP,104,0.5,2.87,NYK,93,0.174,1.12
2014-12-09,21400308,CLE,105,0.65,0.89,TOR,101,0.727,1.04
2014-12-09,21400309,DET,86,0.136,0.17,POR,98,0.81,0.88
2014-12-09,21400314,UTA,100,0.273,0.38,SAS,96,0.7140000000000001,1.04
2014-12-10,21400321,MIN,90,0.23800000000000002,0.31,POR,82,0.773,1.1
2014-12-10,21400322,SAS,109,0.727,4.35,NYK,95,0.16699999999999998,1.15
2014-12-10,21400317,IND,96,0.318,0.42,LAC,103,0.762,0.93
2014-12-10,21400320,CHI,105,0.619,1.55,BKN,80,0.4,1.31
2014-12-10,21400316,CHA,96,0.28600000000000003,0.82,BOS,87,0.35,1.1
2014-12-10,21400325,DEN,102,0.455,1.0,MIA,82,0.455,1.24
2014-12-10,21400323,DAL,112,0.708,1.49,NOP,107,0.47600000000000003,1.05
2014-12-10,21400324,GSW,105,0.905,1.19,HOU,93,0.762,1.13
2014-12-10,21400318,ORL,89,0.375,0.53,WAS,91,0.7140000000000001,0.98
2014-12-10,21400319,ATL,95,0.7140000000000001,7.52,PHI,79,0.095,1.2
2014-12-11,21400326,OKC,103,0.409,0.66,CLE,94,0.619,1.1
2014-12-11,21400327,SAC,109,0.478,0.62,HOU,113,0.773,0.96
2014-12-12,21400332,BKN,88,0.429,4.71,PHI,70,0.091,1.26
2014-12-12,21400334,MEM,113,0.818,3.0,CHA,107,0.273,1.06
2014-12-12,21400331,BOS,95,0.33299999999999996,1.66,NYK,101,0.2,0.94
2014-12-12,21400328,CHI,115,0.636,0.86,POR,106,0.7390000000000001,1.08
2014-12-12,21400330,ATL,87,0.727,2.02,ORL,81,0.36,1.07
2014-12-12,21400339,SAS,110,0.696,2.29,LAL,112,0.304,0.98
2014-12-12,21400337,PHX,103,0.5,2.87,DET,105,0.174,0.98
2014-12-12,21400338,UTA,95,0.261,0.55,MIA,100,0.478,0.95
2014-12-12,21400329,WAS,104,0.727,1.0,LAC,96,0.727,1.08
2014-12-12,21400335,MIN,92,0.22699999999999998,0.52,OKC,111,0.435,0.83
2014-12-12,21400336,NOP,119,0.5,0.85,CLE,114,0.591,1.04
2014-12-12,21400333,TOR,106,0.7390000000000001,2.43,IND,94,0.304,1.13
2014-12-13,21400346,HOU,108,0.7829999999999999,1.8,DEN,96,0.435,1.12
2014-12-13,21400341,CHA,87,0.261,0.57,BKN,114,0.455,0.76
2014-12-13,21400343,ORL,100,0.385,0.55,ATL,99,0.696,1.01
2014-12-13,21400340,DAL,98,0.68,0.75,GSW,105,0.909,0.93
2014-12-13,21400342,IND,85,0.292,0.39,POR,95,0.75,0.89
2014-12-13,21400344,MIL,111,0.5,0.72,LAC,106,0.696,1.05
2014-12-13,21400345,PHI,115,0.087,0.11,MEM,120,0.826,0.96
2014-12-13,21400347,SAC,90,0.45799999999999996,2.2,DET,95,0.20800000000000002,0.95
2014-12-14,21400350,WAS,93,0.7390000000000001,2.96,UTA,84,0.25,1.11
2014-12-14,21400353,NYK,90,0.192,0.26,TOR,95,0.75,0.95
2014-12-14,21400348,NOP,122,0.478,0.52,GSW,128,0.9129999999999999,0.95
2014-12-14,21400349,MIA,75,0.45799999999999996,0.7,CHI,93,0.652,0.81
2014-12-14,21400351,MIN,94,0.217,0.65,LAL,100,0.33299999999999996,0.94
2014-12-14,21400352,OKC,112,0.45799999999999996,0.95,PHX,88,0.48,1.27
2014-12-14,21400354,DEN,91,0.41700000000000004,0.59,SAS,99,0.708,0.92
2014-12-15,21400358,ATL,93,0.708,1.13,CHI,86,0.625,1.08
2014-12-15,21400355,CLE,97,0.609,2.44,CHA,88,0.25,1.1
2014-12-15,21400359,TOR,95,0.76,2.05,ORL,82,0.37,1.16
2014-12-15,21400360,PHX,94,0.462,0.89,MIL,96,0.52,0.98
2014-12-15,21400357,PHI,87,0.083,0.23,BOS,105,0.364,0.83
2014-12-15,21400361,POR,108,0.76,1.12,SAS,95,0.68,1.14
2014-12-15,21400356,IND,110,0.32,1.0,LAL,91,0.32,1.21
2014-12-15,21400362,LAC,113,0.708,3.54,DET,91,0.2,1.24
2014-12-16,21400364,BKN,91,0.435,0.91,MIA,95,0.48,0.96
2014-12-16,21400366,NOP,119,0.5,2.08,UTA,111,0.24,1.07
2014-12-16,21400368,SAC,92,0.44,0.92,OKC,104,0.48,0.88
2014-12-16,21400365,MEM,105,0.833,0.95,GSW,98,0.875,1.07
2014-12-16,21400363,WAS,109,0.75,3.61,MIN,95,0.20800000000000002,1.15
2014-12-16,21400367,NYK,87,0.185,0.27,DAL,107,0.6920000000000001,0.81
2014-12-17,21400375,SAS,116,0.654,0.78,MEM,117,0.84,0.99
2014-12-17,21400377,LAC,102,0.72,2.34,IND,100,0.308,1.02
2014-12-17,21400373,MIA,87,0.462,1.72,UTA,105,0.26899999999999996,0.83
2014-12-17,21400372,DET,106,0.192,0.27,DAL,117,0.7040000000000001,0.91
2014-12-17,21400376,POR,104,0.769,1.54,MIL,97,0.5,1.07
2014-12-17,21400370,CLE,98,0.583,0.81,ATL,127,0.72,0.77
2014-12-17,21400378,DEN,111,0.4,0.51,HOU,115,0.792,0.97
2014-12-17,21400371,BOS,109,0.391,1.1,ORL,92,0.35700000000000004,1.18
2014-12-17,21400369,CHA,106,0.24,0.5,PHX,111,0.48100000000000004,0.95
2014-12-17,21400374,TOR,105,0.769,1.84,BKN,89,0.41700000000000004,1.18
2014-12-18,21400382,GSW,114,0.88,1.9,OKC,109,0.462,1.05
2014-12-18,21400381,SAC,107,0.423,0.82,MIL,108,0.519,0.99
2014-12-18,21400380,HOU,90,0.76,1.46,NOP,99,0.52,0.91
2014-12-18,21400379,CHI,103,0.64,3.58,NYK,97,0.179,1.06
2014-12-19,21400383,ORL,94,0.345,1.17,UTA,101,0.29600000000000004,0.93
2014-12-19,21400384,PHI,91,0.08,0.3,CHA,109,0.26899999999999996,0.83
2014-12-19,21400391,DEN,109,0.423,0.61,LAC,106,0.6920000000000001,1.03
2014-12-19,21400390,SAS,119,0.63,0.81,POR,129,0.778,0.92
2014-12-19,21400386,CLE,95,0.6,1.5,BKN,91,0.4,1.04
2014-12-19,21400388,MIA,103,0.444,0.58,WAS,105,0.76,0.98
2014-12-19,21400387,DET,100,0.185,0.24,TOR,110,0.778,0.91
2014-12-19,21400385,BOS,114,0.41700000000000004,2.08,MIN,98,0.2,1.16
2014-12-19,21400392,LAL,103,0.308,0.64,OKC,104,0.48100000000000004,0.99
2014-12-19,21400389,MEM,97,0.8079999999999999,1.24,CHI,103,0.654,0.94
2014-12-20,21400399,LAC,106,0.7040000000000001,1.41,MIL,102,0.5,1.04
2014-12-20,21400394,NOP,88,0.5,0.64,POR,114,0.7859999999999999,0.77
2014-12-20,21400397,DAL,99,0.7140000000000001,1.18,SAS,93,0.607,1.06
2014-12-20,21400395,CHA,104,0.29600000000000004,1.03,UTA,86,0.28600000000000003,1.21
2014-12-20,21400398,DEN,76,0.444,1.5,IND,73,0.29600000000000004,1.04
2014-12-20,21400393,NYK,90,0.172,0.34,PHX,99,0.5,0.91
2014-12-20,21400396,HOU,97,0.731,1.0,ATL,104,0.731,0.93
2014-12-21,21400400,TOR,118,0.7859999999999999,4.71,NYK,108,0.16699999999999998,1.09
2014-12-21,21400404,MIA,100,0.46399999999999997,1.16,BOS,84,0.4,1.19
2014-12-21,21400401,CLE,105,0.615,0.79,MEM,91,0.778,1.15
2014-12-21,21400408,OKC,99,0.46399999999999997,0.89,NOP,101,0.519,0.98
2014-12-21,21400407,MIN,96,0.192,0.6,IND,100,0.321,0.96
2014-12-21,21400406,WAS,92,0.731,1.41,PHX,104,0.517,0.88
2014-12-21,21400403,BKN,110,0.423,2.36,DET,105,0.179,1.05
2014-12-21,21400402,SAC,108,0.444,1.5,LAL,101,0.29600000000000004,1.07
2014-12-21,21400405,ORL,88,0.33299999999999996,2.9,PHI,96,0.115,0.92
2014-12-22,21400411,HOU,110,0.741,0.98,POR,95,0.759,1.16
2014-12-22,21400410,CHI,129,0.667,0.88,TOR,120,0.759,1.08
2014-12-22,21400414,SAS,125,0.621,0.91,LAC,118,0.679,1.06
2014-12-22,21400415,GSW,128,0.885,2.06,SAC,108,0.429,1.19
2014-12-22,21400413,DAL,102,0.69,0.93,ATL,105,0.741,0.97
2014-12-22,21400409,CHA,110,0.321,0.75,DEN,82,0.429,1.34
2014-12-22,21400412,MEM,91,0.75,2.42,UTA,97,0.31,0.94
2014-12-23,21400424,OKC,111,0.44799999999999995,0.58,POR,115,0.767,0.97
2014-12-23,21400419,WAS,91,0.7040000000000001,1.04,CHI,99,0.679,0.92
2014-12-23,21400416,CLE,125,0.63,3.41,MIN,104,0.185,1.2
2014-12-23,21400426,LAL,115,0.321,0.38,GSW,105,0.852,1.1
2014-12-23,21400418,ORL,100,0.355,0.92,BOS,95,0.385,1.05
2014-12-23,21400417,IND,96,0.345,0.69,NOP,84,0.5,1.14
2014-12-23,21400421,BKN,102,0.444,1.07,DEN,96,0.414,1.06
2014-12-23,21400423,MIL,101,0.483,1.4,CHA,108,0.345,0.94
2014-12-23,21400422,MIA,87,0.44799999999999995,3.03,PHI,91,0.14800000000000002,0.96
2014-12-23,21400420,ATL,107,0.75,1.15,LAC,104,0.655,1.03
2014-12-23,21400425,PHX,124,0.5329999999999999,0.8,DAL,115,0.667,1.08
2014-12-25,21400428,SAS,106,0.6,1.28,OKC,114,0.467,0.93
2014-12-25,21400427,NYK,91,0.161,0.23,WAS,102,0.7140000000000001,0.89
2014-12-25,21400430,CHI,113,0.69,2.23,LAL,93,0.31,1.22
2014-12-25,21400431,LAC,100,0.667,0.81,GSW,86,0.821,1.16
2014-12-25,21400429,MIA,101,0.467,0.77,CLE,91,0.607,1.11
2014-12-26,21400438,OKC,98,0.484,1.45,CHA,75,0.33299999999999996,1.31
2014-12-26,21400439,DAL,102,0.677,2.26,LAL,98,0.3,1.04
2014-12-26,21400440,DEN,106,0.433,2.42,MIN,102,0.179,1.04
2014-12-26,21400442,SAC,106,0.414,0.76,PHX,115,0.5479999999999999,0.92
2014-12-26,21400432,BOS,107,0.37,0.8,BKN,109,0.46399999999999997,0.98
2014-12-26,21400436,MEM,111,0.7240000000000001,0.97,HOU,117,0.75,0.95
2014-12-26,21400434,ATL,77,0.7240000000000001,1.45,MIL,107,0.5,0.72
2014-12-26,21400433,ORL,89,0.344,0.55,CLE,98,0.621,0.91
2014-12-26,21400437,NOP,97,0.517,0.89,SAS,90,0.581,1.08
2014-12-26,21400435,DET,119,0.207,0.62,IND,109,0.33299999999999996,1.09
2014-12-26,21400441,POR,114,0.774,5.41,PHI,93,0.14300000000000002,1.23
2014-12-27,21400443,LAC,98,0.645,0.84,TOR,110,0.767,0.89
2014-12-27,21400449,MIL,85,0.484,0.66,ATL,90,0.733,0.94
2014-12-27,21400451,SAC,135,0.433,2.78,NYK,129,0.156,1.05
2014-12-27,21400445,WAS,101,0.7240000000000001,2.03,BOS,88,0.35700000000000004,1.15
2014-12-27,21400452,GSW,110,0.828,4.81,MIN,97,0.172,1.13
2014-12-27,21400446,MIA,95,0.452,0.62,MEM,103,0.733,0.92
2014-12-27,21400444,CHA,94,0.32299999999999995,0.89,ORL,102,0.364,0.92
2014-12-27,21400447,CHI,107,0.7,1.4,NOP,100,0.5,1.07
2014-12-27,21400450,UTA,88,0.33299999999999996,2.41,PHI,71,0.138,1.24
2014-12-27,21400448,BKN,85,0.44799999999999995,1.26,IND,110,0.355,0.77
2014-12-28,21400453,CLE,80,0.6,2.58,DET,103,0.233,0.78
2014-12-28,21400457,DEN,102,0.419,0.54,TOR,116,0.774,0.88
2014-12-28,21400455,DAL,112,0.688,1.47,OKC,107,0.469,1.05
2014-12-28,21400458,LAL,107,0.29,0.52,PHX,116,0.563,0.92
2014-12-28,21400456,POR,101,0.7809999999999999,5.14,NYK,79,0.152,1.28
2014-12-28,21400454,SAS,110,0.594,0.82,HOU,106,0.7240000000000001,1.04
2014-12-29,21400461,BKN,107,0.467,1.11,SAC,99,0.419,1.08
2014-12-29,21400464,LAC,101,0.6559999999999999,2.03,UTA,97,0.32299999999999995,1.04
2014-12-29,21400462,MIA,101,0.43799999999999994,1.15,ORL,102,0.382,0.99
2014-12-29,21400460,IND,90,0.344,0.48,CHI,92,0.71,0.98
2014-12-29,21400463,HOU,103,0.7,0.95,WAS,104,0.733,0.99
2014-12-29,21400459,CHA,94,0.313,0.63,MIL,104,0.5,0.9
2014-12-30,21400471,DEN,103,0.406,1.3,LAL,111,0.313,0.93
2014-12-30,21400473,POR,102,0.7879999999999999,1.05,TOR,97,0.75,1.05
2014-12-30,21400465,ORL,86,0.371,1.44,DET,109,0.258,0.79
2014-12-30,21400474,GSW,126,0.833,6.26,PHI,86,0.133,1.47
2014-12-30,21400467,CHI,82,0.688,1.42,BKN,96,0.484,0.85
2014-12-30,21400466,ATL,109,0.742,1.28,CLE,101,0.581,1.08
2014-12-30,21400469,NOP,110,0.516,0.95,PHX,106,0.545,1.04
2014-12-30,21400472,UTA,100,0.344,2.06,MIN,94,0.16699999999999998,1.06
2014-12-30,21400468,MEM,95,0.742,1.29,SAS,87,0.5760000000000001,1.09
2014-12-30,21400470,DAL,114,0.6970000000000001,0.98,WAS,87,0.71,1.31
2014-12-31,21400481,SAS,95,0.588,1.18,NOP,93,0.5,1.02
2014-12-31,21400475,BOS,106,0.379,0.93,SAC,84,0.406,1.26
2014-12-31,21400476,IND,106,0.364,0.86,MIA,95,0.424,1.12
2014-12-31,21400478,HOU,102,0.71,2.34,CHA,83,0.303,1.23
2014-12-31,21400480,OKC,137,0.485,0.92,PHX,134,0.529,1.02
2014-12-31,21400479,CLE,80,0.563,1.09,MIL,96,0.515,0.83
2014-12-31,21400477,LAC,99,0.667,4.54,NYK,78,0.147,1.27
2015-01-01,21400483,MIN,107,0.161,0.38,SAC,110,0.424,0.97
2015-01-01,21400482,CHI,106,0.6970000000000001,1.77,DEN,101,0.39399999999999996,1.05
2015-01-02,21400491,PHX,112,0.5429999999999999,4.21,PHI,96,0.129,1.17
2015-01-02,21400489,OKC,109,0.5,0.73,WAS,102,0.688,1.07
2015-01-02,21400493,GSW,126,0.8390000000000001,1.15,TOR,105,0.727,1.2
2015-01-02,21400488,NOP,111,0.515,0.75,HOU,83,0.688,1.34
2015-01-02,21400486,BOS,101,0.36700000000000005,0.52,DAL,119,0.706,0.85
2015-01-02,21400490,MIL,91,0.5,1.31,IND,94,0.382,0.97
2015-01-02,21400494,LAL,106,0.303,0.4,MEM,109,0.75,0.97
2015-01-02,21400492,UTA,92,0.33299999999999996,0.44,ATL,98,0.75,0.94
2015-01-02,21400487,NYK,81,0.14300000000000002,0.51,DET,97,0.281,0.84
2015-01-02,21400484,CHA,87,0.294,0.51,CLE,91,0.5760000000000001,0.96
2015-01-02,21400485,ORL,98,0.361,0.72,BKN,100,0.5,0.98
2015-01-03,21400498,MIN,89,0.156,0.44,UTA,101,0.353,0.88
2015-01-03,21400501,POR,107,0.765,1.01,ATL,115,0.758,0.93
2015-01-03,21400497,HOU,115,0.6970000000000001,1.69,MIA,79,0.41200000000000003,1.46
2015-01-03,21400496,CHI,109,0.706,1.99,BOS,104,0.355,1.05
2015-01-03,21400502,LAC,127,0.6759999999999999,5.41,PHI,91,0.125,1.4
2015-01-03,21400495,ORL,90,0.35100000000000003,1.12,CHA,98,0.314,0.92
2015-01-03,21400499,SAS,101,0.6,0.9,WAS,92,0.667,1.1
2015-01-03,21400500,DEN,114,0.41200000000000003,0.57,MEM,85,0.727,1.34
2015-01-04,21400507,PHX,125,0.556,0.79,TOR,109,0.706,1.15
2015-01-04,21400506,NYK,82,0.139,0.27,MIL,95,0.514,0.86
2015-01-04,21400503,CLE,90,0.5589999999999999,0.78,DAL,109,0.7140000000000001,0.83
2015-01-04,21400508,LAL,88,0.324,0.87,IND,87,0.371,1.01
2015-01-04,21400504,DET,114,0.303,0.74,SAC,95,0.41200000000000003,1.2
2015-01-04,21400505,MIA,88,0.429,0.88,BKN,84,0.485,1.05
2015-01-05,21400517,POR,98,0.7709999999999999,2.46,LAL,94,0.314,1.04
2015-01-05,21400514,MIN,101,0.152,0.35,DEN,110,0.429,0.92
2015-01-05,21400510,BOS,95,0.344,1.03,CHA,104,0.33299999999999996,0.91
2015-01-05,21400513,MEM,105,0.735,5.44,NYK,83,0.135,1.27
2015-01-05,21400516,UTA,101,0.34299999999999997,0.88,IND,105,0.389,0.96
2015-01-05,21400509,PHI,95,0.152,0.28,CLE,92,0.5429999999999999,1.03
2015-01-05,21400511,BKN,88,0.47100000000000003,0.65,DAL,96,0.722,0.92
2015-01-05,21400518,GSW,117,0.8440000000000001,1.74,OKC,91,0.486,1.29
2015-01-05,21400515,NOP,85,0.5,0.74,WAS,92,0.6759999999999999,0.92
2015-01-05,21400512,CHI,114,0.7140000000000001,1.06,HOU,105,0.6759999999999999,1.09
2015-01-05,21400519,LAC,98,0.657,0.86,ATL,107,0.765,0.92
2015-01-06,21400520,MIL,96,0.5,0.88,PHX,102,0.568,0.94
2015-01-06,21400521,SAS,104,0.583,1.8,DET,105,0.324,0.99
2015-01-07,21400528,CHI,77,0.6940000000000001,1.92,UTA,97,0.361,0.79
2015-01-07,21400526,ATL,96,0.7709999999999999,1.08,MEM,86,0.7140000000000001,1.12
2015-01-07,21400531,MIN,111,0.147,0.25,PHX,113,0.579,0.98
2015-01-07,21400532,SAC,104,0.429,0.91,OKC,83,0.47200000000000003,1.25
2015-01-07,21400524,PHI,77,0.147,0.29,MIL,97,0.514,0.79
2015-01-07,21400530,DEN,93,0.444,1.3,ORL,90,0.342,1.03
2015-01-07,21400527,BKN,81,0.457,1.26,BOS,89,0.364,0.91
2015-01-07,21400525,WAS,101,0.6859999999999999,5.2,NYK,91,0.132,1.11
2015-01-07,21400533,GSW,117,0.848,2.24,IND,102,0.37799999999999995,1.15
2015-01-07,21400522,CHA,98,0.35100000000000003,0.72,NOP,94,0.486,1.04
2015-01-07,21400534,LAC,114,0.667,2.18,LAL,89,0.306,1.28
2015-01-07,21400523,CLE,93,0.528,0.77,HOU,105,0.6859999999999999,0.89
2015-01-07,21400529,DAL,95,0.703,2.05,DET,108,0.34299999999999997,0.88
2015-01-08,21400536,NYK,96,0.128,0.18,HOU,120,0.6940000000000001,0.8
2015-01-08,21400535,TOR,95,0.6859999999999999,1.86,CHA,103,0.368,0.92
2015-01-08,21400537,POR,99,0.778,1.87,MIA,83,0.41700000000000004,1.19
2015-01-09,21400538,IND,107,0.395,1.12,BOS,103,0.353,1.04
2015-01-09,21400540,DET,103,0.33299999999999996,0.43,ATL,106,0.778,0.97
2015-01-09,21400545,SAS,100,0.595,1.05,PHX,95,0.564,1.05
2015-01-09,21400543,WAS,102,0.6940000000000001,1.03,CHI,86,0.6759999999999999,1.19
2015-01-09,21400547,GSW,112,0.853,1.66,CLE,94,0.514,1.19
2015-01-09,21400539,BKN,88,0.444,2.6,PHI,90,0.171,0.98
2015-01-09,21400542,OKC,99,0.486,1.38,UTA,94,0.35100000000000003,1.05
2015-01-09,21400548,LAL,101,0.324,0.97,ORL,84,0.33299999999999996,1.2
2015-01-09,21400541,NOP,106,0.5,0.72,MEM,95,0.6940000000000001,1.12
2015-01-09,21400544,MIL,98,0.526,3.68,MIN,84,0.14300000000000002,1.17
2015-01-09,21400546,SAC,108,0.41700000000000004,0.91,DEN,118,0.45899999999999996,0.92
2015-01-10,21400554,CHI,95,0.684,1.33,MIL,87,0.513,1.09
2015-01-10,21400550,LAC,120,0.6759999999999999,0.99,DAL,100,0.684,1.2
2015-01-10,21400555,HOU,97,0.703,2.06,UTA,82,0.342,1.18
2015-01-10,21400552,PHI,93,0.19399999999999998,0.5,IND,92,0.385,1.01
2015-01-10,21400553,TOR,109,0.6940000000000001,2.02,BOS,96,0.34299999999999997,1.14
2015-01-10,21400557,POR,103,0.784,2.41,ORL,92,0.325,1.12
2015-01-10,21400549,NYK,82,0.125,0.32,CHA,110,0.385,0.75
2015-01-10,21400551,DET,98,0.35100000000000003,0.81,BKN,93,0.43200000000000005,1.05
2015-01-10,21400556,MIN,93,0.139,0.23,SAS,108,0.605,0.86
2015-01-11,21400561,SAC,103,0.43200000000000005,0.86,CLE,84,0.5,1.23
2015-01-11,21400558,ATL,120,0.784,1.16,WAS,89,0.6759999999999999,1.35
2015-01-11,21400559,LAC,90,0.6579999999999999,1.52,MIA,104,0.43200000000000005,0.87
2015-01-11,21400560,MEM,122,0.703,1.28,PHX,110,0.55,1.11
2015-01-11,21400562,LAL,94,0.316,0.4,POR,106,0.789,0.89
2015-01-12,21400566,CHI,114,0.667,1.96,ORL,121,0.341,0.94
2015-01-12,21400563,BOS,108,0.361,0.74,NOP,100,0.486,1.08
2015-01-12,21400565,TOR,111,0.6759999999999999,1.84,DET,114,0.368,0.97
2015-01-12,21400564,BKN,99,0.42100000000000004,0.59,HOU,113,0.711,0.88
2015-01-13,21400571,UTA,105,0.33299999999999996,0.39,GSW,116,0.857,0.91
2015-01-13,21400572,SAC,104,0.42100000000000004,0.61,DAL,108,0.6920000000000001,0.96
2015-01-13,21400573,LAL,75,0.308,0.69,MIA,78,0.447,0.96
2015-01-13,21400567,IND,101,0.375,2.31,MIN,110,0.162,0.92
2015-01-13,21400570,PHX,107,0.561,1.15,CLE,100,0.48700000000000004,1.07
2015-01-13,21400569,WAS,101,0.684,1.16,SAS,93,0.59,1.09
2015-01-13,21400568,PHI,87,0.18899999999999997,0.24,ATL,105,0.789,0.83
2015-01-14,21400578,TOR,100,0.684,3.72,PHI,84,0.184,1.19
2015-01-14,21400575,ORL,120,0.35700000000000004,0.52,HOU,113,0.6920000000000001,1.06
2015-01-14,21400577,DET,94,0.359,0.72,NOP,105,0.5,0.9
2015-01-14,21400582,GSW,104,0.861,1.97,MIA,89,0.436,1.17
2015-01-14,21400580,BOS,91,0.35100000000000003,0.44,ATL,105,0.795,0.87
2015-01-14,21400579,CHI,99,0.65,0.94,WAS,105,0.6920000000000001,0.94
2015-01-14,21400574,CHA,93,0.375,0.62,SAS,98,0.6,0.95
2015-01-14,21400581,DEN,114,0.474,0.7,DAL,107,0.675,1.07
2015-01-14,21400583,POR,94,0.769,1.15,LAC,100,0.667,0.94
2015-01-14,21400576,BKN,92,0.41,0.58,MEM,103,0.711,0.89
2015-01-15,21400584,HOU,112,0.7,1.48,OKC,101,0.474,1.11
2015-01-15,21400585,MIL,95,0.525,4.3,NYK,79,0.122,1.2
2015-01-15,21400586,LAL,102,0.3,0.6,CLE,109,0.5,0.94
2015-01-16,21400599,LAC,121,0.65,1.27,CLE,126,0.512,0.96
2015-01-16,21400589,PHI,96,0.205,0.42,NOP,81,0.48700000000000004,1.19
2015-01-16,21400591,BOS,103,0.342,0.52,CHI,119,0.659,0.87
2015-01-16,21400592,TOR,89,0.667,0.83,ATL,110,0.8,0.81
2015-01-16,21400595,SAS,110,0.61,0.81,POR,96,0.75,1.15
2015-01-16,21400598,SAC,83,0.41,0.91,MIA,95,0.45,0.87
2015-01-16,21400597,UTA,94,0.35,1.19,LAL,85,0.293,1.11
2015-01-16,21400588,ORL,96,0.349,0.49,MEM,106,0.718,0.91
2015-01-16,21400590,WAS,80,0.675,1.59,BKN,102,0.425,0.78
2015-01-16,21400596,PHX,110,0.5710000000000001,3.61,MIN,99,0.158,1.11
2015-01-16,21400587,IND,96,0.366,0.98,DET,98,0.375,0.98
2015-01-16,21400594,DAL,97,0.6829999999999999,1.48,DEN,89,0.462,1.09
2015-01-16,21400593,OKC,127,0.48700000000000004,0.58,GSW,115,0.838,1.1
2015-01-17,21400603,HOU,106,0.6829999999999999,0.81,GSW,131,0.8420000000000001,0.81
2015-01-17,21400604,MEM,102,0.725,0.99,POR,98,0.732,1.04
2015-01-17,21400600,CHA,80,0.39,1.09,IND,71,0.35700000000000004,1.13
2015-01-17,21400607,SAC,108,0.4,0.61,LAC,117,0.659,0.92
2015-01-17,21400602,CHI,99,0.643,0.8,ATL,107,0.805,0.93
2015-01-17,21400606,DEN,105,0.45,2.51,MIN,113,0.179,0.93
2015-01-17,21400601,DET,107,0.39,1.95,PHI,89,0.2,1.2
2015-01-17,21400605,BKN,90,0.415,0.61,WAS,99,0.6829999999999999,0.91
2015-01-18,21400608,TOR,93,0.65,1.3,NOP,95,0.5,0.98
2015-01-18,21400609,ORL,99,0.341,0.68,OKC,127,0.5,0.78
2015-01-18,21400610,SAS,89,0.619,1.82,UTA,69,0.341,1.29
2015-01-19,21400618,NYK,99,0.14300000000000002,0.29,NOP,92,0.488,1.08
2015-01-19,21400613,ATL,93,0.81,2.13,DET,82,0.381,1.13
2015-01-19,21400611,CHA,105,0.405,2.31,MIN,80,0.175,1.31
2015-01-19,21400619,MIL,89,0.512,0.78,TOR,92,0.659,0.97
2015-01-19,21400615,GSW,122,0.846,1.93,DEN,79,0.439,1.54
2015-01-19,21400614,LAC,102,0.667,2.0,BOS,93,0.33299999999999996,1.1
2015-01-19,21400612,WAS,111,0.69,3.54,PHI,76,0.195,1.46
2015-01-19,21400621,POR,98,0.738,1.89,SAC,94,0.39,1.04
2015-01-19,21400617,HOU,110,0.69,1.98,IND,98,0.349,1.12
2015-01-19,21400620,CLE,108,0.524,0.83,CHI,94,0.628,1.15
2015-01-19,21400622,PHX,115,0.581,2.03,LAL,100,0.28600000000000003,1.15
2015-01-19,21400616,MEM,95,0.7070000000000001,1.02,DAL,103,0.69,0.92
2015-01-20,21400624,DEN,99,0.429,0.68,SAS,109,0.628,0.91
2015-01-20,21400623,MIA,86,0.439,0.86,OKC,94,0.512,0.91
2015-01-21,21400628,ATL,110,0.8140000000000001,2.39,IND,91,0.341,1.21
2015-01-21,21400627,PHI,91,0.19,1.17,NYK,98,0.163,0.93
2015-01-21,21400632,NOP,96,0.5,1.79,LAL,80,0.27899999999999997,1.2
2015-01-21,21400633,WAS,103,0.674,1.29,OKC,105,0.524,0.98
2015-01-21,21400626,CLE,106,0.535,1.61,UTA,92,0.33299999999999996,1.15
2015-01-21,21400631,MIN,75,0.171,0.24,DAL,98,0.698,0.77
2015-01-21,21400634,PHX,118,0.591,0.82,POR,113,0.721,1.04
2015-01-21,21400625,CHA,78,0.419,0.98,MIA,76,0.429,1.03
2015-01-21,21400636,GSW,126,0.85,1.26,HOU,113,0.674,1.12
2015-01-21,21400629,DET,128,0.395,1.19,ORL,118,0.33299999999999996,1.08
2015-01-21,21400635,SAC,100,0.381,0.89,BKN,103,0.429,0.97
2015-01-21,21400630,MEM,92,0.7140000000000001,1.11,TOR,86,0.643,1.07
2015-01-22,21400639,POR,89,0.705,2.01,BOS,90,0.35,0.99
2015-01-22,21400637,CHI,104,0.636,1.04,SAS,81,0.614,1.28
2015-01-22,21400638,MIL,99,0.5,1.43,UTA,101,0.349,0.98
2015-01-22,21400640,LAC,123,0.674,1.61,BKN,84,0.419,1.46
2015-01-23,21400646,DAL,98,0.682,1.06,CHI,102,0.644,0.96
2015-01-23,21400651,GSW,126,0.8540000000000001,2.3,SAC,101,0.37200000000000005,1.25
2015-01-23,21400641,PHI,86,0.18600000000000003,0.29,TOR,91,0.6509999999999999,0.95
2015-01-23,21400648,SAS,99,0.622,2.28,LAL,85,0.273,1.16
2015-01-23,21400643,CLE,129,0.545,1.33,CHA,90,0.409,1.43
2015-01-23,21400649,DEN,99,0.419,1.14,BOS,100,0.366,0.99
2015-01-23,21400642,ATL,103,0.818,1.6,OKC,93,0.512,1.11
2015-01-23,21400650,PHX,111,0.578,0.85,HOU,113,0.682,0.98
2015-01-23,21400647,MIN,84,0.16699999999999998,0.33,NOP,92,0.512,0.91
2015-01-23,21400644,MIA,89,0.442,1.33,IND,87,0.33299999999999996,1.02
2015-01-23,21400645,NYK,113,0.182,0.56,ORL,106,0.326,1.07
2015-01-24,21400656,POR,103,0.711,1.08,WAS,96,0.659,1.07
2015-01-24,21400653,MIL,101,0.512,1.33,DET,86,0.386,1.17
2015-01-24,21400652,CHA,76,0.42200000000000004,2.37,NYK,71,0.17800000000000002,1.07
2015-01-24,21400654,MEM,101,0.721,3.96,PHI,83,0.182,1.22
2015-01-24,21400655,UTA,108,0.364,0.89,BKN,73,0.409,1.48
2015-01-25,21400667,LAL,87,0.267,0.39,HOU,99,0.6890000000000001,0.88
2015-01-25,21400666,DEN,115,0.409,0.61,WAS,117,0.667,0.98
2015-01-25,21400663,SAS,101,0.63,1.26,MIL,95,0.5,1.06
2015-01-25,21400665,GSW,114,0.857,2.4,BOS,111,0.35700000000000004,1.03
2015-01-25,21400662,ORL,99,0.319,0.92,IND,106,0.348,0.93
2015-01-25,21400659,PHX,100,0.565,0.83,LAC,120,0.682,0.83
2015-01-25,21400658,CLE,108,0.556,1.11,OKC,98,0.5,1.1
2015-01-25,21400657,CHI,84,0.63,1.38,MIA,96,0.455,0.88
2015-01-25,21400661,ATL,112,0.8220000000000001,5.04,MIN,100,0.163,1.12
2015-01-25,21400664,TOR,114,0.659,1.74,DET,110,0.37799999999999995,1.04
2015-01-25,21400660,NOP,109,0.523,0.78,DAL,106,0.667,1.03
2015-01-26,21400671,NOP,99,0.5329999999999999,2.99,PHI,74,0.17800000000000002,1.34
2015-01-26,21400673,UTA,90,0.35600000000000004,0.96,BOS,99,0.37200000000000005,0.91
2015-01-26,21400670,MEM,103,0.727,2.32,ORL,94,0.313,1.1
2015-01-26,21400674,LAC,102,0.6890000000000001,1.72,DEN,98,0.4,1.04
2015-01-26,21400672,OKC,92,0.511,3.21,MIN,84,0.159,1.1
2015-01-27,21400676,DET,95,0.37,0.65,CLE,103,0.565,0.92
2015-01-27,21400680,LAL,92,0.261,0.39,WAS,98,0.674,0.94
2015-01-27,21400678,DAL,90,0.652,0.89,MEM,109,0.733,0.83
2015-01-27,21400675,IND,91,0.34,0.51,TOR,104,0.667,0.88
2015-01-27,21400677,MIA,102,0.444,0.87,MIL,109,0.511,0.94
2015-01-27,21400679,GSW,111,0.8370000000000001,1.31,CHI,113,0.638,0.98
2015-01-28,21400682,PHI,89,0.196,0.54,DET,69,0.36200000000000004,1.29
2015-01-28,21400688,NYK,100,0.196,0.39,OKC,92,0.5,1.09
2015-01-28,21400683,ATL,113,0.826,2.06,BKN,102,0.4,1.11
2015-01-28,21400685,HOU,99,0.696,1.09,DAL,94,0.638,1.05
2015-01-28,21400681,CLE,99,0.574,0.82,POR,94,0.696,1.05
2015-01-28,21400686,MIN,110,0.17800000000000002,0.49,BOS,98,0.364,1.12
2015-01-28,21400691,PHX,106,0.574,0.87,WAS,98,0.66,1.08
2015-01-28,21400684,TOR,119,0.674,1.85,SAC,102,0.364,1.17
2015-01-28,21400687,NOP,85,0.522,1.26,DEN,93,0.413,0.91
2015-01-28,21400690,UTA,89,0.348,0.5,LAC,94,0.696,0.95
2015-01-28,21400689,SAS,95,0.638,1.54,CHA,86,0.413,1.1
2015-01-29,21400692,ORL,100,0.306,0.59,MIL,115,0.522,0.87
2015-01-29,21400694,IND,103,0.354,1.85,NYK,82,0.191,1.26
2015-01-29,21400693,MEM,99,0.7390000000000001,1.83,DEN,69,0.40399999999999997,1.43
2015-01-29,21400695,LAL,123,0.27699999999999997,0.44,CHI,118,0.625,1.04
2015-01-30,21400697,ATL,105,0.83,1.22,POR,99,0.6809999999999999,1.06
2015-01-30,21400699,BKN,122,0.391,0.57,TOR,127,0.6809999999999999,0.96
2015-01-30,21400696,PHI,103,0.213,1.22,MIN,94,0.174,1.1
2015-01-30,21400701,NOP,108,0.532,0.78,LAC,103,0.6809999999999999,1.05
2015-01-30,21400703,UTA,110,0.36200000000000004,0.44,GSW,100,0.818,1.1
2015-01-30,21400702,MIA,72,0.435,0.67,DAL,93,0.6459999999999999,0.77
2015-01-30,21400704,PHX,99,0.583,0.95,CHI,93,0.612,1.06
2015-01-30,21400700,CLE,101,0.583,1.64,SAC,90,0.35600000000000004,1.12
2015-01-30,21400698,BOS,87,0.35600000000000004,0.51,HOU,93,0.7020000000000001,0.94
2015-01-31,21400705,IND,94,0.34700000000000003,0.94,SAC,99,0.37,0.95
2015-01-31,21400709,DET,114,0.375,0.55,HOU,101,0.688,1.13
2015-01-31,21400711,MIN,90,0.17,0.29,CLE,106,0.5920000000000001,0.85
2015-01-31,21400707,WAS,116,0.6459999999999999,0.94,TOR,120,0.688,0.97
2015-01-31,21400706,ORL,93,0.3,0.46,DAL,108,0.653,0.86
2015-01-31,21400710,MEM,85,0.745,1.52,OKC,74,0.489,1.15
2015-01-31,21400714,SAS,85,0.625,0.91,LAC,105,0.688,0.81
2015-01-31,21400712,MIL,95,0.532,0.8,POR,88,0.667,1.08
2015-01-31,21400708,ATL,91,0.833,4.0,PHI,85,0.20800000000000002,1.07
2015-01-31,21400715,GSW,106,0.8220000000000001,1.44,PHX,87,0.5710000000000001,1.22
2015-01-31,21400713,DEN,86,0.396,0.93,CHA,104,0.426,0.83
2015-02-01,21400717,NYK,92,0.20800000000000002,0.77,LAL,80,0.271,1.15
2015-02-01,21400716,BOS,75,0.348,0.78,MIA,83,0.447,0.9
2015-02-02,21400718,CLE,97,0.6,2.94,PHI,84,0.204,1.15
2015-02-02,21400725,PHX,101,0.56,0.75,MEM,102,0.75,0.99
2015-02-02,21400723,OKC,104,0.5,1.7,ORL,97,0.294,1.07
2015-02-02,21400721,TOR,75,0.6729999999999999,1.24,MIL,82,0.542,0.91
2015-02-02,21400720,BKN,102,0.40399999999999997,0.6,LAC,100,0.6729999999999999,1.02
2015-02-02,21400719,WAS,88,0.633,1.45,CHA,92,0.43799999999999994,0.96
2015-02-02,21400722,NOP,115,0.542,0.66,ATL,100,0.816,1.15
2015-02-02,21400724,DAL,100,0.66,3.95,MIN,94,0.16699999999999998,1.06
2015-02-03,21400729,POR,103,0.6729999999999999,1.9,UTA,102,0.354,1.01
2015-02-03,21400727,DET,108,0.38799999999999996,0.89,MIA,91,0.43799999999999994,1.19
2015-02-03,21400728,NYK,97,0.204,0.56,BOS,108,0.36200000000000004,0.9
2015-02-03,21400726,PHI,105,0.22,0.57,DEN,98,0.38799999999999996,1.07
2015-02-03,21400730,SAC,96,0.36200000000000004,0.44,GSW,121,0.826,0.79
2015-02-04,21400732,ATL,105,0.82,1.32,WAS,96,0.62,1.09
2015-02-04,21400731,IND,114,0.36,0.95,DET,109,0.38,1.05
2015-02-04,21400739,SAS,110,0.633,2.2,ORL,103,0.28800000000000003,1.07
2015-02-04,21400736,MIL,113,0.551,2.08,LAL,105,0.265,1.08
2015-02-04,21400740,UTA,90,0.34700000000000003,0.46,MEM,100,0.755,0.9
2015-02-04,21400741,GSW,128,0.83,1.28,DAL,114,0.647,1.12
2015-02-04,21400735,HOU,101,0.6940000000000001,1.16,CHI,90,0.6,1.12
2015-02-04,21400738,NOP,91,0.531,1.04,OKC,102,0.51,0.89
2015-02-04,21400733,BOS,104,0.375,0.99,DEN,100,0.38,1.04
2015-02-04,21400737,MIN,102,0.184,0.43,MIA,101,0.429,1.01
2015-02-04,21400734,TOR,93,0.66,1.58,BKN,109,0.41700000000000004,0.85
2015-02-05,21400745,POR,108,0.68,1.24,PHX,87,0.5489999999999999,1.24
2015-02-05,21400743,CLE,105,0.608,0.92,LAC,94,0.66,1.12
2015-02-05,21400744,SAC,78,0.354,0.54,DAL,101,0.654,0.77
2015-02-05,21400742,CHA,94,0.449,0.74,WAS,87,0.608,1.08
2015-02-06,21400755,OKC,113,0.5,0.93,NOP,116,0.54,0.97
2015-02-06,21400750,BOS,107,0.38799999999999996,1.8,PHI,96,0.21600000000000003,1.11
2015-02-06,21400756,PHX,100,0.5579999999999999,1.64,UTA,93,0.34,1.08
2015-02-06,21400746,BKN,92,0.429,2.14,NYK,88,0.2,1.05
2015-02-06,21400752,TOR,123,0.667,1.03,LAC,107,0.647,1.15
2015-02-06,21400753,HOU,117,0.7,1.3,MIL,111,0.54,1.05
2015-02-06,21400757,SAS,98,0.64,1.52,MIA,85,0.42,1.15
2015-02-06,21400751,DET,98,0.392,1.05,DEN,88,0.373,1.11
2015-02-06,21400748,ORL,103,0.302,1.16,LAL,97,0.26,1.06
2015-02-06,21400747,IND,103,0.373,0.63,CLE,99,0.596,1.04
2015-02-06,21400749,ATL,124,0.8240000000000001,1.01,GSW,116,0.813,1.07
2015-02-06,21400754,MIN,90,0.2,0.27,MEM,89,0.74,1.01
2015-02-07,21400764,UTA,102,0.353,1.02,SAC,90,0.34700000000000003,1.13
2015-02-07,21400763,MIL,96,0.5489999999999999,1.44,BOS,93,0.38,1.03
2015-02-07,21400759,WAS,114,0.615,1.46,BKN,77,0.42,1.48
2015-02-07,21400762,DAL,111,0.66,0.99,POR,101,0.667,1.1
2015-02-07,21400761,PHI,89,0.231,0.52,CHA,81,0.44,1.1
2015-02-07,21400758,NOP,72,0.529,0.87,CHI,107,0.608,0.67
2015-02-07,21400760,NYK,92,0.196,0.24,GSW,106,0.816,0.87
2015-02-08,21400772,TOR,87,0.6729999999999999,1.07,SAS,82,0.627,1.06
2015-02-08,21400768,CHA,102,0.431,1.12,IND,103,0.385,0.99
2015-02-08,21400773,SAC,85,0.36,0.66,PHX,83,0.547,1.02
2015-02-08,21400771,HOU,98,0.6859999999999999,1.02,POR,109,0.6729999999999999,0.9
2015-02-08,21400765,OKC,131,0.51,0.8,LAC,108,0.635,1.21
2015-02-08,21400766,CLE,120,0.604,2.37,LAL,105,0.255,1.14
2015-02-08,21400770,ORL,97,0.29600000000000004,0.48,CHI,98,0.615,0.99
2015-02-08,21400767,MEM,94,0.745,0.92,ATL,88,0.8079999999999999,1.07
2015-02-08,21400769,DET,101,0.385,1.78,MIN,112,0.21600000000000003,0.9
2015-02-09,21400782,DEN,114,0.365,0.7,OKC,124,0.519,0.92
2015-02-09,21400776,WAS,96,0.623,2.14,ORL,80,0.29100000000000004,1.2
2015-02-09,21400780,NOP,96,0.519,1.42,UTA,100,0.365,0.96
2015-02-09,21400781,DAL,98,0.648,1.01,LAC,115,0.642,0.85
2015-02-09,21400779,MIN,105,0.212,0.26,ATL,117,0.8109999999999999,0.9
2015-02-09,21400777,MIA,109,0.431,2.24,NYK,95,0.192,1.15
2015-02-09,21400778,MIL,103,0.5579999999999999,1.35,BKN,97,0.41200000000000003,1.06
2015-02-09,21400775,PHI,84,0.226,0.28,GSW,89,0.82,0.94
2015-02-09,21400774,IND,93,0.377,0.59,SAS,95,0.635,0.98
2015-02-10,21400785,CHI,104,0.623,1.76,SAC,86,0.353,1.21
2015-02-10,21400787,LAL,96,0.25,0.66,DEN,106,0.377,0.91
2015-02-10,21400783,CHA,78,0.423,1.07,DET,106,0.396,0.74
2015-02-10,21400786,MEM,95,0.75,1.86,BKN,86,0.40399999999999997,1.1
2015-02-10,21400784,PHX,118,0.537,0.78,HOU,127,0.6920000000000001,0.93
2015-02-11,21400794,NOP,93,0.509,1.31,IND,106,0.389,0.88
2015-02-11,21400789,BOS,89,0.392,0.49,ATL,88,0.7959999999999999,1.01
2015-02-11,21400792,MIL,111,0.5660000000000001,1.64,SAC,103,0.34600000000000003,1.08
2015-02-11,21400796,CLE,113,0.611,1.44,MIA,93,0.423,1.22
2015-02-11,21400788,ORL,89,0.304,1.61,NYK,83,0.18899999999999997,1.07
2015-02-11,21400790,DET,87,0.389,0.61,SAS,104,0.642,0.84
2015-02-11,21400795,OKC,105,0.528,0.72,MEM,89,0.736,1.18
2015-02-11,21400799,LAC,110,0.648,0.95,HOU,95,0.679,1.16
2015-02-11,21400791,TOR,95,0.679,1.11,WAS,93,0.611,1.02
2015-02-11,21400798,POR,102,0.679,2.77,LAL,86,0.245,1.19
2015-02-11,21400797,DAL,87,0.655,1.83,UTA,82,0.358,1.06
2015-02-11,21400793,MIN,91,0.20800000000000002,0.25,GSW,94,0.8240000000000001,0.97
2015-02-12,21400800,CHI,113,0.63,1.05,CLE,98,0.6,1.15
2015-02-19,21400802,LAC,119,0.655,1.04,SAS,115,0.63,1.03
2015-02-19,21400801,OKC,104,0.537,0.84,DAL,89,0.643,1.17
2015-02-20,21400815,LAL,105,0.24100000000000002,0.58,BKN,114,0.415,0.92
2015-02-20,21400812,UTA,92,0.37,0.55,POR,76,0.667,1.21
2015-02-20,21400814,GSW,110,0.8270000000000001,1.34,SAS,99,0.618,1.11
2015-02-20,21400807,NYK,87,0.185,0.43,MIA,111,0.434,0.78
2015-02-20,21400809,WAS,89,0.6,0.99,CLE,127,0.607,0.7
2015-02-20,21400804,PHI,95,0.222,0.55,IND,106,0.4,0.9
2015-02-20,21400805,ATL,80,0.782,1.14,TOR,105,0.685,0.76
2015-02-20,21400813,SAC,109,0.358,0.93,BOS,101,0.385,1.08
2015-02-20,21400810,DAL,111,0.649,0.97,HOU,100,0.667,1.11
2015-02-20,21400803,ORL,95,0.316,0.63,NOP,84,0.5,1.13
2015-02-20,21400808,MIN,111,0.222,0.42,PHX,109,0.527,1.02
2015-02-20,21400806,DET,100,0.4,0.65,CHI,91,0.618,1.1
2015-02-20,21400811,MIL,89,0.574,1.55,DEN,81,0.37,1.1
2015-02-21,21400820,LAC,126,0.6609999999999999,1.88,SAC,99,0.35200000000000004,1.27
2015-02-21,21400817,MIA,91,0.426,0.84,NOP,105,0.509,0.87
2015-02-21,21400819,HOU,98,0.6729999999999999,1.0,TOR,76,0.6729999999999999,1.29
2015-02-21,21400816,CHA,103,0.415,0.76,OKC,110,0.545,0.94
2015-02-21,21400818,CHI,112,0.625,1.21,PHX,107,0.518,1.05
2015-02-22,21400825,ORL,103,0.32799999999999996,1.5,PHI,98,0.218,1.05
2015-02-22,21400828,POR,92,0.655,0.88,MEM,98,0.741,0.94
2015-02-22,21400826,OKC,119,0.5539999999999999,1.52,DEN,94,0.364,1.27
2015-02-22,21400823,DET,106,0.41100000000000003,0.7,WAS,89,0.589,1.19
2015-02-22,21400821,NYK,83,0.182,0.3,CLE,101,0.614,0.82
2015-02-22,21400829,LAL,118,0.255,0.68,BOS,111,0.377,1.06
2015-02-22,21400824,IND,104,0.41100000000000003,0.51,GSW,98,0.8109999999999999,1.06
2015-02-22,21400822,MIL,86,0.564,0.72,ATL,97,0.7859999999999999,0.89
2015-02-22,21400827,DAL,92,0.655,1.61,CHA,81,0.40700000000000003,1.14
2015-02-23,21400834,DEN,82,0.35700000000000004,0.84,BKN,110,0.426,0.75
2015-02-23,21400831,CHI,87,0.632,1.14,MIL,71,0.5539999999999999,1.23
2015-02-23,21400830,MIA,119,0.436,2.04,PHI,108,0.214,1.1
2015-02-23,21400835,PHX,110,0.509,1.31,BOS,115,0.389,0.96
2015-02-23,21400836,UTA,90,0.382,0.63,SAS,81,0.607,1.11
2015-02-23,21400837,LAC,87,0.649,0.87,MEM,90,0.745,0.97
2015-02-23,21400832,HOU,113,0.679,3.11,MIN,102,0.218,1.11
2015-02-23,21400833,NOP,100,0.518,0.78,TOR,97,0.6609999999999999,1.03
2015-02-24,21400841,DAL,99,0.6609999999999999,1.02,TOR,92,0.649,1.08
2015-02-24,21400839,DET,93,0.40399999999999997,0.65,CLE,102,0.621,0.91
2015-02-24,21400840,OKC,105,0.561,1.39,IND,92,0.40399999999999997,1.14
2015-02-24,21400838,WAS,107,0.579,0.71,GSW,114,0.815,0.94
2015-02-25,21400844,BOS,115,0.4,2.23,NYK,94,0.179,1.22
2015-02-25,21400852,SAC,102,0.364,0.5,MEM,90,0.732,1.13
2015-02-25,21400848,MIN,97,0.23199999999999998,0.41,WAS,77,0.569,1.26
2015-02-25,21400850,DEN,96,0.35100000000000003,0.68,PHX,110,0.517,0.87
2015-02-25,21400851,UTA,97,0.375,1.4,LAL,100,0.268,0.97
2015-02-25,21400845,CHI,86,0.621,1.49,CHA,98,0.418,0.88
2015-02-25,21400849,NOP,102,0.526,1.26,BKN,96,0.418,1.06
2015-02-25,21400842,ORL,90,0.322,0.72,MIA,93,0.446,0.97
2015-02-25,21400846,HOU,110,0.684,1.07,LAC,105,0.638,1.05
2015-02-25,21400853,POR,111,0.6609999999999999,1.11,SAS,95,0.596,1.17
2015-02-25,21400843,ATL,104,0.789,1.21,DAL,87,0.65,1.2
2015-02-25,21400847,MIL,104,0.561,2.66,PHI,88,0.21100000000000002,1.18
2015-02-26,21400855,PHX,117,0.525,0.95,OKC,113,0.552,1.04
2015-02-26,21400854,CLE,110,0.627,0.78,GSW,99,0.8,1.11
2015-02-27,21400867,SAC,96,0.35700000000000004,0.59,SAS,107,0.603,0.9
2015-02-27,21400857,PHI,89,0.22399999999999998,0.4,WAS,81,0.5589999999999999,1.1
2015-02-27,21400864,MEM,79,0.7190000000000001,1.12,LAC,97,0.644,0.81
2015-02-27,21400865,NOP,104,0.534,1.22,MIA,102,0.439,1.02
2015-02-27,21400868,LAL,101,0.281,0.51,MIL,93,0.552,1.09
2015-02-27,21400856,IND,93,0.414,0.67,CLE,86,0.617,1.08
2015-02-27,21400858,ATL,95,0.7929999999999999,2.5,ORL,88,0.317,1.08
2015-02-27,21400859,BOS,106,0.41100000000000003,1.0,CHA,98,0.41100000000000003,1.08
2015-02-27,21400863,HOU,102,0.69,1.68,BKN,98,0.41100000000000003,1.04
2015-02-27,21400862,CHI,96,0.627,2.75,MIN,89,0.228,1.08
2015-02-27,21400869,POR,115,0.667,1.23,OKC,112,0.542,1.03
2015-02-27,21400861,TOR,89,0.638,0.79,GSW,113,0.804,0.79
2015-02-27,21400866,DEN,82,0.345,0.89,UTA,104,0.386,0.79
2015-02-27,21400860,DET,115,0.397,2.06,NYK,121,0.193,0.95
2015-02-28,21400872,NYK,103,0.207,0.33,TOR,98,0.627,1.05
2015-02-28,21400874,DAL,94,0.639,1.52,BKN,104,0.42100000000000004,0.9
2015-02-28,21400875,PHX,74,0.517,0.85,SAS,101,0.61,0.73
2015-02-28,21400876,UTA,82,0.397,0.73,MIL,75,0.542,1.09
2015-02-28,21400870,WAS,99,0.5670000000000001,1.45,DET,95,0.39,1.04
2015-02-28,21400873,MIN,97,0.22399999999999998,0.31,MEM,101,0.7240000000000001,0.96
2015-02-28,21400871,MIA,91,0.431,0.54,ATL,93,0.797,0.98
2015-03-01,21400880,BOS,101,0.40399999999999997,0.5,GSW,106,0.807,0.95
2015-03-01,21400881,IND,94,0.424,1.93,PHI,74,0.22,1.27
2015-03-01,21400884,DEN,92,0.33899999999999997,0.63,NOP,99,0.542,0.93
2015-03-01,21400878,LAL,101,0.276,0.5,OKC,108,0.55,0.94
2015-03-01,21400877,CHI,86,0.617,0.95,LAC,96,0.65,0.9
2015-03-01,21400879,SAC,99,0.35100000000000003,0.52,POR,110,0.672,0.9
2015-03-01,21400882,ORL,83,0.311,0.74,CHA,98,0.42100000000000004,0.85
2015-03-01,21400883,HOU,105,0.695,1.14,CLE,103,0.607,1.02
2015-03-02,21400887,MIA,115,0.441,0.87,PHX,98,0.508,1.17
2015-03-02,21400888,MIN,105,0.22,0.34,LAC,110,0.6559999999999999,0.95
2015-03-02,21400886,BKN,110,0.431,0.54,GSW,108,0.7929999999999999,1.02
2015-03-02,21400885,PHI,103,0.217,0.34,TOR,114,0.633,0.9
2015-03-02,21400889,DAL,102,0.645,1.21,NOP,93,0.5329999999999999,1.1
2015-03-03,21400894,MEM,82,0.7120000000000001,1.75,UTA,93,0.40700000000000003,0.88
2015-03-03,21400892,ATL,104,0.8,1.17,HOU,96,0.6829999999999999,1.08
2015-03-03,21400890,CHA,104,0.431,1.59,LAL,103,0.271,1.01
2015-03-03,21400895,DEN,106,0.35,0.66,MIL,95,0.5329999999999999,1.12
2015-03-03,21400669,NYK,86,0.203,0.56,SAC,124,0.36200000000000004,0.69
2015-03-03,21400891,CLE,110,0.613,1.54,BOS,79,0.397,1.39
2015-03-03,21400893,CHI,97,0.623,1.12,WAS,92,0.557,1.05
2015-03-04,21400902,MIN,85,0.217,0.6,DEN,100,0.361,0.85
2015-03-04,21400903,NOP,88,0.541,1.41,DET,85,0.38299999999999995,1.04
2015-03-04,21400898,BOS,85,0.40700000000000003,1.02,UTA,84,0.4,1.01
2015-03-04,21400908,LAC,93,0.645,0.95,POR,98,0.6779999999999999,0.95
2015-03-04,21400907,GSW,102,0.797,1.52,MIL,93,0.525,1.1
2015-03-04,21400901,HOU,100,0.672,0.94,MEM,102,0.7170000000000001,0.98
2015-03-04,21400899,BKN,91,0.424,0.96,CHA,115,0.441,0.79
2015-03-04,21400900,TOR,112,0.623,1.01,CLE,120,0.619,0.93
2015-03-04,21400897,ORL,100,0.306,0.59,PHX,105,0.516,0.95
2015-03-04,21400906,SAS,112,0.617,1.73,SAC,85,0.35600000000000004,1.32
2015-03-04,21400904,OKC,123,0.557,2.62,PHI,118,0.213,1.04
2015-03-04,21400905,MIA,100,0.45,1.69,LAL,94,0.267,1.06
2015-03-04,21400896,IND,105,0.433,2.16,NYK,82,0.2,1.28
2015-03-05,21400910,POR,94,0.6829999999999999,1.08,DAL,75,0.635,1.25
2015-03-05,21400909,CHI,108,0.629,1.15,OKC,105,0.5479999999999999,1.03
2015-03-06,21400919,NOP,98,0.532,1.28,BOS,104,0.41700000000000004,0.94
2015-03-06,21400915,ATL,106,0.8029999999999999,1.32,CLE,97,0.609,1.09
2015-03-06,21400920,WAS,99,0.565,1.28,MIA,97,0.44299999999999995,1.02
2015-03-06,21400916,BKN,100,0.41700000000000004,0.8,PHX,108,0.524,0.93
2015-03-06,21400911,CHA,103,0.45,0.73,TOR,94,0.613,1.1
2015-03-06,21400914,PHI,83,0.21,0.51,UTA,89,0.41,0.93
2015-03-06,21400922,GSW,104,0.8,1.28,DAL,89,0.625,1.17
2015-03-06,21400913,ORL,119,0.317,0.91,SAC,114,0.35,1.04
2015-03-06,21400912,IND,98,0.44299999999999995,0.72,CHI,84,0.619,1.17
2015-03-06,21400921,SAS,120,0.623,1.75,DEN,111,0.355,1.08
2015-03-06,21400918,MEM,97,0.721,2.75,LAL,90,0.262,1.08
2015-03-06,21400917,HOU,103,0.677,1.8,DET,93,0.377,1.11
2015-03-07,21400925,MIA,114,0.452,1.31,SAC,109,0.344,1.05
2015-03-07,21400929,MIL,91,0.532,0.96,WAS,85,0.556,1.07
2015-03-07,21400928,MIN,121,0.23,0.34,POR,113,0.672,1.07
2015-03-07,21400926,NYK,86,0.19699999999999998,0.44,IND,92,0.452,0.93
2015-03-07,21400930,DEN,100,0.349,0.51,HOU,114,0.6829999999999999,0.88
2015-03-07,21400924,CLE,89,0.615,1.19,PHX,79,0.516,1.13
2015-03-07,21400927,PHI,92,0.222,0.28,ATL,84,0.79,1.1
2015-03-07,21400923,NOP,95,0.54,0.76,MEM,89,0.71,1.07
2015-03-08,21400934,DET,101,0.371,0.81,CHA,108,0.45899999999999996,0.94
2015-03-08,21400933,BKN,88,0.41,0.98,UTA,95,0.419,0.93
2015-03-08,21400931,SAS,116,0.629,1.03,CHI,105,0.609,1.1
2015-03-08,21400932,GSW,106,0.8029999999999999,1.26,LAC,98,0.635,1.08
2015-03-08,21400937,LAL,93,0.258,0.41,DAL,100,0.631,0.93
2015-03-08,21400935,ORL,103,0.32799999999999996,0.8,BOS,98,0.41,1.05
2015-03-08,21400936,OKC,108,0.556,0.92,TOR,104,0.603,1.04
2015-03-09,21400939,ATL,130,0.794,2.34,SAC,105,0.33899999999999997,1.24
2015-03-09,21400941,CHI,91,0.6,0.84,MEM,101,0.7140000000000001,0.9
2015-03-09,21400945,LAC,89,0.6409999999999999,2.84,MIN,76,0.226,1.17
2015-03-09,21400940,MIA,90,0.444,1.06,BOS,100,0.419,0.9
2015-03-09,21400944,PHX,80,0.508,0.63,GSW,98,0.8059999999999999,0.82
2015-03-09,21400943,DEN,106,0.359,1.85,NYK,78,0.19399999999999998,1.36
2015-03-09,21400942,MIL,103,0.524,0.96,NOP,114,0.547,0.9
2015-03-09,21400938,CHA,69,0.452,0.8,WAS,95,0.563,0.73
2015-03-10,21400948,DAL,94,0.621,1.0,CLE,127,0.621,0.74
2015-03-10,21400949,SAS,117,0.635,1.07,TOR,107,0.594,1.09
2015-03-10,21400946,IND,118,0.46,1.42,ORL,86,0.32299999999999995,1.37
2015-03-10,21400947,BKN,91,0.40299999999999997,0.73,NOP,111,0.5539999999999999,0.82
2015-03-10,21400951,LAL,93,0.27,0.74,DET,85,0.365,1.09
2015-03-10,21400950,UTA,87,0.429,2.26,NYK,82,0.19,1.06
2015-03-11,21400952,CHA,106,0.444,1.27,SAC,113,0.349,0.94
2015-03-11,21400961,POR,105,0.677,1.01,HOU,100,0.672,1.05
2015-03-11,21400956,MIL,97,0.531,1.67,ORL,91,0.318,1.07
2015-03-11,21400954,BOS,95,0.429,0.61,MEM,92,0.703,1.03
2015-03-11,21400960,GSW,105,0.81,2.26,DET,98,0.359,1.07
2015-03-11,21400955,MIA,104,0.45299999999999996,1.14,BKN,98,0.397,1.06
2015-03-11,21400958,DEN,115,0.369,0.47,ATL,102,0.7809999999999999,1.13
2015-03-11,21400957,OKC,108,0.547,0.85,LAC,120,0.6459999999999999,0.9
2015-03-11,21400959,PHX,106,0.515,2.32,MIN,97,0.222,1.09
2015-03-11,21400953,PHI,95,0.21899999999999997,0.36,CHI,104,0.606,0.91
2015-03-12,21400964,SAS,125,0.625,1.0,CLE,128,0.627,0.98
2015-03-12,21400965,UTA,109,0.43799999999999994,0.66,HOU,91,0.662,1.2
2015-03-12,21400966,LAL,94,0.266,1.31,NYK,101,0.203,0.93
2015-03-12,21400963,WAS,107,0.569,0.82,MEM,87,0.6920000000000001,1.23
2015-03-12,21400962,IND,109,0.469,0.9,MIL,103,0.523,1.06
2015-03-13,21400975,POR,118,0.6829999999999999,1.93,DET,99,0.354,1.19
2015-03-13,21400969,BOS,95,0.43799999999999994,1.4,ORL,88,0.313,1.08
2015-03-13,21400973,DEN,114,0.379,0.48,GSW,103,0.797,1.11
2015-03-13,21400974,PHX,87,0.507,0.65,ATL,96,0.785,0.91
2015-03-13,21400967,CHA,101,0.45299999999999996,0.76,CHI,91,0.597,1.11
2015-03-13,21400970,TOR,102,0.6,1.35,MIA,92,0.446,1.11
2015-03-13,21400968,PHI,114,0.231,0.67,SAC,107,0.344,1.07
2015-03-13,21400972,DAL,129,0.627,0.99,LAC,99,0.636,1.3
2015-03-13,21400971,OKC,113,0.5539999999999999,2.53,MIN,99,0.21899999999999997,1.14
2015-03-14,21400976,IND,89,0.462,1.04,BOS,93,0.446,0.96
2015-03-14,21400977,WAS,113,0.5760000000000001,1.7,SAC,97,0.33799999999999997,1.16
2015-03-14,21400980,UTA,88,0.446,1.28,DET,85,0.348,1.04
2015-03-14,21400979,MEM,96,0.6970000000000001,1.35,MIL,83,0.515,1.16
2015-03-14,21400978,PHI,87,0.22699999999999998,0.56,BKN,94,0.406,0.93
2015-03-14,21400981,GSW,125,0.8,4.0,NYK,94,0.2,1.33
2015-03-15,21400988,PHX,102,0.515,2.61,NYK,89,0.19699999999999998,1.15
2015-03-15,21400985,ORL,108,0.309,0.49,CLE,123,0.632,0.88
2015-03-15,21400986,SAS,123,0.631,2.93,MIN,97,0.215,1.27
2015-03-15,21400984,NOP,111,0.545,1.4,DEN,118,0.38799999999999996,0.94
2015-03-15,21400989,LAL,86,0.262,0.33,ATL,91,0.7879999999999999,0.95
2015-03-15,21400983,LAC,98,0.627,0.94,HOU,100,0.667,0.98
2015-03-15,21400987,TOR,97,0.591,0.86,POR,113,0.688,0.86
2015-03-15,21400982,OKC,109,0.561,0.95,CHI,100,0.588,1.09
2015-03-16,21400990,IND,98,0.455,0.76,TOR,117,0.597,0.84
2015-03-16,21400999,GSW,108,0.8029999999999999,3.11,LAL,105,0.258,1.03
2015-03-16,21400997,UTA,94,0.455,1.02,CHA,66,0.446,1.42
2015-03-16,21400992,BOS,108,0.455,2.03,PHI,89,0.22399999999999998,1.21
2015-03-16,21400996,DAL,119,0.632,1.14,OKC,115,0.552,1.03
2015-03-16,21400998,SAC,103,0.33299999999999996,0.42,ATL,110,0.7909999999999999,0.94
2015-03-16,21400991,WAS,105,0.5820000000000001,0.86,POR,97,0.677,1.08
2015-03-16,21400993,MEM,92,0.701,1.84,DEN,81,0.382,1.14
2015-03-16,21400995,MIA,106,0.455,0.73,CLE,92,0.623,1.15
2015-03-16,21400994,MIN,106,0.212,0.51,BKN,122,0.415,0.87
2015-03-17,21401004,LAC,99,0.632,1.44,CHA,92,0.439,1.08
2015-03-17,21401002,HOU,107,0.672,2.21,ORL,94,0.304,1.14
2015-03-17,21401003,NOP,85,0.552,1.09,MIL,84,0.507,1.01
2015-03-17,21401000,DET,105,0.358,0.52,MEM,95,0.691,1.11
2015-03-17,21401001,NYK,104,0.209,0.34,SAS,100,0.621,1.04
2015-03-18,21401010,MIL,103,0.5,0.8,SAS,114,0.627,0.9
2015-03-18,21401008,TOR,105,0.603,2.89,MIN,100,0.209,1.05
2015-03-18,21401014,GSW,114,0.8059999999999999,1.03,ATL,95,0.779,1.2
2015-03-18,21401006,PHI,94,0.235,0.67,DET,83,0.353,1.13
2015-03-18,21401009,CHI,103,0.594,1.33,IND,86,0.44799999999999995,1.2
2015-03-18,21401011,OKC,122,0.5589999999999999,1.25,BOS,118,0.44799999999999995,1.03
2015-03-18,21401013,SAC,105,0.32799999999999996,0.51,LAC,116,0.638,0.91
2015-03-18,21401012,DAL,107,0.638,2.13,ORL,102,0.3,1.05
2015-03-18,21401005,CLE,117,0.629,1.54,BKN,92,0.409,1.27
2015-03-18,21401015,UTA,84,0.44799999999999995,0.76,WAS,88,0.588,0.95
2015-03-18,21401007,MIA,108,0.46299999999999997,0.69,POR,104,0.667,1.04
2015-03-19,21401019,LAL,73,0.254,0.56,UTA,80,0.456,0.91
2015-03-19,21401016,NYK,92,0.20600000000000002,0.93,MIN,95,0.221,0.97
2015-03-19,21401017,HOU,118,0.6759999999999999,1.79,DEN,108,0.377,1.09
2015-03-19,21401018,PHX,74,0.522,0.96,NOP,72,0.544,1.03
2015-03-20,21401023,CLE,95,0.634,1.44,IND,92,0.441,1.03
2015-03-20,21401024,MIA,108,0.47100000000000003,1.27,DEN,91,0.371,1.19
2015-03-20,21401027,DAL,101,0.629,0.9,MEM,112,0.696,0.9
2015-03-20,21401031,LAC,113,0.643,1.11,WAS,99,0.58,1.14
2015-03-20,21401028,SAS,101,0.632,1.43,BOS,89,0.441,1.13
2015-03-20,21401026,OKC,123,0.565,0.74,ATL,115,0.768,1.07
2015-03-20,21401029,SAC,101,0.33799999999999997,0.78,CHA,91,0.433,1.11
2015-03-20,21401025,CHI,108,0.6,1.01,TOR,92,0.594,1.17
2015-03-20,21401020,ORL,111,0.31,0.47,POR,104,0.657,1.07
2015-03-20,21401030,GSW,112,0.809,1.51,NOP,96,0.536,1.17
2015-03-20,21401022,BKN,129,0.418,0.85,MIL,127,0.493,1.02
2015-03-20,21401021,PHI,97,0.24600000000000002,1.21,NYK,81,0.203,1.2
2015-03-21,21401033,DET,107,0.36200000000000004,0.61,CHI,91,0.5920000000000001,1.18
2015-03-21,21401035,MEM,97,0.7,1.08,POR,86,0.647,1.13
2015-03-21,21401034,HOU,102,0.667,1.26,PHX,117,0.529,0.87
2015-03-21,21401032,IND,111,0.435,1.02,BKN,123,0.426,0.9
2015-03-21,21401036,GSW,106,0.812,1.81,UTA,91,0.449,1.16
2015-03-22,21401042,SAC,109,0.348,0.61,WAS,86,0.5710000000000001,1.27
2015-03-22,21401043,BOS,97,0.435,1.17,DET,105,0.371,0.92
2015-03-22,21401037,MIL,90,0.486,0.76,CLE,108,0.639,0.83
2015-03-22,21401045,MIN,98,0.217,0.49,CHA,109,0.441,0.9
2015-03-22,21401047,LAL,101,0.265,1.09,PHI,87,0.243,1.16
2015-03-22,21401040,LAC,107,0.648,1.22,NOP,100,0.529,1.07
2015-03-22,21401038,OKC,93,0.5710000000000001,1.23,MIA,75,0.46399999999999997,1.24
2015-03-22,21401046,PHX,98,0.535,0.86,DAL,92,0.62,1.07
2015-03-22,21401041,TOR,106,0.6,3.0,NYK,89,0.2,1.19
2015-03-22,21401044,ORL,100,0.306,0.81,DEN,119,0.38,0.84
2015-03-22,21401039,ATL,95,0.757,1.19,SAS,114,0.638,0.83
2015-03-23,21401051,CHI,98,0.597,1.37,CHA,86,0.435,1.14
2015-03-23,21401049,BKN,91,0.42,0.95,BOS,110,0.44299999999999995,0.83
2015-03-23,21401052,UTA,104,0.44299999999999995,1.93,MIN,106,0.22899999999999998,0.98
2015-03-23,21401053,GSW,107,0.8140000000000001,1.45,WAS,76,0.563,1.41
2015-03-23,21401048,IND,100,0.429,0.64,HOU,110,0.6709999999999999,0.91
2015-03-23,21401050,NYK,82,0.19699999999999998,0.28,MEM,103,0.7040000000000001,0.8
2015-03-24,21401059,POR,108,0.638,0.78,GSW,122,0.8170000000000001,0.89
2015-03-24,21401058,SAC,107,0.35700000000000004,1.49,PHI,106,0.239,1.01
2015-03-24,21401056,OKC,127,0.5770000000000001,2.21,LAL,117,0.261,1.09
2015-03-24,21401054,DET,108,0.38,0.64,TOR,104,0.5920000000000001,1.04
2015-03-24,21401055,MIL,89,0.493,1.08,MIA,88,0.457,1.01
2015-03-24,21401057,DAL,101,0.625,0.99,SAS,94,0.629,1.07
2015-03-25,21401064,BOS,86,0.43700000000000006,0.94,MIA,93,0.465,0.92
2015-03-25,21401062,ORL,83,0.301,0.4,ATL,95,0.7609999999999999,0.87
2015-03-25,21401066,MEM,89,0.6940000000000001,1.08,CLE,111,0.644,0.8
2015-03-25,21401068,NOP,93,0.521,0.77,HOU,95,0.6759999999999999,0.98
2015-03-25,21401065,TOR,103,0.583,0.97,CHI,116,0.603,0.89
2015-03-25,21401060,CHA,88,0.429,1.0,BKN,91,0.429,0.97
2015-03-25,21401069,DEN,85,0.375,1.5,PHI,99,0.25,0.86
2015-03-25,21401063,WAS,101,0.556,1.27,IND,103,0.43700000000000006,0.98
2015-03-25,21401061,NYK,80,0.19399999999999998,0.3,LAC,111,0.653,0.72
2015-03-25,21401067,MIN,99,0.225,0.83,LAL,101,0.271,0.98
2015-03-25,21401072,PHX,99,0.528,1.44,SAC,108,0.366,0.92
2015-03-25,21401071,SAS,130,0.634,1.11,OKC,91,0.569,1.43
2015-03-25,21401070,UTA,89,0.43700000000000006,0.68,POR,92,0.643,0.97
2015-03-26,21401073,MIL,111,0.5,1.16,IND,107,0.431,1.04
2015-03-27,21401083,NOP,102,0.528,1.46,SAC,88,0.361,1.16
2015-03-27,21401085,DEN,107,0.384,0.89,UTA,91,0.431,1.18
2015-03-27,21401076,WAS,110,0.562,1.33,CHA,107,0.423,1.03
2015-03-27,21401084,SAS,94,0.639,1.04,DAL,76,0.616,1.24
2015-03-27,21401075,PHI,98,0.247,0.38,LAC,119,0.6579999999999999,0.82
2015-03-27,21401079,NYK,92,0.192,0.43,BOS,96,0.444,0.96
2015-03-27,21401086,PHX,81,0.521,0.8,POR,87,0.648,0.93
2015-03-27,21401080,TOR,94,0.589,2.2,LAL,83,0.268,1.13
2015-03-27,21401077,ATL,99,0.764,1.67,MIA,86,0.45799999999999996,1.15
2015-03-27,21401078,BKN,106,0.43700000000000006,0.69,CLE,98,0.635,1.08
2015-03-27,21401074,ORL,97,0.297,0.76,DET,111,0.389,0.87
2015-03-27,21401082,MEM,84,0.685,0.84,GSW,107,0.8190000000000001,0.79
2015-03-27,21401081,HOU,120,0.6809999999999999,3.07,MIN,110,0.222,1.09
2015-03-28,21401087,CHA,115,0.431,0.57,ATL,100,0.753,1.15
2015-03-28,21401091,POR,120,0.653,1.73,DEN,114,0.37799999999999995,1.05
2015-03-28,21401088,CHI,111,0.608,3.22,NYK,80,0.18899999999999997,1.39
2015-03-28,21401089,MIL,95,0.493,0.6,GSW,108,0.8220000000000001,0.88
2015-03-28,21401090,UTA,94,0.43799999999999994,0.78,OKC,89,0.562,1.06
2015-03-29,21401096,MIA,109,0.466,1.21,DET,102,0.384,1.07
2015-03-29,21401094,NOP,110,0.534,2.44,MIN,88,0.21899999999999997,1.25
2015-03-29,21401100,PHX,97,0.514,0.9,OKC,109,0.568,0.89
2015-03-29,21401098,SAS,103,0.644,0.95,MEM,89,0.6759999999999999,1.16
2015-03-29,21401099,IND,104,0.43799999999999994,0.72,DAL,99,0.608,1.05
2015-03-29,21401092,CLE,87,0.64,2.63,PHI,86,0.243,1.01
2015-03-29,21401097,WAS,91,0.5539999999999999,0.81,HOU,99,0.685,0.92
2015-03-29,21401093,BKN,107,0.444,1.68,LAL,99,0.264,1.08
2015-03-29,21401095,BOS,106,0.43799999999999994,0.66,LAC,119,0.662,0.89
2015-03-30,21401102,PHI,111,0.24,0.88,LAL,113,0.27399999999999997,0.98
2015-03-30,21401106,MIN,84,0.21600000000000003,0.48,UTA,104,0.446,0.81
2015-03-30,21401104,TOR,99,0.595,0.88,HOU,96,0.6759999999999999,1.03
2015-03-30,21401105,MEM,97,0.68,1.91,SAC,83,0.35600000000000004,1.17
2015-03-30,21401101,CHA,104,0.425,0.95,BOS,116,0.446,0.9
2015-03-30,21401107,POR,109,0.6579999999999999,1.3,PHX,86,0.507,1.27
2015-03-30,21401103,ATL,101,0.757,1.56,MIL,88,0.486,1.15
2015-03-31,21401111,LAC,106,0.653,0.79,GSW,110,0.8240000000000001,0.96
2015-03-31,21401108,BKN,111,0.452,1.05,IND,106,0.43200000000000005,1.05
2015-03-31,21401109,DET,105,0.392,0.52,ATL,95,0.747,1.11
2015-03-31,21401110,MIA,81,0.45899999999999996,0.71,SAS,95,0.649,0.85
2015-04-01,21401113,ORL,91,0.293,0.45,SAS,103,0.653,0.88
2015-04-01,21401116,NYK,98,0.187,0.41,BKN,100,0.45899999999999996,0.98
2015-04-01,21401120,OKC,131,0.56,0.91,DAL,135,0.613,0.97
2015-04-01,21401117,HOU,115,0.68,1.94,SAC,111,0.35100000000000003,1.04
2015-04-01,21401118,MIL,95,0.493,0.82,CHI,91,0.6,1.04
2015-04-01,21401123,LAL,92,0.27,0.5,NOP,113,0.541,0.81
2015-04-01,21401119,MIN,99,0.213,0.36,TOR,113,0.6,0.88
2015-04-01,21401114,WAS,106,0.56,2.36,PHI,93,0.237,1.14
2015-04-01,21401112,CHA,102,0.43200000000000005,1.12,DET,78,0.387,1.31
2015-04-01,21401122,POR,122,0.649,0.99,LAC,126,0.6579999999999999,0.97
2015-04-01,21401121,UTA,98,0.45299999999999996,1.21,DEN,84,0.373,1.17
2015-04-01,21401115,BOS,100,0.45299999999999996,1.06,IND,87,0.42700000000000005,1.15
2015-04-02,21401125,DAL,101,0.605,0.88,HOU,108,0.684,0.94
2015-04-02,21401124,CLE,114,0.645,1.42,MIA,88,0.45299999999999996,1.3
2015-04-02,21401126,GSW,107,0.8270000000000001,1.65,PHX,106,0.5,1.01
2015-04-03,21401133,MIN,84,0.21100000000000002,0.7,ORL,97,0.303,0.87
2015-04-03,21401127,IND,93,0.434,1.02,CHA,74,0.42700000000000005,1.26
2015-04-03,21401132,MEM,100,0.684,1.24,OKC,92,0.5529999999999999,1.09
2015-04-03,21401135,SAC,95,0.34700000000000003,0.63,NOP,101,0.547,0.94
2015-04-03,21401130,BKN,114,0.467,0.79,TOR,109,0.5920000000000001,1.05
2015-04-03,21401136,LAL,77,0.267,0.41,POR,107,0.653,0.72
2015-04-03,21401134,SAS,123,0.6579999999999999,1.79,DEN,93,0.368,1.32
2015-04-03,21401129,BOS,101,0.447,0.89,MIL,110,0.5,0.92
2015-04-03,21401128,WAS,101,0.5660000000000001,3.08,NYK,87,0.184,1.16
2015-04-03,21401131,CHI,88,0.605,1.58,DET,82,0.382,1.07
2015-04-04,21401146,POR,99,0.6579999999999999,1.22,NOP,90,0.539,1.1
2015-04-04,21401142,DAL,110,0.597,0.72,GSW,123,0.8290000000000001,0.89
2015-04-04,21401139,DET,99,0.39,0.87,MIA,98,0.447,1.01
2015-04-04,21401138,ATL,131,0.75,1.63,BKN,99,0.461,1.32
2015-04-04,21401141,MEM,83,0.675,1.18,WAS,92,0.5710000000000001,0.9
2015-04-04,21401144,DEN,92,0.364,0.55,LAC,107,0.662,0.86
2015-04-04,21401145,PHX,87,0.506,1.13,UTA,85,0.447,1.02
2015-04-04,21401143,MIL,90,0.494,1.58,ORL,97,0.312,0.93
2015-04-04,21401137,CHA,92,0.434,1.85,PHI,91,0.23399999999999999,1.01
2015-04-04,21401140,TOR,116,0.584,1.28,BOS,117,0.455,0.99
2015-04-05,21401153,LAL,78,0.263,0.39,LAC,106,0.667,0.74
2015-04-05,21401152,SAC,95,0.342,0.75,UTA,101,0.455,0.94
2015-04-05,21401147,OKC,112,0.545,0.79,HOU,115,0.688,0.97
2015-04-05,21401151,NYK,101,0.195,0.84,PHI,91,0.231,1.11
2015-04-05,21401150,SAS,107,0.662,0.81,GSW,92,0.818,1.16
2015-04-05,21401149,IND,112,0.442,1.0,MIA,89,0.442,1.26
2015-04-05,21401148,CLE,99,0.649,1.09,CHI,94,0.597,1.05
2015-04-06,21400668,BKN,106,0.46799999999999997,0.72,POR,96,0.649,1.1
2015-04-07,21401156,NOP,103,0.545,0.67,GSW,100,0.8079999999999999,1.03
2015-04-07,21401155,MIA,105,0.449,1.05,CHA,100,0.429,1.05
2015-04-07,21401159,LAC,105,0.6709999999999999,2.58,LAL,100,0.26,1.05
2015-04-07,21401154,ATL,96,0.753,1.51,PHX,69,0.5,1.39
2015-04-07,21401157,OKC,88,0.5379999999999999,0.81,SAS,113,0.667,0.78
2015-04-07,21401158,SAC,116,0.35100000000000003,1.69,MIN,111,0.20800000000000002,1.05
2015-04-08,21401161,ORL,105,0.321,0.54,CHI,103,0.59,1.02
2015-04-08,21401170,UTA,103,0.462,1.34,SAC,91,0.34600000000000003,1.13
2015-04-08,21401169,DEN,119,0.37200000000000005,1.45,LAL,101,0.256,1.18
2015-04-08,21401160,CHA,74,0.423,0.72,TOR,92,0.59,0.8
2015-04-08,21401171,DAL,107,0.603,1.22,PHX,104,0.494,1.03
2015-04-08,21401168,SAS,110,0.6709999999999999,0.99,HOU,98,0.679,1.12
2015-04-08,21401163,BKN,111,0.462,0.61,ATL,114,0.7559999999999999,0.97
2015-04-08,21401167,MIL,99,0.48700000000000004,0.74,CLE,104,0.654,0.95
2015-04-08,21401165,NYK,86,0.192,0.43,IND,102,0.449,0.84
2015-04-08,21401172,POR,116,0.654,3.19,MIN,91,0.205,1.27
2015-04-08,21401162,PHI,90,0.228,0.4,WAS,119,0.5770000000000001,0.76
2015-04-08,21401164,DET,103,0.385,0.83,BOS,113,0.462,0.91
2015-04-08,21401166,MEM,110,0.679,1.26,NOP,74,0.5379999999999999,1.49
2015-04-09,21401174,GSW,116,0.81,1.25,POR,105,0.6459999999999999,1.1
2015-04-09,21401173,MIA,78,0.44299999999999995,0.74,CHI,89,0.595,0.88
2015-04-10,21401180,NYK,91,0.19,0.38,MIL,99,0.494,0.92
2015-04-10,21401176,ATL,104,0.759,1.82,CHA,80,0.418,1.3
2015-04-10,21401179,DET,103,0.38,0.83,IND,107,0.456,0.96
2015-04-10,21401184,DEN,143,0.36700000000000005,0.6,DAL,144,0.608,0.99
2015-04-10,21401178,CLE,90,0.6459999999999999,1.38,BOS,99,0.46799999999999997,0.91
2015-04-10,21401185,UTA,88,0.456,0.67,MEM,89,0.684,0.99
2015-04-10,21401182,NOP,90,0.544,1.11,PHX,75,0.488,1.2
2015-04-10,21401183,OKC,116,0.544,1.59,SAC,103,0.342,1.13
2015-04-10,21401175,ORL,99,0.316,0.53,TOR,101,0.595,0.98
2015-04-10,21401177,BKN,117,0.46799999999999997,0.82,WAS,80,0.57,1.46
2015-04-10,21401181,HOU,103,0.6709999999999999,0.99,SAS,104,0.675,0.99
2015-04-10,21401186,LAL,106,0.266,1.31,MIN,98,0.203,1.08
2015-04-11,21401187,ORL,79,0.313,1.56,NYK,80,0.2,0.99
2015-04-11,21401191,POR,105,0.638,1.38,UTA,111,0.46299999999999997,0.95
2015-04-11,21401188,MIA,104,0.43799999999999994,0.73,TOR,107,0.6,0.97
2015-04-11,21401190,LAC,94,0.675,1.0,MEM,86,0.675,1.09
2015-04-11,21401189,CHI,114,0.6,2.67,PHI,107,0.225,1.07
2015-04-11,21401192,GSW,110,0.813,4.06,MIN,101,0.2,1.09
2015-04-12,21401197,IND,116,0.46299999999999997,0.86,OKC,104,0.5379999999999999,1.12
2015-04-12,21401195,DET,116,0.38799999999999996,0.94,CHA,77,0.413,1.51
2015-04-12,21401201,LAL,106,0.263,0.43,DAL,120,0.613,0.88
2015-04-12,21401200,SAS,107,0.679,1.41,PHX,91,0.48100000000000004,1.18
2015-04-12,21401194,BOS,117,0.475,0.74,CLE,78,0.638,1.5
2015-04-12,21401196,DEN,122,0.375,1.11,SAC,111,0.33799999999999997,1.1
2015-04-12,21401199,HOU,121,0.675,1.25,NOP,114,0.5379999999999999,1.06
2015-04-12,21401193,MIL,96,0.5,1.08,BKN,73,0.46299999999999997,1.32
2015-04-12,21401198,WAS,108,0.575,0.77,ATL,99,0.75,1.09
2015-04-13,21401208,MIN,88,0.198,0.36,NOP,100,0.5429999999999999,0.88
2015-04-13,21401206,BKN,86,0.457,0.76,CHI,113,0.605,0.76
2015-04-13,21401203,CLE,109,0.642,1.68,DET,97,0.38299999999999995,1.12
2015-04-13,21401210,UTA,109,0.469,0.78,DAL,92,0.605,1.18
2015-04-13,21401212,GSW,111,0.815,1.22,MEM,107,0.667,1.04
2015-04-13,21401204,PHI,97,0.222,0.44,MIL,107,0.506,0.91
2015-04-13,21401209,OKC,101,0.5429999999999999,0.86,POR,90,0.63,1.12
2015-04-13,21401207,MIA,100,0.444,1.44,ORL,93,0.309,1.08
2015-04-13,21401205,ATL,108,0.741,3.53,NYK,112,0.21,0.96
2015-04-13,21401211,SAC,102,0.34600000000000003,1.34,LAL,92,0.259,1.11
2015-04-13,21401213,LAC,110,0.679,1.84,DEN,103,0.37,1.07
2015-04-13,21401202,CHA,90,0.40700000000000003,0.6,HOU,100,0.679,0.9
2015-04-14,21401216,PHX,101,0.47600000000000003,0.7,LAC,112,0.6829999999999999,0.9
2015-04-14,21401214,BOS,95,0.48100000000000004,0.81,TOR,93,0.593,1.02
2015-04-14,21401215,IND,99,0.469,0.83,WAS,95,0.568,1.04
2015-04-15,21401224,BKN,101,0.46299999999999997,1.52,ORL,88,0.305,1.15
2015-04-15,21401228,TOR,92,0.598,1.49,CHA,87,0.402,1.06
2015-04-15,21401218,DAL,114,0.61,0.98,POR,98,0.622,1.16
2015-04-15,21401226,NYK,90,0.207,0.53,DET,112,0.39,0.8
2015-04-15,21401227,PHI,101,0.22,0.49,MIA,105,0.451,0.96
2015-04-15,21401220,MEM,95,0.6709999999999999,1.45,IND,83,0.46299999999999997,1.14
2015-04-15,21401219,HOU,117,0.6829999999999999,1.48,UTA,91,0.46299999999999997,1.29
2015-04-15,21401221,MIL,100,0.5,1.02,BOS,105,0.488,0.95
2015-04-15,21401225,CLE,113,0.6459999999999999,1.15,WAS,108,0.561,1.05
2015-04-15,21401229,GSW,133,0.8170000000000001,2.23,DEN,126,0.366,1.06
2015-04-15,21401222,MIN,113,0.195,0.36,OKC,138,0.5489999999999999,0.82
2015-04-15,21401230,LAL,99,0.256,0.72,SAC,122,0.354,0.81
2015-04-15,21401217,CHI,91,0.61,0.83,ATL,85,0.732,1.07
2015-04-15,21401223,NOP,108,0.5489999999999999,0.82,SAS,103,0.6709999999999999,1.05
