date,Unnamed: 0,id,date,home_team,home_team_score,visit_team,visit_team_score,WINrate
2012-12-25,0,311225018,2012-12-25,NY Knicks,106,Boston Celtics,104,1.0192307692307692
2012-12-27,1,311227014,2012-12-27,Miami,115,Boston Celtics,107,1.074766355140187
2012-12-28,2,311228003,2012-12-28,New Orleans,97,Boston Celtics,78,1.2435897435897436
2012-12-30,3,311230002,2012-12-30,Boston Celtics,96,Detroit,85,1.1294117647058823
2012-01-01,4,320101027,2012-01-01,Washington,86,Boston Celtics,94,0.9148936170212766
2012-01-02,5,320102002,2012-01-02,Boston Celtics,100,Washington,92,1.0869565217391304
2012-01-04,6,320104002,2012-01-04,Boston Celtics,89,Brooklyn,70,1.2714285714285714
2012-01-06,7,320106002,2012-01-06,Boston Celtics,74,Indiana,87,0.8505747126436781
2012-01-11,8,320111002,2012-01-11,Boston Celtics,85,Dallas,90,0.9444444444444444
2012-01-13,9,320113002,2012-01-13,Boston Celtics,79,Chicago,88,0.8977272727272727
2012-01-14,10,320114011,2012-01-14,Indiana,97,Boston Celtics,83,1.1686746987951808
2012-01-16,11,320116002,2012-01-16,Boston Celtics,88,Oklahoma City,97,0.9072164948453608
2012-01-18,12,320118002,2012-01-18,Boston Celtics,96,Toronto,73,1.3150684931506849
2012-01-20,13,320120002,2012-01-20,Boston Celtics,71,Phoenix,79,0.8987341772151899
2012-01-22,14,320122027,2012-01-22,Washington,94,Boston Celtics,100,0.94
2012-01-23,15,320123002,2012-01-23,Boston Celtics,87,Orlando,56,1.5535714285714286
2012-01-26,16,320126019,2012-01-26,Orlando,83,Boston Celtics,91,0.912087912087912
2012-01-27,17,320127002,2012-01-27,Boston Celtics,94,Indiana,87,1.0804597701149423
2012-01-29,18,320129002,2012-01-29,Boston Celtics,87,Cleveland,88,0.9886363636363636
2012-01-31,19,320131005,2012-01-31,Cleveland,90,Boston Celtics,93,0.967741935483871
2012-02-01,20,320201002,2012-02-01,Boston Celtics,100,Toronto,64,1.5625
2012-02-03,21,320203002,2012-02-03,Boston Celtics,91,NY Knicks,89,1.0224719101123596
2012-02-05,22,320205002,2012-02-05,Boston Celtics,98,Memphis,80,1.225
2012-02-07,23,320207002,2012-02-07,Boston Celtics,94,Charlotte,84,1.119047619047619
2012-02-09,24,320209002,2012-02-09,Boston Celtics,87,Los Angeles,88,0.9886363636363636
2012-02-10,25,320210028,2012-02-10,Toronto,86,Boston Celtics,74,1.162162162162162
2012-02-12,26,320212002,2012-02-12,Boston Celtics,95,Chicago,91,1.043956043956044
2012-02-15,27,320215002,2012-02-15,Boston Celtics,88,Detroit,98,0.8979591836734694
2012-02-16,28,320216004,2012-02-16,Chicago,89,Boston Celtics,80,1.1125
2012-02-19,29,320219008,2012-02-19,Detroit,96,Boston Celtics,81,1.1851851851851851
2012-02-20,30,320220006,2012-02-20,Dallas,89,Boston Celtics,73,1.2191780821917808
2012-02-22,31,320222025,2012-02-22,Oklahoma City,119,Boston Celtics,104,1.1442307692307692
2012-02-28,32,320228005,2012-02-28,Cleveland,83,Boston Celtics,86,0.9651162790697676
2012-03-02,33,320229002,2012-03-02,Boston Celtics,107,Milwaukee,94,1.1382978723404256
2012-03-04,34,320302002,2012-03-04,Boston Celtics,115,Brooklyn,111,1.036036036036036
2012-03-06,35,320304002,2012-03-06,Boston Celtics,97,NY Knicks,92,1.0543478260869563
2012-03-07,36,320306002,2012-03-07,Boston Celtics,103,Houston,71,1.4507042253521127
2012-03-09,37,320307020,2012-03-09,Philadelphia,104,Boston Celtics,86,1.2093023255813953
2012-03-11,38,320309002,2012-03-11,Boston Celtics,97,Portland,94,1.0319148936170213
2012-03-12,39,320311013,2012-03-12,Los Angeles,85,Boston Celtics,94,0.9042553191489362
2012-03-14,40,320312012,2012-03-14,LA,103,Boston Celtics,105,0.9809523809523808
2012-03-16,41,320314009,2012-03-16,Golden State,120,Boston Celtics,95,1.263157894736842
2012-03-17,42,320316023,2012-03-17,Sacramento,98,Boston Celtics,91,1.0769230769230769
2012-03-19,43,320317007,2012-03-19,Denver,76,Boston Celtics,79,0.9620253164556962
2012-03-22,44,320319001,2012-03-22,Atlanta,91,Boston Celtics,100,0.91
2012-03-23,45,320322015,2012-03-23,Milwaukee,99,Boston Celtics,86,1.1511627906976745
2012-03-25,46,320323020,2012-03-25,Philadelphia,88,Boston Celtics,76,1.1578947368421053
2012-03-26,47,320325002,2012-03-26,Boston Celtics,95,Washington,102,0.931372549019608
2012-03-28,48,320326030,2012-03-28,Charlotte,94,Boston Celtics,82,1.146341463414634
2012-03-30,49,320328002,2012-03-30,Boston Celtics,79,Utah,100,0.79
2012-04-01,50,320330016,2012-04-01,Minnesota,91,Boston Celtics,72,1.2638888888888888
2012-04-04,51,320401002,2012-04-04,Boston Celtics,86,Miami,87,0.9885057471264368
2012-04-05,52,320404002,2012-04-05,Boston Celtics,93,San Antonio,86,1.0813953488372092
2012-04-07,53,320405004,2012-04-07,Chicago,72,Boston Celtics,86,0.8372093023255814
2012-04-08,54,320407011,2012-04-08,Indiana,103,Boston Celtics,79,1.3037974683544304
2012-04-10,55,320408002,2012-04-10,Boston Celtics,107,Philadelphia,115,0.9304347826086956
2012-04-11,56,320410014,2012-04-11,Miami,88,Boston Celtics,86,1.0232558139534884
2012-04-13,57,320411002,2012-04-13,Boston Celtics,84,Atlanta,79,1.0632911392405062
2012-04-14,58,320413028,2012-04-14,Toronto,82,Boston Celtics,94,0.8723404255319149
2012-04-15,59,320414017,2012-04-15,Brooklyn,82,Boston Celtics,94,0.8723404255319149
2012-04-17,60,320415030,2012-04-17,Charlotte,118,Boston Celtics,110,1.0727272727272728
2012-04-18,61,320417018,2012-04-18,NY Knicks,102,Boston Celtics,98,1.0408163265306123
2012-04-20,62,320418002,2012-04-20,Boston Celtics,97,Orlando,92,1.0543478260869563
2012-04-24,63,320420001,2012-04-24,Atlanta,78,Boston Celtics,66,1.181818181818182
2012-04-26,64,320424002,2012-04-26,Boston Celtics,87,Miami,74,1.1756756756756757
2012-12-26,65,320426002,2012-12-26,Boston Celtics,84,Milwaukee,90,0.9333333333333332
2012-12-27,66,311226027,2012-12-27,Washington,70,Brooklyn Nets,106,0.660377358490566
2012-12-29,67,311227017,2012-12-29,Brooklyn Nets,94,Atlanta,78,1.205128205128205
2012-12-30,68,311229019,2012-12-30,Orlando,105,Brooklyn Nets,98,1.0714285714285714
2012-01-01,69,311230001,2012-01-01,Atlanta,98,Brooklyn Nets,82,1.195121951219512
2012-01-02,70,320101005,2012-01-02,Cleveland,94,Brooklyn Nets,108,0.8703703703703703
2012-01-04,71,320102017,2012-01-04,Brooklyn Nets,89,Indiana,70,1.2714285714285714
2012-01-07,72,320106028,2012-01-07,Toronto,90,Brooklyn Nets,101,0.8910891089108911
2012-01-09,73,320107017,2012-01-09,Brooklyn Nets,101,Miami,106,0.9528301886792452
2012-01-11,74,320109017,2012-01-11,Brooklyn Nets,123,Atlanta,115,1.0695652173913044
2012-01-13,75,320111007,2012-01-13,Denver,103,Brooklyn Nets,110,0.9363636363636364
2012-01-14,76,320113021,2012-01-14,Phoenix,107,Brooklyn Nets,94,1.1382978723404256
2012-01-16,77,320114026,2012-01-16,Utah,101,Brooklyn Nets,91,1.10989010989011
2012-01-18,78,320116012,2012-01-18,LA,107,Brooklyn Nets,100,1.07
2012-01-21,79,320118017,2012-01-21,Brooklyn Nets,74,Golden State,84,0.8809523809523809
2012-01-22,80,320121017,2012-01-22,Brooklyn Nets,97,Oklahoma City,87,1.1149425287356325
2012-01-23,81,320122017,2012-01-23,Brooklyn Nets,110,Charlotte,95,1.1578947368421053
2012-01-25,82,320123004,2012-01-25,Chicago,90,Brooklyn Nets,97,0.9278350515463918
2012-01-27,83,320125020,2012-01-27,Philadelphia,96,Brooklyn Nets,99,0.9696969696969696
2012-01-29,84,320127005,2012-01-29,Cleveland,73,Brooklyn Nets,94,0.7765957446808509
2012-01-31,85,320129017,2012-01-31,Brooklyn Nets,106,Toronto,99,1.0707070707070707
2012-02-01,86,320131011,2012-02-01,Indiana,99,Brooklyn Nets,96,1.03125
2012-02-03,87,320201017,2012-02-03,Brooklyn Nets,105,Detroit,108,0.9722222222222222
2012-02-04,88,320203017,2012-02-04,Brooklyn Nets,99,Minnesota,92,1.076086956521739
2012-02-06,89,320204018,2012-02-06,NY Knicks,87,Brooklyn Nets,108,0.8055555555555556
2012-02-08,90,320206017,2012-02-08,Brooklyn Nets,92,Chicago,99,0.9292929292929292
2012-02-10,91,320208017,2012-02-10,Brooklyn Nets,109,Detroit,92,1.184782608695652
2012-02-11,92,320210008,2012-02-11,Detroit,89,Brooklyn Nets,103,0.8640776699029126
2012-02-15,93,320211017,2012-02-15,Brooklyn Nets,100,San Antonio,105,0.9523809523809524
2012-02-16,94,320215017,2012-02-16,Brooklyn Nets,93,Memphis,88,1.056818181818182
2012-02-18,95,320216011,2012-02-18,Indiana,85,Brooklyn Nets,97,0.8762886597938144
2012-02-19,96,320218004,2012-02-19,Chicago,85,Brooklyn Nets,92,0.9239130434782608
2012-02-20,97,320219017,2012-02-20,Brooklyn Nets,92,Milwaukee,100,0.92
2012-02-22,98,320220018,2012-02-22,NY Knicks,91,Brooklyn Nets,108,0.8425925925925926
2012-02-28,99,320222017,2012-02-28,Brooklyn Nets,92,Orlando,93,0.989247311827957
2012-03-02,100,320228006,2012-03-02,Dallas,107,Brooklyn Nets,94,1.1382978723404256
2012-03-06,101,320304030,2012-03-06,Charlotte,108,Brooklyn Nets,78,1.3846153846153846
2012-03-07,102,320306014,2012-03-07,Miami,101,Brooklyn Nets,100,1.01
2012-03-09,103,320307017,2012-03-09,Brooklyn Nets,74,LA,83,0.891566265060241
2012-03-10,104,320309030,2012-03-10,Charlotte,106,Brooklyn Nets,112,0.9464285714285714
2012-03-12,105,320310017,2012-03-12,Brooklyn Nets,99,Houston,105,0.9428571428571428
2012-03-14,106,320312017,2012-03-14,Brooklyn Nets,98,Milwaukee,84,1.1666666666666667
2012-03-16,107,320314017,2012-03-16,Brooklyn Nets,86,Toronto,70,1.2285714285714286
2012-03-17,108,320316019,2012-03-17,Orlando,94,Brooklyn Nets,102,0.9215686274509804
2012-03-19,109,320317017,2012-03-19,Brooklyn Nets,100,New Orleans,105,0.9523809523809524
2012-03-21,110,320319017,2012-03-21,Brooklyn Nets,89,Cleveland,108,0.8240740740740741
2012-03-23,111,320321017,2012-03-23,Brooklyn Nets,93,Washington,84,1.1071428571428572
2012-03-24,112,320323001,2012-03-24,Atlanta,102,Brooklyn Nets,89,1.146067415730337
2012-03-26,113,320324017,2012-03-26,Brooklyn Nets,84,Charlotte,105,0.8
2012-03-28,114,320326017,2012-03-28,Brooklyn Nets,100,Utah,84,1.1904761904761905
2012-03-30,115,320328017,2012-03-30,Brooklyn Nets,100,Indiana,102,0.9803921568627452
2012-03-31,116,320330009,2012-03-31,Golden State,99,Brooklyn Nets,111,0.8918918918918919
2012-04-03,117,320331023,2012-04-03,Sacramento,91,Brooklyn Nets,87,1.0459770114942528
2012-04-04,118,320403013,2012-04-04,Los Angeles,101,Brooklyn Nets,88,1.1477272727272727
2012-04-06,119,320404022,2012-04-06,Portland,110,Brooklyn Nets,98,1.1224489795918366
2012-04-08,120,320406017,2012-04-08,Brooklyn Nets,122,Washington,117,1.0427350427350428
2012-04-10,121,320408017,2012-04-10,Brooklyn Nets,88,Cleveland,107,0.8224299065420559
2012-04-13,122,320410017,2012-04-13,Brooklyn Nets,89,Philadelphia,95,0.936842105263158
2012-04-14,123,320413020,2012-04-14,Philadelphia,82,Brooklyn Nets,94,0.8723404255319149
2012-04-18,124,320416017,2012-04-18,Brooklyn Nets,95,Miami,104,0.9134615384615384
2012-04-21,125,320418017,2012-04-21,Brooklyn Nets,106,NY Knicks,95,1.1157894736842104
2012-04-23,126,320421015,2012-04-23,Milwaukee,87,Brooklyn Nets,105,0.8285714285714286
2012-04-26,127,320423017,2012-04-26,Brooklyn Nets,98,Philadelphia,67,1.462686567164179
2012-12-25,128,320426028,2012-12-25,Toronto,106,Brooklyn Nets,104,1.0192307692307692
2012-12-29,129,311228009,2012-12-29,Golden State,99,New York Knicks,82,1.2073170731707317
2012-12-31,130,311229013,2012-12-31,Los Angeles,92,New York Knicks,114,0.8070175438596491
2012-01-02,131,311231023,2012-01-02,Sacramento,85,New York Knicks,90,0.9444444444444444
2012-01-04,132,320102018,2012-01-04,New York Knicks,110,Toronto,118,0.9322033898305084
2012-01-06,133,320104018,2012-01-06,New York Knicks,96,Charlotte,99,0.9696969696969696
2012-01-07,134,320106027,2012-01-07,Washington,80,New York Knicks,103,0.7766990291262136
2012-01-09,135,320107008,2012-01-09,Detroit,91,New York Knicks,87,1.0459770114942528
2012-01-11,136,320109018,2012-01-11,New York Knicks,85,Charlotte,79,1.0759493670886076
2012-01-12,137,320111018,2012-01-12,New York Knicks,94,Philadelphia,83,1.1325301204819278
2012-01-14,138,320112029,2012-01-14,Memphis,104,New York Knicks,92,1.1304347826086956
2012-01-16,139,320114025,2012-01-16,Oklahoma City,93,New York Knicks,102,0.9117647058823528
2012-01-18,140,320116018,2012-01-18,New York Knicks,88,Orlando,91,0.967032967032967
2012-01-20,141,320118018,2012-01-20,New York Knicks,86,Phoenix,100,0.86
2012-01-21,142,320120018,2012-01-21,New York Knicks,114,Milwaukee,119,0.9579831932773109
2012-01-24,143,320121018,2012-01-24,New York Knicks,78,Denver,111,0.7027027027027027
2012-01-25,144,320124030,2012-01-25,Charlotte,91,New York Knicks,81,1.1234567901234571
2012-01-27,145,320125005,2012-01-27,Cleveland,99,New York Knicks,89,1.1123595505617978
2012-01-28,146,320127014,2012-01-28,Miami,97,New York Knicks,84,1.1547619047619049
2012-01-31,147,320128010,2012-01-31,Houston,113,New York Knicks,86,1.313953488372093
2012-02-02,148,320131018,2012-02-02,New York Knicks,102,Detroit,105,0.9714285714285714
2012-02-03,149,320202018,2012-02-03,New York Knicks,91,Chicago,89,1.0224719101123596
2012-02-08,150,320206018,2012-02-08,New York Knicks,93,Utah,107,0.8691588785046729
2012-02-10,151,320208027,2012-02-10,Washington,92,New York Knicks,85,1.0823529411764703
2012-02-11,152,320210018,2012-02-11,New York Knicks,98,Los Angeles,100,0.98
2012-02-14,153,320211016,2012-02-14,Minnesota,87,New York Knicks,90,0.9666666666666668
2012-02-15,154,320214028,2012-02-15,Toronto,100,New York Knicks,85,1.1764705882352942
2012-02-17,155,320215018,2012-02-17,New York Knicks,85,Sacramento,89,0.9550561797752808
2012-02-19,156,320217018,2012-02-19,New York Knicks,104,New Orleans,97,1.0721649484536082
2012-02-20,157,320219018,2012-02-20,New York Knicks,92,Dallas,100,0.92
2012-02-23,158,320222018,2012-02-23,New York Knicks,102,Atlanta,88,1.1590909090909092
2012-03-04,159,320223014,2012-03-04,Miami,115,New York Knicks,111,1.036036036036036
2012-03-06,160,320229018,2012-03-06,New York Knicks,95,Cleveland,85,1.1176470588235294
2012-03-09,161,320306006,2012-03-09,Dallas,119,New York Knicks,114,1.043859649122807
2012-03-11,162,320307024,2012-03-11,San Antonio,94,New York Knicks,106,0.8867924528301887
2012-03-12,163,320309015,2012-03-12,Milwaukee,104,New York Knicks,99,1.0505050505050506
2012-03-14,164,320311018,2012-03-14,New York Knicks,121,Philadelphia,79,1.5316455696202531
2012-03-16,165,320312004,2012-03-16,Chicago,115,New York Knicks,100,1.15
2012-03-17,166,320314018,2012-03-17,New York Knicks,88,Portland,102,0.8627450980392157
2012-03-20,167,320316018,2012-03-20,New York Knicks,106,Indiana,87,1.2183908045977012
2012-03-21,168,320317011,2012-03-21,Indiana,79,New York Knicks,82,0.9634146341463414
2012-03-23,169,320320018,2012-03-23,New York Knicks,96,Toronto,79,1.2151898734177216
2012-03-24,170,320321020,2012-03-24,Philadelphia,101,New York Knicks,79,1.2784810126582278
2012-03-26,171,320323028,2012-03-26,Toronto,89,New York Knicks,80,1.1125
2012-03-28,172,320324018,2012-03-28,New York Knicks,108,Detroit,86,1.255813953488372
2012-03-30,173,320326018,2012-03-30,New York Knicks,100,Milwaukee,90,1.1111111111111112
2012-03-31,174,320328018,2012-03-31,New York Knicks,91,Orlando,75,1.2133333333333334
2012-04-03,175,320330001,2012-04-03,Atlanta,112,New York Knicks,104,1.0769230769230769
2012-04-05,176,320331018,2012-04-05,New York Knicks,80,Cleveland,96,0.8333333333333334
2012-04-08,177,320403011,2012-04-08,Indiana,100,New York Knicks,99,1.0101010101010102
2012-04-10,178,320405019,2012-04-10,Orlando,98,New York Knicks,86,1.1395348837209305
2012-04-11,179,320408018,2012-04-11,New York Knicks,107,Chicago,111,0.9639639639639641
2012-04-13,180,320410004,2012-04-13,Chicago,103,New York Knicks,65,1.5846153846153843
2012-04-15,181,320411015,2012-04-15,Milwaukee,85,New York Knicks,93,0.913978494623656
2012-04-17,182,320413018,2012-04-17,New York Knicks,118,Washington,110,1.0727272727272728
2012-04-18,183,320415018,2012-04-18,New York Knicks,95,Miami,104,0.9134615384615384
2012-04-25,184,320420005,2012-04-25,Cleveland,99,New York Knicks,93,1.064516129032258
2012-04-26,185,320422001,2012-04-26,Atlanta,84,New York Knicks,104,0.8076923076923077
2012-12-26,186,320425018,2012-12-26,New York Knicks,107,LA,103,1.0388349514563109
2012-12-28,187,320426030,2012-12-28,Charlotte,83,New York Knicks,103,0.8058252427184466
2012-12-30,188,311226022,2012-12-30,Portland,102,Philadelphia 76ers,99,1.0303030303030305
2012-12-31,189,311228021,2012-12-31,Phoenix,79,Philadelphia 76ers,107,0.7383177570093458
2012-01-04,190,311230026,2012-01-04,Utah,93,Philadelphia 76ers,101,0.9207920792079208
2012-01-06,191,311231009,2012-01-06,Golden State,96,Philadelphia 76ers,73,1.3150684931506849
2012-01-07,192,320104003,2012-01-07,New Orleans,97,Philadelphia 76ers,62,1.564516129032258
2012-01-09,193,320106020,2012-01-09,Philadelphia 76ers,96,Detroit,86,1.1162790697674418
2012-01-10,194,320107020,2012-01-10,Philadelphia 76ers,112,Toronto,85,1.3176470588235294
2012-01-11,195,320109020,2012-01-11,Philadelphia 76ers,85,Indiana,79,1.0759493670886076
2012-01-13,196,320110020,2012-01-13,Philadelphia 76ers,120,Sacramento,89,1.348314606741573
2012-01-16,197,320113020,2012-01-16,Philadelphia 76ers,94,Washington,82,1.146341463414634
2012-01-18,198,320114027,2012-01-18,Washington,104,Philadelphia 76ers,108,0.9629629629629628
2012-01-20,199,320116020,2012-01-20,Philadelphia 76ers,90,Milwaukee,76,1.1842105263157894
2012-01-21,200,320118020,2012-01-21,Philadelphia 76ers,113,Denver,92,1.2282608695652173
2012-01-23,201,320120020,2012-01-23,Philadelphia 76ers,103,Atlanta,83,1.2409638554216869
2012-01-25,202,320121014,2012-01-25,Miami,90,Philadelphia 76ers,97,0.9278350515463918
2012-01-27,203,320123020,2012-01-27,Philadelphia 76ers,89,Washington,72,1.2361111111111112
2012-01-30,204,320127020,2012-01-30,Philadelphia 76ers,74,Charlotte,69,1.072463768115942
2012-02-01,205,320128020,2012-02-01,Philadelphia 76ers,98,Detroit,82,1.195121951219512
2012-02-03,206,320130020,2012-02-03,Philadelphia 76ers,79,Orlando,99,0.797979797979798
2012-02-04,207,320201020,2012-02-04,Philadelphia 76ers,87,Chicago,98,0.8877551020408163
2012-02-06,208,320203020,2012-02-06,Philadelphia 76ers,95,Miami,90,1.0555555555555556
2012-02-08,209,320204001,2012-02-08,Atlanta,90,Philadelphia 76ers,100,0.9
2012-02-10,210,320206020,2012-02-10,Philadelphia 76ers,77,Los Angeles,78,0.9871794871794872
2012-02-11,211,320208020,2012-02-11,Philadelphia 76ers,84,San Antonio,99,0.8484848484848485
2012-02-13,212,320210020,2012-02-13,Philadelphia 76ers,89,LA,98,0.9081632653061223
2012-02-15,213,320211005,2012-02-15,Cleveland,103,Philadelphia 76ers,87,1.1839080459770115
2012-02-17,214,320213030,2012-02-17,Charlotte,75,Philadelphia 76ers,82,0.9146341463414634
2012-02-19,215,320215019,2012-02-19,Orlando,92,Philadelphia 76ers,91,1.010989010989011
2012-02-21,216,320217020,2012-02-21,Philadelphia 76ers,89,Dallas,76,1.1710526315789471
2012-02-22,217,320219016,2012-02-22,Minnesota,93,Philadelphia 76ers,87,1.0689655172413792
2012-02-28,218,320221029,2012-02-28,Memphis,68,Philadelphia 76ers,97,0.7010309278350515
2012-03-02,219,320222010,2012-03-02,Houston,105,Philadelphia 76ers,83,1.2650602409638554
2012-03-04,220,320228008,2012-03-04,Detroit,91,Philadelphia 76ers,96,0.9479166666666666
2012-03-05,221,320229020,2012-03-05,Philadelphia 76ers,97,Oklahoma City,93,1.043010752688172
2012-03-07,222,320302020,2012-03-07,Philadelphia 76ers,103,Golden State,71,1.4507042253521127
2012-03-09,223,320304020,2012-03-09,Philadelphia 76ers,104,Chicago,91,1.1428571428571428
2012-03-11,224,320305015,2012-03-11,Milwaukee,94,Philadelphia 76ers,106,0.8867924528301887
2012-03-16,225,320309020,2012-03-16,Philadelphia 76ers,78,Utah,84,0.9285714285714286
2012-03-19,226,320314011,2012-03-19,Indiana,80,Philadelphia 76ers,105,0.7619047619047619
2012-03-21,227,320316020,2012-03-21,Philadelphia 76ers,79,Miami,82,0.9634146341463414
2012-03-23,228,320317004,2012-03-23,Chicago,99,Philadelphia 76ers,86,1.1511627906976745
2012-03-25,229,320319030,2012-03-25,Charlotte,93,Philadelphia 76ers,76,1.2236842105263157
2012-03-31,230,320325024,2012-03-31,San Antonio,95,Philadelphia 76ers,90,1.0555555555555556
2012-04-03,231,320327020,2012-04-03,Philadelphia 76ers,99,Cleveland,93,1.064516129032258
2012-04-04,232,320330027,2012-04-04,Washington,78,Philadelphia 76ers,99,0.7878787878787878
2012-04-07,233,320331020,2012-04-07,Philadelphia 76ers,82,Atlanta,88,0.9318181818181818
2012-04-08,234,320403014,2012-04-08,Miami,103,Philadelphia 76ers,79,1.3037974683544304
2012-04-10,235,320404020,2012-04-10,Philadelphia 76ers,88,Toronto,107,0.8224299065420559
2012-04-11,236,320407020,2012-04-11,Philadelphia 76ers,75,Orlando,93,0.8064516129032258
2012-04-17,237,320411028,2012-04-17,Toronto,97,Philadelphia 76ers,102,0.9509803921568628
2012-04-21,238,320416019,2012-04-21,Orlando,106,Philadelphia 76ers,109,0.9724770642201837
2012-04-23,239,320417020,2012-04-23,Philadelphia 76ers,87,Indiana,105,0.8285714285714286
2012-04-25,240,320418005,2012-04-25,Cleveland,85,Philadelphia 76ers,90,0.9444444444444444
2012-04-26,241,320421011,2012-04-26,Indiana,108,Philadelphia 76ers,86,1.255813953488372
2012-12-28,242,320425015,2012-12-28,Milwaukee,85,Philadelphia 76ers,90,0.9444444444444444
2012-12-30,243,320426008,2012-12-30,Detroit,99,Philadelphia 76ers,86,1.1511627906976745
2012-01-01,244,311226005,2012-01-01,Cleveland,102,Toronto Raptors,96,1.0625
2012-01-02,245,311228028,2012-01-02,Toronto Raptors,85,Indiana,90,0.9444444444444444
2012-01-04,246,311230006,2012-01-04,Dallas,92,Toronto Raptors,77,1.1948051948051948
2012-01-06,247,320101019,2012-01-06,Orlando,85,Toronto Raptors,97,0.8762886597938144
2012-01-09,248,320104028,2012-01-09,Toronto Raptors,97,Cleveland,87,1.1149425287356325
2012-01-13,249,320109028,2012-01-13,Toronto Raptors,90,Minnesota,95,0.9473684210526316
2012-01-14,250,320110027,2012-01-14,Washington,77,Toronto Raptors,64,1.203125
2012-01-16,251,320111028,2012-01-16,Toronto Raptors,93,Sacramento,84,1.1071428571428572
2012-01-18,252,320113028,2012-01-18,Toronto Raptors,96,Indiana,73,1.3150684931506849
2012-01-20,253,320114004,2012-01-20,Chicago,84,Toronto Raptors,94,0.8936170212765957
2012-01-22,254,320116001,2012-01-22,Atlanta,103,Toronto Raptors,91,1.1318681318681318
2012-01-25,255,320120028,2012-01-25,Toronto Raptors,106,Portland,111,0.954954954954955
2012-01-27,256,320122012,2012-01-27,LA,96,Toronto Raptors,81,1.1851851851851851
2012-01-29,257,320124021,2012-01-29,Phoenix,73,Toronto Raptors,94,0.7765957446808509
2012-01-31,258,320125026,2012-01-31,Utah,77,Toronto Raptors,100,0.77
2012-02-01,259,320127007,2012-02-01,Denver,100,Toronto Raptors,64,1.5625
2012-02-05,260,320131028,2012-02-05,Toronto Raptors,95,Atlanta,89,1.0674157303370786
2012-02-08,261,320203028,2012-02-08,Toronto Raptors,99,Washington,105,0.9428571428571428
2012-02-10,262,320205014,2012-02-10,Miami,86,Toronto Raptors,74,1.162162162162162
2012-02-12,263,320206027,2012-02-12,Washington,92,Toronto Raptors,94,0.9787234042553192
2012-02-14,264,320208028,2012-02-14,Toronto Raptors,87,Milwaukee,90,0.9666666666666668
2012-02-17,265,320212028,2012-02-17,Toronto Raptors,91,Los Angeles,98,0.9285714285714286
2012-02-28,266,320215028,2012-02-28,Toronto Raptors,88,San Antonio,85,1.0352941176470591
2012-03-02,267,320217028,2012-03-02,Toronto Raptors,99,Charlotte,102,0.9705882352941176
2012-03-04,268,320222028,2012-03-04,Toronto Raptors,83,Detroit,75,1.106666666666667
2012-03-05,269,320228010,2012-03-05,Houston,88,Toronto Raptors,92,0.9565217391304348
2012-03-07,270,320229003,2012-03-07,New Orleans,116,Toronto Raptors,98,1.1836734693877549
2012-03-10,271,320302028,2012-03-10,Toronto Raptors,105,Memphis,86,1.2209302325581397
2012-03-11,272,320304028,2012-03-11,Toronto Raptors,99,Golden State,105,0.9428571428571428
2012-03-13,273,320305028,2012-03-13,Toronto Raptors,88,Orlando,96,0.9166666666666666
2012-03-14,274,320307028,2012-03-14,Toronto Raptors,98,Houston,84,1.1666666666666667
2012-03-16,275,320310008,2012-03-16,Detroit,110,Toronto Raptors,114,0.9649122807017544
2012-03-17,276,320311028,2012-03-17,Toronto Raptors,107,Milwaukee,103,1.0388349514563109
2012-03-20,277,320313005,2012-03-20,Cleveland,106,Toronto Raptors,87,1.2183908045977012
2012-03-23,278,320316029,2012-03-23,Memphis,96,Toronto Raptors,79,1.2151898734177216
2012-03-24,279,320317030,2012-03-24,Charlotte,102,Toronto Raptors,101,1.00990099009901
2012-03-28,280,320321028,2012-03-28,Toronto Raptors,105,Chicago,96,1.09375
2012-04-01,281,320324004,2012-04-01,Chicago,99,Toronto Raptors,92,1.076086956521739
2012-04-03,282,320326028,2012-04-03,Toronto Raptors,92,Orlando,87,1.057471264367816
2012-04-04,283,320328028,2012-04-04,Toronto Raptors,78,Denver,99,0.7878787878787878
2012-04-06,284,320330028,2012-04-06,Toronto Raptors,80,Miami,84,0.9523809523809524
2012-04-08,285,320401028,2012-04-08,Toronto Raptors,91,Washington,75,1.2133333333333334
2012-04-09,286,320403028,2012-04-09,Toronto Raptors,103,Charlotte,98,1.0510204081632653
2012-04-13,287,320406028,2012-04-13,Toronto Raptors,84,Cleveland,79,1.0632911392405062
2012-04-15,288,320408025,2012-04-15,Oklahoma City,86,Toronto Raptors,102,0.8431372549019608
2012-04-16,289,320409011,2012-04-16,Indiana,87,Toronto Raptors,109,0.7981651376146789
2012-04-23,290,320415001,2012-04-23,Atlanta,92,Toronto Raptors,86,1.069767441860465
2012-04-26,291,320416028,2012-04-26,Toronto Raptors,98,Atlanta,67,1.462686567164179
2012-12-25,292,320418014,2012-12-25,Miami,86,Toronto Raptors,105,0.8190476190476189
2012-12-26,293,320422008,2012-12-26,Detroit,99,Toronto Raptors,91,1.0879120879120878
2012-12-28,294,320423015,2012-12-28,Milwaukee,92,Toronto Raptors,78,1.1794871794871795
2012-01-02,295,311225009,2012-01-02,Golden State Warriors,102,LA,91,1.120879120879121
2012-01-04,296,311226009,2012-01-04,Golden State Warriors,101,Chicago,95,1.063157894736842
2012-01-10,297,320102021,2012-01-10,Phoenix,111,Golden State Warriors,106,1.0471698113207548
2012-01-12,298,320104024,2012-01-12,San Antonio,109,Golden State Warriors,117,0.9316239316239316
2012-01-14,299,320106013,2012-01-14,Los Angeles,112,Golden State Warriors,100,1.12
2012-01-15,300,320107009,2012-01-15,Golden State Warriors,91,Utah,99,0.9191919191919192
2012-01-17,301,320110009,2012-01-17,Golden State Warriors,95,Miami,105,0.9047619047619048
2012-01-18,302,320112009,2012-01-18,Golden State Warriors,107,Orlando,100,1.07
2012-01-20,303,320114030,2012-01-20,Charlotte,91,Golden State Warriors,94,0.9680851063829788
2012-01-23,304,320115008,2012-01-23,Detroit,90,Golden State Warriors,91,0.989010989010989
2012-01-25,305,320117005,2012-01-25,Cleveland,101,Golden State Warriors,93,1.0860215053763442
2012-01-31,306,320120009,2012-01-31,Golden State Warriors,93,Indiana,90,1.0333333333333334
2012-02-02,307,320123009,2012-02-02,Golden State Warriors,119,Memphis,101,1.1782178217821782
2012-02-04,308,320125009,2012-02-04,Golden State Warriors,114,Portland,106,1.0754716981132075
2012-02-07,309,320127009,2012-02-07,Golden State Warriors,116,Oklahoma City,119,0.9747899159663864
2012-02-09,310,320131009,2012-02-09,Golden State Warriors,101,Sacramento,109,0.9266055045871558
2012-02-12,311,320202009,2012-02-12,Golden State Warriors,106,Utah,97,1.092783505154639
2012-02-13,312,320204023,2012-02-13,Sacramento,102,Golden State Warriors,96,1.0625
2012-02-15,313,320207009,2012-02-15,Golden State Warriors,91,Oklahoma City,93,0.9784946236559141
2012-02-17,314,320209007,2012-02-17,Denver,110,Golden State Warriors,87,1.264367816091954
2012-02-18,315,320212009,2012-02-18,Golden State Warriors,104,Houston,103,1.0097087378640777
2012-02-20,316,320213009,2012-02-20,Golden State Warriors,104,Phoenix,97,1.0721649484536082
2012-02-22,317,320215009,2012-02-22,Golden State Warriors,104,Portland,106,0.981132075471698
2012-02-28,318,320217025,2012-02-28,Oklahoma City,102,Golden State Warriors,78,1.3076923076923077
2012-03-02,319,320218029,2012-03-02,Memphis,105,Golden State Warriors,83,1.2650602409638554
2012-03-04,320,320220009,2012-03-04,Golden State Warriors,83,LA,75,1.106666666666667
2012-03-05,321,320222021,2012-03-05,Phoenix,100,Golden State Warriors,120,0.8333333333333334
2012-03-07,322,320228011,2012-03-07,Indiana,92,Golden State Warriors,110,0.8363636363636363
2012-03-10,323,320229001,2012-03-10,Atlanta,111,Golden State Warriors,87,1.2758620689655171
2012-03-14,324,320305027,2012-03-14,Washington,103,Golden State Warriors,105,0.9809523809523808
2012-03-16,325,320307009,2012-03-16,Golden State Warriors,98,Memphis,120,0.8166666666666667
2012-03-17,326,320310009,2012-03-17,Golden State Warriors,99,Dallas,92,1.076086956521739
2012-03-19,327,320311012,2012-03-19,LA,93,Golden State Warriors,97,0.9587628865979382
2012-03-21,328,320313023,2012-03-21,Sacramento,92,Golden State Warriors,101,0.9108910891089108
2012-03-24,329,320316009,2012-03-24,Golden State Warriors,111,Milwaukee,108,1.0277777777777777
2012-03-25,330,320317026,2012-03-25,Utah,90,Golden State Warriors,87,1.0344827586206895
2012-03-27,331,320319009,2012-03-27,Golden State Warriors,101,Minnesota,104,0.971153846153846
2012-03-28,332,320321003,2012-03-28,New Orleans,87,Golden State Warriors,102,0.8529411764705882
2012-03-30,333,320322010,2012-03-30,Houston,100,Golden State Warriors,102,0.9803921568627452
2012-04-01,334,320324009,2012-04-01,Golden State Warriors,120,Sacramento,112,1.0714285714285714
2012-04-03,335,320325022,2012-04-03,Portland,98,Golden State Warriors,94,1.0425531914893618
2012-04-04,336,320327009,2012-04-04,Golden State Warriors,94,Los Angeles,97,0.9690721649484536
2012-04-06,337,320328009,2012-04-06,Golden State Warriors,104,New Orleans,98,1.0612244897959184
2012-04-09,338,320401013,2012-04-09,Los Angeles,123,Golden State Warriors,84,1.4642857142857142
2012-04-11,339,320403029,2012-04-11,Memphis,118,Golden State Warriors,110,1.0727272727272728
2012-04-12,340,320404016,2012-04-12,Minnesota,103,Golden State Warriors,112,0.9196428571428572
2012-04-14,341,320406026,2012-04-14,Utah,112,Golden State Warriors,104,1.0769230769230769
2012-04-16,342,320407009,2012-04-16,Golden State Warriors,99,Denver,120,0.825
2012-04-18,343,320409007,2012-04-18,Denver,87,Golden State Warriors,99,0.8787878787878788
2012-04-20,344,320411022,2012-04-20,Portland,104,Golden State Warriors,94,1.1063829787234043
2012-04-21,345,320412009,2012-04-21,Golden State Warriors,99,Dallas,96,1.03125
2012-04-22,346,320414012,2012-04-22,LA,88,Golden State Warriors,93,0.946236559139785
2012-04-24,347,320416009,2012-04-24,Golden State Warriors,81,San Antonio,83,0.9759036144578314
2012-04-26,348,320418009,2012-04-26,Golden State Warriors,101,Los Angeles,107,0.9439252336448598
2012-12-25,349,320420006,2012-12-25,Dallas,86,Golden State Warriors,105,0.8190476190476189
2012-12-28,350,320421010,2012-12-28,Houston,115,Golden State Warriors,90,1.2777777777777777
2012-12-30,351,320422016,2012-12-30,Minnesota,101,Golden State Warriors,114,0.8859649122807017
2012-01-01,352,320424009,2012-01-01,Golden State Warriors,93,New Orleans,88,1.056818181818182
2012-01-04,353,320426009,2012-01-04,Golden State Warriors,117,San Antonio,89,1.3146067415730338
2012-01-10,354,311228024,2012-01-10,San Antonio,105,LA Clippers,97,1.0824742268041236
2012-01-11,355,311230012,2012-01-11,LA Clippers,95,Chicago,89,1.0674157303370786
2012-01-14,356,320101012,2012-01-14,LA Clippers,102,Portland,94,1.0851063829787233
2012-01-16,357,320104012,2012-01-16,LA Clippers,101,Houston,91,1.10989010989011
2012-01-17,358,320107012,2012-01-17,LA Clippers,108,Milwaukee,79,1.3670886075949369
2012-01-18,359,320110022,2012-01-18,Portland,91,LA Clippers,89,1.0224719101123596
2012-01-20,360,320111012,2012-01-20,LA Clippers,98,Miami,101,0.9702970297029704
2012-01-22,361,320114012,2012-01-22,LA Clippers,103,Los Angeles,91,1.1318681318681318
2012-01-26,362,320117026,2012-01-26,Utah,98,LA Clippers,91,1.0769230769230769
2012-01-29,363,320118012,2012-01-29,LA Clippers,105,Dallas,109,0.963302752293578
2012-01-30,364,320120012,2012-01-30,LA Clippers,112,Minnesota,100,1.12
2012-02-02,365,320125013,2012-02-02,Los Angeles,91,LA Clippers,112,0.8125
2012-02-04,366,320126012,2012-02-04,LA Clippers,81,Memphis,107,0.7570093457943925
2012-02-06,367,320129007,2012-02-06,Denver,102,LA Clippers,107,0.9532710280373832
2012-02-08,368,320130012,2012-02-08,LA Clippers,99,Oklahoma City,92,1.076086956521739
2012-02-10,369,320201026,2012-02-10,Utah,77,LA Clippers,78,0.9871794871794872
2012-02-11,370,320202012,2012-02-11,LA Clippers,86,Denver,111,0.7747747747747747
2012-02-13,371,320204027,2012-02-13,Washington,96,LA Clippers,92,1.0434782608695652
2012-02-15,372,320206019,2012-02-15,Orlando,102,LA Clippers,84,1.2142857142857142
2012-02-16,373,320208005,2012-02-16,Cleveland,71,LA Clippers,74,0.9594594594594594
2012-02-20,374,320211030,2012-02-20,Charlotte,104,LA Clippers,97,1.0721649484536082
2012-02-22,375,320213006,2012-02-22,Dallas,103,LA Clippers,95,1.0842105263157895
2012-02-28,376,320215012,2012-02-28,LA Clippers,97,Washington,109,0.8899082568807339
2012-03-01,377,320216022,2012-03-01,Portland,100,LA Clippers,108,0.925925925925926
2012-03-02,378,320218012,2012-03-02,LA Clippers,81,San Antonio,78,1.0384615384615383
2012-03-05,379,320222012,2012-03-05,LA Clippers,95,Denver,94,1.0106382978723405
2012-03-07,380,320228012,2012-03-07,LA Clippers,101,Minnesota,100,1.01
2012-03-09,381,320301023,2012-03-09,Sacramento,108,LA Clippers,120,0.9
2012-03-11,382,320302021,2012-03-11,Phoenix,93,LA Clippers,97,0.9587628865979382
2012-03-12,383,320304010,2012-03-12,Houston,85,LA Clippers,94,0.9042553191489362
2012-03-14,384,320305016,2012-03-14,Minnesota,96,LA Clippers,82,1.170731707317073
2012-03-17,385,320309024,2012-03-17,San Antonio,95,LA Clippers,91,1.043956043956044
2012-03-21,386,320314012,2012-03-21,LA Clippers,114,Atlanta,91,1.2527472527472527
2012-03-22,387,320315012,2012-03-22,LA Clippers,97,Phoenix,90,1.0777777777777775
2012-03-24,388,320317012,2012-03-24,LA Clippers,101,Houston,85,1.188235294117647
2012-03-26,389,320318012,2012-03-26,LA Clippers,97,Detroit,85,1.1411764705882352
2012-03-28,390,320320011,2012-03-28,Indiana,103,LA Clippers,86,1.1976744186046508
2012-03-30,391,320321025,2012-03-30,Oklahoma City,98,LA Clippers,97,1.0103092783505154
2012-03-31,392,320322003,2012-03-31,New Orleans,105,LA Clippers,96,1.09375
2012-04-02,393,320324012,2012-04-02,LA Clippers,75,Memphis,94,0.7978723404255319
2012-04-04,394,320326012,2012-04-04,LA Clippers,108,New Orleans,113,0.9557522123893806
2012-04-05,395,320328012,2012-04-05,LA Clippers,85,Phoenix,93,0.913978494623656
2012-04-07,396,320330012,2012-04-07,LA Clippers,109,Portland,94,1.1595744680851063
2012-04-09,397,320331012,2012-04-09,LA Clippers,94,Utah,85,1.1058823529411763
2012-04-11,398,320402006,2012-04-11,Dallas,98,LA Clippers,100,0.98
2012-04-12,399,320404012,2012-04-12,LA Clippers,82,Los Angeles,95,0.8631578947368421
2012-04-14,400,320405023,2012-04-14,Sacramento,112,LA Clippers,104,1.0769230769230769
2012-04-16,401,320407012,2012-04-16,LA Clippers,92,Sacramento,77,1.1948051948051948
2012-04-18,402,320409029,2012-04-18,Memphis,98,LA Clippers,104,0.9423076923076924
2012-04-19,403,320411025,2012-04-19,Oklahoma City,93,LA Clippers,90,1.0333333333333334
2012-04-22,404,320412016,2012-04-22,Minnesota,107,LA Clippers,98,1.0918367346938775
2012-04-25,405,320416012,2012-04-25,LA Clippers,99,Oklahoma City,93,1.064516129032258
2012-12-25,406,320418007,2012-12-25,Denver,87,LA Clippers,88,0.9886363636363636
2012-12-26,407,320419021,2012-12-26,Phoenix,100,LA Clippers,91,1.0989010989010992
2012-12-27,408,320422012,2012-12-27,LA Clippers,96,New Orleans,71,1.352112676056338
2012-12-29,409,320424001,2012-12-29,Atlanta,99,LA Clippers,82,1.2073170731707317
2012-01-01,410,311225013,2012-01-01,Los Angeles Lakers,99,Chicago,90,1.1
2012-01-03,411,311226023,2012-01-03,Sacramento,108,Los Angeles Lakers,99,1.0909090909090908
2012-01-05,412,311227013,2012-01-05,Los Angeles Lakers,107,Utah,96,1.1145833333333333
2012-01-08,413,311231013,2012-01-08,Los Angeles Lakers,90,Denver,82,1.0975609756097562
2012-01-10,414,320101007,2012-01-10,Denver,99,Los Angeles Lakers,83,1.1927710843373494
2012-01-11,415,320103013,2012-01-11,Los Angeles Lakers,87,Houston,90,0.9666666666666668
2012-01-13,416,320105022,2012-01-13,Portland,97,Los Angeles Lakers,92,1.0543478260869563
2012-01-16,417,320108013,2012-01-16,Los Angeles Lakers,73,Memphis,70,1.042857142857143
2012-01-19,418,320110013,2012-01-19,Los Angeles Lakers,98,Phoenix,87,1.1264367816091954
2012-01-20,419,320111026,2012-01-20,Utah,92,Los Angeles Lakers,80,1.15
2012-01-22,420,320113013,2012-01-22,Los Angeles Lakers,96,Cleveland,98,0.979591836734694
2012-01-28,421,320116013,2012-01-28,Los Angeles Lakers,100,Dallas,89,1.1235955056179776
2012-01-29,422,320119014,2012-01-29,Miami,101,Los Angeles Lakers,106,0.9528301886792452
2012-01-31,423,320120019,2012-01-31,Orlando,106,Los Angeles Lakers,73,1.452054794520548
2012-02-03,424,320122013,2012-02-03,Los Angeles Lakers,89,Indiana,93,0.956989247311828
2012-02-06,425,320128015,2012-02-06,Milwaukee,95,Los Angeles Lakers,90,1.0555555555555556
2012-02-09,426,320129016,2012-02-09,Minnesota,87,Los Angeles Lakers,88,0.9886363636363636
2012-02-10,427,320131013,2012-02-10,Los Angeles Lakers,92,Charlotte,85,1.0823529411764703
2012-02-12,428,320203007,2012-02-12,Denver,92,Los Angeles Lakers,94,0.9787234042553192
2012-02-14,429,320204026,2012-02-14,Utah,86,Los Angeles Lakers,78,1.1025641025641026
2012-02-23,430,320214013,2012-02-23,Los Angeles Lakers,100,Atlanta,85,1.1764705882352942
2012-03-02,431,320217013,2012-03-02,Los Angeles Lakers,115,Phoenix,107,1.074766355140187
2012-03-04,432,320219021,2012-03-04,Phoenix,93,Los Angeles Lakers,83,1.120481927710843
2012-03-06,433,320220013,2012-03-06,Los Angeles Lakers,88,Portland,85,1.0352941176470591
2012-03-07,434,320222006,2012-03-07,Dallas,106,Los Angeles Lakers,101,1.0495049504950495
2012-03-09,435,320223025,2012-03-09,Oklahoma City,102,Los Angeles Lakers,105,0.9714285714285714
2012-03-11,436,320229013,2012-03-11,Los Angeles Lakers,97,Minnesota,94,1.0319148936170213
2012-03-13,437,320302013,2012-03-13,Los Angeles Lakers,111,Sacramento,116,0.956896551724138
2012-03-14,438,320304013,2012-03-14,Los Angeles Lakers,101,Miami,107,0.9439252336448598
2012-03-16,439,320306008,2012-03-16,Detroit,97,Los Angeles Lakers,92,1.0543478260869563
2012-03-18,440,320307027,2012-03-18,Washington,99,Los Angeles Lakers,103,0.9611650485436892
2012-03-20,441,320309016,2012-03-20,Minnesota,107,Los Angeles Lakers,104,1.0288461538461535
2012-03-23,442,320313029,2012-03-23,Memphis,103,Los Angeles Lakers,96,1.0729166666666667
2012-03-25,443,320314003,2012-03-25,New Orleans,96,Los Angeles Lakers,102,0.9411764705882352
2012-03-27,444,320316013,2012-03-27,Los Angeles Lakers,101,Minnesota,104,0.971153846153846
2012-03-29,445,320318013,2012-03-29,Los Angeles Lakers,93,Utah,102,0.9117647058823528
2012-03-31,446,320320010,2012-03-31,Houston,88,Los Angeles Lakers,85,1.0352941176470591
2012-04-01,447,320321006,2012-04-01,Dallas,120,Los Angeles Lakers,112,1.0714285714285714
2012-04-03,448,320323013,2012-04-03,Los Angeles Lakers,91,Portland,87,1.0459770114942528
2012-04-04,449,320325013,2012-04-04,Los Angeles Lakers,108,Memphis,113,0.9557522123893806
2012-04-07,450,320329013,2012-04-07,Los Angeles Lakers,125,Oklahoma City,105,1.1904761904761905
2012-04-09,451,320331013,2012-04-09,Los Angeles Lakers,91,New Orleans,93,0.9784946236559141
2012-04-17,452,320406013,2012-04-17,Los Angeles Lakers,91,Houston,112,0.8125
2012-04-18,453,320407021,2012-04-18,Phoenix,87,Los Angeles Lakers,99,0.8787878787878788
2012-04-20,454,320409003,2012-04-20,New Orleans,121,Los Angeles Lakers,97,1.2474226804123711
2012-04-22,455,320411024,2012-04-22,San Antonio,114,Los Angeles Lakers,106,1.0754716981132075
2012-04-26,456,320413013,2012-04-26,Los Angeles Lakers,113,Denver,96,1.1770833333333333
2012-12-26,457,320415013,2012-12-26,Los Angeles Lakers,84,Dallas,85,0.9882352941176472
2012-12-28,458,320417013,2012-12-28,Los Angeles Lakers,83,San Antonio,103,0.8058252427184466
2012-12-31,459,320420024,2012-12-31,San Antonio,107,Los Angeles Lakers,97,1.1030927835051547
2012-01-02,460,320422013,2012-01-02,Los Angeles Lakers,102,Oklahoma City,91,1.120879120879121
2012-01-04,461,320426023,2012-01-04,Sacramento,98,Los Angeles Lakers,89,1.1011235955056178
2012-01-06,462,311226021,2012-01-06,Phoenix Suns,102,New Orleans,77,1.324675324675325
2012-01-10,463,311230003,2012-01-10,New Orleans,99,Phoenix Suns,83,1.1927710843373494
2012-01-12,464,311231025,2012-01-12,Oklahoma City,90,Phoenix Suns,101,0.8910891089108911
2012-01-15,465,320104006,2012-01-15,Dallas,102,Phoenix Suns,91,1.120879120879121
2012-01-17,466,320106021,2012-01-17,Phoenix Suns,118,Portland,97,1.2164948453608246
2012-01-18,467,320108021,2012-01-18,Phoenix Suns,88,Milwaukee,91,0.967032967032967
2012-01-23,468,320112021,2012-01-23,Phoenix Suns,93,Cleveland,87,1.0689655172413792
2012-01-27,469,320115024,2012-01-27,San Antonio,109,Phoenix Suns,71,1.5352112676056338
2012-01-28,470,320117004,2012-01-28,Chicago,86,Phoenix Suns,84,1.0238095238095235
2012-02-03,471,320123006,2012-02-03,Dallas,99,Phoenix Suns,81,1.2222222222222223
2012-02-06,472,320127022,2012-02-06,Portland,90,Phoenix Suns,99,0.9090909090909092
2012-02-07,473,320128021,2012-02-07,Phoenix Suns,105,Memphis,107,0.9813084112149532
2012-02-09,474,320130021,2012-02-09,Phoenix Suns,89,Dallas,96,0.9270833333333334
2012-02-11,475,320201003,2012-02-11,New Orleans,84,Phoenix Suns,98,0.8571428571428571
2012-02-13,476,320203010,2012-02-13,Houston,102,Phoenix Suns,96,1.0625
2012-02-14,477,320204021,2012-02-14,Phoenix Suns,109,Charlotte,92,1.184782608695652
2012-02-15,478,320206001,2012-02-15,Atlanta,99,Phoenix Suns,101,0.9801980198019802
2012-02-17,479,320207015,2012-02-17,Milwaukee,111,Phoenix Suns,99,1.1212121212121209
2012-02-19,480,320209021,2012-02-19,Phoenix Suns,102,Houston,90,1.1333333333333333
2012-02-20,481,320211023,2012-02-20,Sacramento,104,Phoenix Suns,88,1.181818181818182
2012-03-01,482,320214007,2012-03-01,Denver,104,Phoenix Suns,95,1.0947368421052632
2012-03-02,483,320215021,2012-03-02,Phoenix Suns,81,Atlanta,78,1.0384615384615383
2012-03-08,484,320220021,2012-03-08,Phoenix Suns,96,Washington,94,1.0212765957446808
2012-03-12,485,320301021,2012-03-12,Phoenix Suns,124,Minnesota,127,0.9763779527559056
2012-03-15,486,320304021,2012-03-15,Phoenix Suns,87,Sacramento,91,0.956043956043956
2012-03-16,487,320307025,2012-03-16,Oklahoma City,109,Phoenix Suns,101,1.0792079207920793
2012-03-18,488,320308021,2012-03-18,Phoenix Suns,99,Dallas,86,1.1511627906976745
2012-03-20,489,320310021,2012-03-20,Phoenix Suns,99,Memphis,95,1.0421052631578946
2012-03-21,490,320312021,2012-03-21,Phoenix Suns,103,Minnesota,93,1.10752688172043
2012-03-23,491,320314021,2012-03-23,Phoenix Suns,111,Utah,113,0.9823008849557522
2012-03-27,492,320316021,2012-03-27,Phoenix Suns,100,Detroit,107,0.9345794392523364
2012-03-28,493,320318021,2012-03-28,Phoenix Suns,103,Houston,86,1.1976744186046508
2012-04-01,494,320320014,2012-04-01,Miami,92,Phoenix Suns,75,1.2266666666666666
2012-04-03,495,320321019,2012-04-03,Orlando,100,Phoenix Suns,109,0.9174311926605504
2012-04-04,496,320323011,2012-04-04,Indiana,105,Phoenix Suns,107,0.9813084112149532
2012-04-06,497,320325005,2012-04-06,Cleveland,105,Phoenix Suns,99,1.0606060606060606
2012-04-07,498,320327021,2012-04-07,Phoenix Suns,125,San Antonio,105,1.1904761904761905
2012-04-11,499,320401021,2012-04-11,Phoenix Suns,104,New Orleans,93,1.118279569892473
2012-04-13,500,320403023,2012-04-13,Sacramento,105,Phoenix Suns,112,0.9375
2012-04-14,501,320404026,2012-04-14,Utah,105,Phoenix Suns,91,1.1538461538461535
2012-04-16,502,320406007,2012-04-16,Denver,125,Phoenix Suns,107,1.1682242990654206
2012-04-19,503,320409016,2012-04-19,Minnesota,93,Phoenix Suns,90,1.0333333333333334
2012-04-21,504,320411029,2012-04-21,Memphis,107,Phoenix Suns,118,0.9067796610169492
2012-04-24,505,320413010,2012-04-24,Houston,100,Phoenix Suns,88,1.1363636363636365
2012-04-25,506,320414024,2012-04-25,San Antonio,106,Phoenix Suns,110,0.9636363636363636
2012-12-26,507,320416021,2012-12-26,Phoenix Suns,100,Portland,91,1.0989010989010992
2012-12-27,508,320418021,2012-12-27,Phoenix Suns,101,Oklahoma City,79,1.2784810126582278
2012-12-31,509,320421021,2012-12-31,Phoenix Suns,92,Denver,114,0.8070175438596491
2012-01-01,510,320424026,2012-01-01,Utah,96,Phoenix Suns,80,1.2
2012-01-03,511,320425021,2012-01-03,Phoenix Suns,113,San Antonio,96,1.1770833333333333
2012-01-05,512,311227022,2012-01-05,Portland,103,Sacramento Kings,100,1.03
2012-01-08,513,311229023,2012-01-08,Sacramento Kings,97,Chicago,104,0.9326923076923076
2012-01-11,514,320101023,2012-01-11,Sacramento Kings,91,New Orleans,98,0.9285714285714286
2012-01-13,515,320103029,2012-01-13,Memphis,103,Sacramento Kings,89,1.1573033707865168
2012-01-14,516,320104007,2012-01-14,Denver,99,Sacramento Kings,60,1.65
2012-01-16,517,320105023,2012-01-16,Sacramento Kings,99,Milwaukee,86,1.1511627906976745
2012-01-18,518,320108023,2012-01-18,Sacramento Kings,92,Orlando,88,1.0454545454545454
2012-01-23,519,320113010,2012-01-23,Houston,101,Sacramento Kings,89,1.1348314606741574
2012-01-25,520,320114006,2012-01-25,Dallas,93,Sacramento Kings,122,0.7622950819672131
2012-01-28,521,320116016,2012-01-28,Minnesota,96,Sacramento Kings,93,1.032258064516129
2012-01-31,522,320118023,2012-01-31,Sacramento Kings,93,Indiana,90,1.0333333333333334
2012-02-02,523,320120024,2012-02-02,San Antonio,95,Sacramento Kings,92,1.0326086956521738
2012-02-04,524,320121029,2012-02-04,Memphis,114,Sacramento Kings,106,1.0754716981132075
2012-02-06,525,320123022,2012-02-06,Portland,92,Sacramento Kings,100,0.92
2012-02-07,526,320125023,2012-02-07,Sacramento Kings,86,Denver,84,1.0238095238095235
2012-02-09,527,320128026,2012-02-09,Utah,106,Sacramento Kings,101,1.0495049504950495
2012-02-14,528,320202023,2012-02-14,Sacramento Kings,121,Portland,115,1.0521739130434782
2012-02-17,529,320206003,2012-02-17,New Orleans,114,Sacramento Kings,108,1.0555555555555556
2012-02-19,530,320207016,2012-02-19,Minnesota,93,Sacramento Kings,92,1.0108695652173914
2012-02-21,531,320209023,2012-02-21,Sacramento Kings,120,Oklahoma City,108,1.1111111111111112
2012-02-28,532,320214004,2012-02-28,Chicago,103,Sacramento Kings,96,1.0729166666666667
2012-03-02,533,320217008,2012-03-02,Detroit,115,Sacramento Kings,107,1.074766355140187
2012-03-04,534,320219005,2012-03-04,Cleveland,96,Sacramento Kings,88,1.0909090909090908
2012-03-05,535,320221014,2012-03-05,Miami,119,Sacramento Kings,116,1.0258620689655171
2012-03-07,536,320222027,2012-03-07,Washington,99,Sacramento Kings,98,1.010204081632653
2012-03-09,537,320228023,2012-03-09,Sacramento Kings,110,Utah,97,1.134020618556701
2012-03-16,538,320305007,2012-03-16,Denver,120,Sacramento Kings,95,1.263157894736842
2012-03-18,539,320307023,2012-03-18,Sacramento Kings,115,New Orleans,99,1.1616161616161615
2012-03-20,540,320309023,2012-03-20,Sacramento Kings,119,Dallas,110,1.0818181818181818
2012-03-22,541,320311023,2012-03-22,Sacramento Kings,102,Atlanta,103,0.9902912621359224
2012-03-26,542,320314023,2012-03-26,Sacramento Kings,113,Detroit,106,1.0660377358490567
2012-03-30,543,320318023,2012-03-30,Sacramento Kings,103,Minnesota,104,0.9903846153846154
2012-03-31,544,320320023,2012-03-31,Sacramento Kings,99,Memphis,111,0.8918918918918919
2012-04-02,545,320322023,2012-04-02,Sacramento Kings,116,Utah,108,1.0740740740740742
2012-04-05,546,320326010,2012-04-05,Houston,85,Sacramento Kings,93,0.913978494623656
2012-04-07,547,320328023,2012-04-07,Sacramento Kings,109,San Antonio,94,1.1595744680851063
2012-04-08,548,320330026,2012-04-08,Utah,87,Sacramento Kings,104,0.8365384615384616
2012-04-11,549,320402023,2012-04-11,Sacramento Kings,105,Minnesota,96,1.09375
2012-04-20,550,320408023,2012-04-20,Sacramento Kings,92,Houston,103,0.8932038834951457
2012-04-22,551,320410006,2012-04-22,Dallas,88,Sacramento Kings,114,0.7719298245614035
2012-04-24,552,320411003,2012-04-24,New Orleans,118,Sacramento Kings,110,1.0727272727272728
2012-04-26,553,320413025,2012-04-26,Oklahoma City,113,Sacramento Kings,96,1.1770833333333333
2012-12-25,554,320415023,2012-12-25,Sacramento Kings,87,Portland,88,0.9886363636363636
2012-12-26,555,320418023,2012-12-26,Sacramento Kings,99,San Antonio,91,1.0879120879120878
2012-12-29,556,320420023,2012-12-29,Sacramento Kings,98,Oklahoma City,108,0.9074074074074074
2012-12-30,557,320422030,2012-12-30,Charlotte,101,Sacramento Kings,114,0.8859649122807017
2012-01-01,558,320424025,2012-01-01,Oklahoma City,104,Sacramento Kings,64,1.625
2012-01-10,559,320101004,2012-01-10,Chicago Bulls,100,Memphis,111,0.9009009009009008
2012-01-11,560,320103004,2012-01-11,Chicago Bulls,78,Atlanta,64,1.21875
2012-01-13,561,320104008,2012-01-13,Detroit,79,Chicago Bulls,88,0.8977272727272727
2012-01-14,562,320106019,2012-01-14,Orlando,77,Chicago Bulls,64,1.203125
2012-01-16,563,320107001,2012-01-16,Atlanta,102,Chicago Bulls,86,1.186046511627907
2012-01-17,564,320109004,2012-01-17,Chicago Bulls,118,Detroit,97,1.2164948453608246
2012-01-20,565,320110016,2012-01-20,Minnesota,75,Chicago Bulls,114,0.6578947368421053
2012-01-21,566,320111004,2012-01-21,Chicago Bulls,95,Washington,89,1.0674157303370786
2012-01-27,567,320116029,2012-01-27,Memphis,107,Chicago Bulls,100,1.07
2012-01-30,568,320120005,2012-01-30,Cleveland,88,Chicago Bulls,98,0.8979591836734694
2012-02-01,569,320121004,2012-02-01,Chicago Bulls,98,Charlotte,82,1.195121951219512
2012-02-04,570,320125004,2012-02-04,Chicago Bulls,90,Indiana,113,0.7964601769911505
2012-02-06,571,320127004,2012-02-06,Chicago Bulls,87,Milwaukee,108,0.8055555555555556
2012-02-08,572,320129014,2012-02-08,Miami,67,Chicago Bulls,90,0.7444444444444445
2012-02-10,573,320130027,2012-02-10,Washington,64,Chicago Bulls,95,0.6736842105263158
2012-02-16,574,320204015,2012-02-16,Milwaukee,89,Chicago Bulls,80,1.1125
2012-02-20,575,320208003,2012-02-20,New Orleans,90,Chicago Bulls,79,1.139240506329114
2012-02-22,576,320210030,2012-02-22,Charlotte,110,Chicago Bulls,91,1.2087912087912087
2012-03-07,577,320220004,2012-03-07,Chicago Bulls,104,Atlanta,106,0.981132075471698
2012-03-08,578,320222004,2012-03-08,Chicago Bulls,94,Milwaukee,99,0.9494949494949496
2012-03-10,579,320228004,2012-03-10,Chicago Bulls,111,New Orleans,97,1.1443298969072164
2012-03-12,580,320229024,2012-03-12,San Antonio,104,Chicago Bulls,99,1.0505050505050506
2012-03-14,581,320302005,2012-03-14,Cleveland,106,Chicago Bulls,102,1.03921568627451
2012-03-17,582,320305004,2012-03-17,Chicago Bulls,89,Indiana,80,1.1125
2012-03-19,583,320307015,2012-03-19,Milwaukee,59,Chicago Bulls,85,0.6941176470588235
2012-03-21,584,320308004,2012-03-21,Chicago Bulls,82,Orlando,94,0.8723404255319149
2012-03-24,585,320310004,2012-03-24,Chicago Bulls,102,Utah,101,1.00990099009901
2012-03-28,586,320314004,2012-03-28,Chicago Bulls,77,Miami,98,0.7857142857142857
2012-03-30,587,320316004,2012-03-30,Chicago Bulls,83,Portland,71,1.1690140845070425
2012-04-02,588,320319019,2012-04-02,Orlando,93,Chicago Bulls,99,0.9393939393939394
2012-04-10,589,320326004,2012-04-10,Chicago Bulls,98,Denver,86,1.1395348837209305
2012-04-12,590,320328001,2012-04-12,Atlanta,96,Chicago Bulls,86,1.1162790697674418
2012-04-15,591,320330004,2012-04-15,Chicago Bulls,94,Detroit,100,0.94
2012-04-16,592,320401025,2012-04-16,Oklahoma City,84,Chicago Bulls,87,0.9655172413793104
2012-04-18,593,320402004,2012-04-18,Chicago Bulls,68,Houston,100,0.68
2012-04-26,594,320412004,2012-04-26,Chicago Bulls,107,Miami,75,1.4266666666666667
2012-12-26,595,320415008,2012-12-26,Detroit,96,Chicago Bulls,104,0.9230769230769232
2012-12-28,596,320416004,2012-12-28,Chicago Bulls,89,Washington,105,0.8476190476190476
2012-12-30,597,320418030,2012-12-30,Charlotte,98,Chicago Bulls,91,1.0769230769230769
2012-01-01,598,320419014,2012-01-01,Miami,98,Chicago Bulls,82,1.195121951219512
2012-01-03,599,320421004,2012-01-03,Chicago Bulls,115,Dallas,101,1.1386138613861383
2012-01-04,600,320425011,2012-01-04,Indiana,92,Chicago Bulls,77,1.1948051948051948
2012-01-06,601,320426004,2012-01-06,Chicago Bulls,87,Cleveland,98,0.8877551020408163
2012-01-10,602,311228008,2012-01-10,Detroit,113,Cleveland Cavaliers,105,1.076190476190476
2012-01-12,603,311230011,2012-01-12,Indiana,90,Cleveland Cavaliers,101,0.8910891089108911
2012-01-16,604,320103005,2012-01-16,Cleveland Cavaliers,94,Charlotte,102,0.9215686274509804
2012-01-20,605,320106016,2012-01-20,Minnesota,75,Cleveland Cavaliers,114,0.6578947368421053
2012-01-21,606,320108022,2012-01-21,Portland,121,Cleveland Cavaliers,94,1.2872340425531914
2012-01-24,607,320110026,2012-01-24,Utah,92,Cleveland Cavaliers,85,1.0823529411764703
2012-01-29,608,320116030,2012-01-29,Charlotte,87,Cleveland Cavaliers,88,0.9886363636363636
2012-02-04,609,320121001,2012-02-04,Atlanta,91,Cleveland Cavaliers,88,1.0340909090909092
2012-02-07,610,320124014,2012-02-07,Miami,107,Cleveland Cavaliers,91,1.175824175824176
2012-02-17,611,320203019,2012-02-17,Orlando,87,Cleveland Cavaliers,111,0.7837837837837838
2012-02-19,612,320204005,2012-02-19,Cleveland Cavaliers,93,Dallas,92,1.0108695652173914
2012-02-21,613,320207014,2012-02-21,Miami,101,Cleveland Cavaliers,100,1.01
2012-02-28,614,320210005,2012-02-28,Cleveland Cavaliers,83,Milwaukee,86,0.9651162790697676
2012-03-03,615,320215005,2012-03-03,Cleveland Cavaliers,101,Indiana,98,1.030612244897959
2012-03-05,616,320217005,2012-03-05,Cleveland Cavaliers,100,Miami,109,0.9174311926605504
2012-03-09,617,320221005,2012-03-09,Cleveland Cavaliers,90,Detroit,96,0.9375
2012-03-11,618,320222005,2012-03-11,Cleveland Cavaliers,118,New Orleans,107,1.1028037383177571
2012-03-19,619,320303027,2012-03-19,Washington,100,Cleveland Cavaliers,105,0.9523809523809524
2012-03-21,620,320305005,2012-03-21,Cleveland Cavaliers,103,Utah,102,1.0098039215686274
2012-03-23,621,320307007,2012-03-23,Denver,93,Cleveland Cavaliers,80,1.1625
2012-03-25,622,320309025,2012-03-25,Oklahoma City,83,Cleveland Cavaliers,108,0.7685185185185185
2012-03-27,623,320311005,2012-03-27,Cleveland Cavaliers,103,Houston,85,1.2117647058823529
2012-03-30,624,320314015,2012-03-30,Milwaukee,84,Cleveland Cavaliers,121,0.6942148760330579
2012-03-31,625,320318005,2012-03-31,Cleveland Cavaliers,91,Atlanta,75,1.2133333333333334
2012-04-04,626,320321001,2012-04-04,Atlanta,107,Cleveland Cavaliers,98,1.0918367346938775
2012-04-06,627,320323019,2012-04-06,Orlando,80,Cleveland Cavaliers,84,0.9523809523809524
2012-04-11,628,320328005,2012-04-11,Cleveland Cavaliers,98,Detroit,104,0.9423076923076924
2012-04-13,629,320330005,2012-04-13,Cleveland Cavaliers,102,Milwaukee,83,1.2289156626506024
2012-04-15,630,320403005,2012-04-15,Cleveland Cavaliers,84,San Antonio,100,0.84
2012-04-17,631,320404015,2012-04-17,Milwaukee,116,Cleveland Cavaliers,77,1.5064935064935066
2012-04-22,632,320410005,2012-04-22,Cleveland Cavaliers,114,Charlotte,98,1.163265306122449
2012-04-23,633,320411005,2012-04-23,Cleveland Cavaliers,109,Indiana,101,1.0792079207920793
2012-04-25,634,320413011,2012-04-25,Indiana,85,Cleveland Cavaliers,96,0.8854166666666666
2012-04-26,635,320414027,2012-04-26,Washington,107,Cleveland Cavaliers,75,1.4266666666666667
2012-12-26,636,320415005,2012-12-26,Cleveland Cavaliers,91,Orlando,79,1.1518987341772151
2012-12-28,637,320417008,2012-12-28,Detroit,89,Cleveland Cavaliers,105,0.8476190476190476
2012-01-02,638,320422024,2012-01-02,San Antonio,89,Cleveland Cavaliers,78,1.1410256410256407
2012-01-04,639,320423029,2012-01-04,Memphis,83,Cleveland Cavaliers,99,0.8383838383838383
2012-01-06,640,320425005,2012-01-06,Cleveland Cavaliers,96,Washington,73,1.3150684931506849
2012-01-09,641,311226011,2012-01-09,Indiana,92,Detroit Pistons,68,1.3529411764705883
2012-01-13,642,311231008,2012-01-13,Detroit Pistons,81,Indiana,98,0.8265306122448979
2012-01-15,643,320102008,2012-01-15,Detroit Pistons,91,Orlando,99,0.9191919191919192
2012-01-23,644,320110008,2012-01-23,Detroit Pistons,99,Dallas,79,1.2531645569620251
2012-01-25,645,320112015,2012-01-25,Milwaukee,98,Detroit Pistons,101,0.9702970297029704
2012-01-27,646,320113030,2012-01-27,Charlotte,101,Detroit Pistons,107,0.9439252336448598
2012-01-30,647,320117010,2012-01-30,Houston,103,Detroit Pistons,82,1.2560975609756098
2012-01-31,648,320118016,2012-01-31,Minnesota,113,Detroit Pistons,86,1.313953488372093
2012-02-01,649,320120008,2012-02-01,Detroit Pistons,99,Memphis,96,1.03125
2012-02-03,650,320121008,2012-02-03,Detroit Pistons,88,Portland,80,1.1
2012-02-04,651,320123025,2012-02-04,Oklahoma City,89,Detroit Pistons,87,1.0229885057471264
2012-02-08,652,320125008,2012-02-08,Detroit Pistons,92,Miami,99,0.9292929292929292
2012-02-10,653,320127008,2012-02-10,Detroit Pistons,109,Atlanta,92,1.184782608695652
2012-02-14,654,320130015,2012-02-14,Milwaukee,95,Detroit Pistons,99,0.9595959595959596
2012-02-19,655,320203008,2012-02-19,Detroit Pistons,96,Milwaukee,81,1.1851851851851851
2012-02-21,656,320204008,2012-02-21,Detroit Pistons,101,New Orleans,100,1.01
2012-03-03,657,320212008,2012-03-03,Detroit Pistons,100,Washington,83,1.2048192771084338
2012-03-06,658,320214008,2012-03-06,Detroit Pistons,88,San Antonio,85,1.0352941176470591
2012-03-21,659,320229008,2012-03-21,Detroit Pistons,116,Charlotte,115,1.008695652173913
2012-03-23,660,320303029,2012-03-23,Memphis,73,Detroit Pistons,88,0.8295454545454546
2012-03-26,661,320309008,2012-03-26,Detroit Pistons,77,Atlanta,79,0.9746835443037974
2012-03-30,662,320312026,2012-03-30,Utah,83,Detroit Pistons,71,1.1690140845070425
2012-04-06,663,320321007,2012-04-06,Denver,101,Detroit Pistons,96,1.0520833333333333
2012-04-08,664,320323008,2012-04-08,Detroit Pistons,98,Miami,75,1.3066666666666666
2012-04-12,665,320326027,2012-04-12,Washington,85,Detroit Pistons,109,0.7798165137614679
2012-04-17,666,320331008,2012-04-17,Detroit Pistons,116,Charlotte,77,1.5064935064935066
2012-04-18,667,320403008,2012-04-18,Detroit Pistons,116,Orlando,84,1.380952380952381
2012-04-19,668,320405008,2012-04-19,Detroit Pistons,80,Washington,91,0.8791208791208791
2012-04-22,669,320406001,2012-04-22,Atlanta,76,Detroit Pistons,73,1.0410958904109588
2012-04-23,670,320408014,2012-04-23,Miami,103,Detroit Pistons,97,1.0618556701030928
2012-04-26,671,320409019,2012-04-26,Orlando,108,Detroit Pistons,86,1.255813953488372
2012-12-26,672,320412030,2012-12-26,Charlotte,91,Detroit Pistons,79,1.1518987341772151
2012-12-28,673,320413008,2012-12-28,Detroit Pistons,85,Milwaukee,90,0.9444444444444444
2012-01-02,674,320418001,2012-01-02,Atlanta,94,Detroit Pistons,108,0.8703703703703703
2012-01-04,675,320419008,2012-01-04,Detroit Pistons,118,Minnesota,83,1.4216867469879515
2012-01-07,676,320423011,2012-01-07,Indiana,99,Detroit Pistons,77,1.2857142857142858
2012-01-22,677,320104014,2012-01-22,Miami,96,Indiana Pacers,98,0.979591836734694
2012-01-25,678,320107011,2012-01-25,Indiana Pacers,90,Charlotte,95,0.9473684210526316
2012-01-29,679,320111011,2012-01-29,Indiana Pacers,85,Atlanta,106,0.8018867924528302
2012-02-08,680,320124011,2012-02-08,Indiana Pacers,97,Orlando,87,1.1149425287356325
2012-02-14,681,320129019,2012-02-14,Orlando,90,Indiana Pacers,105,0.8571428571428571
2012-02-16,682,320201016,2012-02-16,Minnesota,93,Indiana Pacers,88,1.056818181818182
2012-02-19,683,320203006,2012-02-19,Dallas,108,Indiana Pacers,73,1.4794520547945205
2012-02-21,684,320204011,2012-02-21,Indiana Pacers,117,Orlando,108,1.0833333333333333
2012-02-22,685,320207011,2012-02-22,Indiana Pacers,88,Utah,102,0.8627450980392157
2012-02-28,686,320208001,2012-02-28,Atlanta,102,Indiana Pacers,78,1.3076923076923077
2012-03-03,687,320210029,2012-03-03,Memphis,84,Indiana Pacers,102,0.8235294117647058
2012-03-05,688,320211011,2012-03-05,Indiana Pacers,92,Denver,72,1.2777777777777777
2012-03-06,689,320214011,2012-03-06,Indiana Pacers,96,Miami,101,0.9504950495049505
2012-03-13,690,320219011,2012-03-13,Indiana Pacers,92,Charlotte,75,1.2266666666666666
2012-03-14,691,320221011,2012-03-14,Indiana Pacers,111,New Orleans,94,1.180851063829787
2012-03-16,692,320222030,2012-03-16,Charlotte,115,Indiana Pacers,100,1.15
2012-03-20,693,320303003,2012-03-20,New Orleans,102,Indiana Pacers,89,1.146067415730337
2012-03-23,694,320306011,2012-03-23,Indiana Pacers,111,Atlanta,113,0.9823008849557522
2012-03-24,695,320310014,2012-03-24,Miami,104,Indiana Pacers,125,0.8320000000000001
2012-03-26,696,320311019,2012-03-26,Orlando,105,Indiana Pacers,90,1.1666666666666667
2012-03-28,697,320313011,2012-03-28,Indiana Pacers,100,Portland,84,1.1904761904761905
2012-04-04,698,320322027,2012-04-04,Washington,96,Indiana Pacers,109,0.8807339449541285
2012-04-07,699,320324015,2012-04-07,Milwaukee,72,Indiana Pacers,86,0.8372093023255814
2012-04-09,700,320326011,2012-04-09,Indiana Pacers,103,Miami,98,1.0510204081632653
2012-04-13,701,320329011,2012-04-13,Indiana Pacers,102,Washington,83,1.2289156626506024
2012-04-14,702,320331024,2012-04-14,San Antonio,99,Indiana Pacers,105,0.9428571428571428
2012-04-16,703,320401010,2012-04-16,Houston,111,Indiana Pacers,88,1.2613636363636365
2012-04-19,704,320404027,2012-04-19,Washington,118,Indiana Pacers,109,1.0825688073394495
2012-04-21,705,320406011,2012-04-21,Indiana Pacers,106,Oklahoma City,109,0.9724770642201837
2012-12-30,706,320414015,2012-12-30,Milwaukee,102,Indiana Pacers,81,1.2592592592592593
2012-01-02,707,320416011,2012-01-02,Indiana Pacers,91,Minnesota,86,1.0581395348837208
2012-01-05,708,320419011,2012-01-05,Indiana Pacers,103,Milwaukee,100,1.03
2012-01-12,709,311226030,2012-01-12,Charlotte,102,Milwaukee Bucks,93,1.0967741935483872
2012-01-13,710,311227015,2012-01-13,Milwaukee Bucks,102,Minnesota,76,1.3421052631578947
2012-01-16,711,311230015,2012-01-16,Milwaukee Bucks,94,Washington,82,1.146341463414634
2012-01-17,712,320102007,2012-01-17,Denver,95,Milwaukee Bucks,105,0.9047619047619048
2012-01-20,713,320103026,2012-01-20,Utah,86,Milwaukee Bucks,100,0.86
2012-01-27,714,320110015,2012-01-27,Milwaukee Bucks,107,San Antonio,100,1.07
2012-01-30,715,320113006,2012-01-30,Dallas,103,Milwaukee Bucks,82,1.2560975609756098
2012-02-03,716,320117015,2012-02-03,Milwaukee Bucks,88,Denver,80,1.1
2012-02-07,717,320122014,2012-02-07,Miami,105,Milwaukee Bucks,107,0.9813084112149532
2012-02-08,718,320123015,2012-02-08,Milwaukee Bucks,99,Atlanta,105,0.9428571428571428
2012-02-10,719,320125010,2012-02-10,Houston,112,Milwaukee Bucks,113,0.991150442477876
2012-02-17,720,320201015,2012-02-17,Milwaukee Bucks,94,Miami,85,1.1058823529411763
2012-03-03,721,320211015,2012-03-03,Milwaukee Bucks,114,Orlando,98,1.163265306122449
2012-03-05,722,320213015,2012-03-05,Milwaukee Bucks,97,Miami,93,1.043010752688172
2012-03-07,723,320215015,2012-03-07,Milwaukee Bucks,104,New Orleans,106,0.981132075471698
2012-03-09,724,320217019,2012-03-09,Orlando,119,Milwaukee Bucks,114,1.043859649122807
2012-03-12,725,320220015,2012-03-12,Milwaukee Bucks,99,Orlando,105,0.9428571428571428
2012-03-16,726,320228015,2012-03-16,Milwaukee Bucks,98,Washington,120,0.8166666666666667
2012-03-22,727,320302001,2012-03-22,Atlanta,91,Milwaukee Bucks,100,0.91
2012-03-23,728,320303019,2012-03-23,Orlando,92,Milwaukee Bucks,112,0.8214285714285714
2012-04-06,729,320320022,2012-04-06,Portland,95,Milwaukee Bucks,90,1.0555555555555556
2012-04-09,730,320323030,2012-04-09,Charlotte,89,Milwaukee Bucks,109,0.8165137614678899
2012-04-14,731,320327015,2012-04-14,Milwaukee Bucks,99,Atlanta,105,0.9428571428571428
2012-04-19,732,320331015,2012-04-19,Milwaukee Bucks,118,Memphis,109,1.0825688073394495
2012-04-21,733,320402027,2012-04-21,Washington,106,Milwaukee Bucks,95,1.1157894736842104
2012-04-25,734,320406015,2012-04-25,Milwaukee Bucks,85,Charlotte,90,0.9444444444444444
2012-04-26,735,320407015,2012-04-26,Milwaukee Bucks,87,Portland,74,1.1756756756756757
2012-12-25,736,320409015,2012-12-25,Milwaukee Bucks,94,Oklahoma City,105,0.8952380952380953
2012-01-01,737,320418027,2012-01-01,Washington,99,Milwaukee Bucks,82,1.2073170731707317
2012-01-11,738,311225006,2012-01-11,Dallas Mavericks,85,Miami,90,0.9444444444444444
2012-01-13,739,311226006,2012-01-13,Dallas Mavericks,102,Denver,76,1.3421052631578947
2012-01-14,740,311229025,2012-01-14,Oklahoma City,99,Dallas Mavericks,60,1.65
2012-01-18,741,320101016,2012-01-18,Minnesota,91,Dallas Mavericks,89,1.0224719101123596
2012-01-19,742,320102006,2012-01-19,Dallas Mavericks,91,Oklahoma City,94,0.9680851063829788
2012-01-23,743,320105024,2012-01-23,San Antonio,93,Dallas Mavericks,87,1.0689655172413792
2012-01-25,744,320107006,2012-01-25,Dallas Mavericks,90,New Orleans,105,0.8571428571428571
2012-02-08,745,320119026,2012-02-08,Utah,95,Dallas Mavericks,105,0.9047619047619048
2012-02-10,746,320121003,2012-02-10,New Orleans,97,Dallas Mavericks,104,0.9326923076923076
2012-02-13,747,320125006,2012-02-13,Dallas Mavericks,96,Minnesota,92,1.0434782608695652
2012-02-15,748,320127006,2012-02-15,Dallas Mavericks,102,Utah,84,1.2142857142857142
2012-02-17,749,320129006,2012-02-17,Dallas Mavericks,75,San Antonio,82,0.9146341463414634
2012-02-20,750,320201006,2012-02-20,Dallas Mavericks,89,Oklahoma City,73,1.2191780821917808
2012-03-02,751,320208007,2012-03-02,Denver,97,Dallas Mavericks,92,1.0543478260869563
2012-03-03,752,320210016,2012-03-03,Minnesota,102,Dallas Mavericks,96,1.0625
2012-03-05,753,320211006,2012-03-05,Dallas Mavericks,95,Portland,91,1.043956043956044
2012-03-08,754,320215006,2012-03-08,Dallas Mavericks,96,Denver,94,1.0212765957446808
2012-03-19,755,320229029,2012-03-19,Memphis,95,Dallas Mavericks,112,0.8482142857142857
2012-03-21,756,320302003,2012-03-21,New Orleans,93,Dallas Mavericks,109,0.8532110091743119
2012-03-23,757,320303006,2012-03-23,Dallas Mavericks,104,Utah,87,1.1954022988505748
2012-03-24,758,320305025,2012-03-24,Oklahoma City,99,Dallas Mavericks,101,0.9801980198019802
2012-04-04,759,320313006,2012-04-04,Dallas Mavericks,95,Washington,85,1.1176470588235294
2012-04-06,760,320315006,2012-04-06,Dallas Mavericks,97,Charlotte,99,0.9797979797979798
2012-04-07,761,320317006,2012-04-07,Dallas Mavericks,94,San Antonio,89,1.0561797752808988
2012-04-10,762,320319007,2012-04-10,Denver,110,Dallas Mavericks,100,1.1
2012-04-13,763,320323024,2012-04-13,San Antonio,94,Dallas Mavericks,97,0.9690721649484536
2012-04-15,764,320324010,2012-04-15,Houston,112,Dallas Mavericks,108,1.037037037037037
2012-04-16,765,320327006,2012-04-16,Dallas Mavericks,123,Houston,121,1.0165289256198349
2012-04-18,766,320329014,2012-04-18,Miami,117,Dallas Mavericks,110,1.0636363636363635
2012-04-20,767,320330019,2012-04-20,Orlando,104,Dallas Mavericks,94,1.1063829787234043
2012-04-26,768,320404006,2012-04-26,Dallas Mavericks,106,Memphis,89,1.1910112359550562
2012-12-26,769,320406006,2012-12-26,Dallas Mavericks,104,Portland,95,1.0947368421052632
2012-12-29,770,320407029,2012-12-29,Memphis,105,Dallas Mavericks,85,1.2352941176470589
2012-01-03,771,320413022,2012-01-03,Portland,108,Dallas Mavericks,99,1.0909090909090908
2012-01-06,772,320416026,2012-01-06,Utah,109,Dallas Mavericks,94,1.1595744680851063
2012-01-07,773,320418006,2012-01-07,Dallas Mavericks,95,Houston,98,0.9693877551020408
2012-01-13,774,320426001,2012-01-13,Atlanta,103,Dallas Mavericks,89,1.1573033707865168
2012-01-14,775,311226019,2012-01-14,Orlando,107,Houston Rockets,105,1.019047619047619
2012-01-16,776,311229010,2012-01-16,Houston Rockets,106,San Antonio,114,0.9298245614035088
2012-01-17,777,311230029,2012-01-17,Memphis,97,Houston Rockets,80,1.2125
2012-01-19,778,311231010,2012-01-19,Houston Rockets,90,Atlanta,88,1.0227272727272727
2012-01-25,779,320106025,2012-01-25,Oklahoma City,99,Houston Rockets,105,0.9428571428571428
2012-01-27,780,320107010,2012-01-27,Houston Rockets,103,Oklahoma City,76,1.3552631578947372
2012-01-28,781,320110030,2012-01-28,Charlotte,97,Houston Rockets,84,1.1547619047619049
2012-01-30,782,320111024,2012-01-30,San Antonio,108,Houston Rockets,120,0.9
2012-02-03,783,320114010,2012-02-03,Houston Rockets,99,Portland,81,1.2222222222222223
2012-02-04,784,320116027,2012-02-04,Washington,100,Houston Rockets,91,1.0989010989010992
2012-02-08,785,320119010,2012-02-08,Houston Rockets,96,New Orleans,103,0.9320388349514565
2012-02-09,786,320121010,2012-02-09,Houston Rockets,89,San Antonio,96,0.9270833333333334
2012-02-12,787,320123016,2012-02-12,Minnesota,106,Houston Rockets,97,1.092783505154639
2012-02-15,788,320127010,2012-02-15,Houston Rockets,96,Washington,95,1.0105263157894735
2012-02-19,789,320130010,2012-02-19,Houston Rockets,101,Minnesota,85,1.188235294117647
2012-02-20,790,320201024,2012-02-20,San Antonio,97,Houston Rockets,93,1.043010752688172
2012-02-28,791,320204016,2012-02-28,Minnesota,88,Houston Rockets,85,1.0352941176470591
2012-03-02,792,320206007,2012-03-02,Denver,105,Houston Rockets,117,0.8974358974358975
2012-03-04,793,320208022,2012-03-04,Portland,103,Houston Rockets,105,0.9809523809523808
2012-03-10,794,320214029,2012-03-10,Memphis,106,Houston Rockets,112,0.9464285714285714
2012-03-11,795,320215010,2012-03-11,Houston Rockets,118,Oklahoma City,107,1.1028037383177571
2012-03-13,796,320217010,2012-03-13,Houston Rockets,103,Minnesota,104,0.9903846153846154
2012-03-14,797,320219010,2012-03-14,Houston Rockets,107,Utah,87,1.2298850574712643
2012-03-17,798,320220010,2012-03-17,Houston Rockets,95,Memphis,91,1.043956043956044
2012-03-22,799,320229026,2012-03-22,Utah,109,Houston Rockets,83,1.313253012048193
2012-03-24,800,320302010,2012-03-24,Houston Rockets,99,Denver,101,0.9801980198019802
2012-04-06,801,320313025,2012-04-06,Oklahoma City,107,Houston Rockets,112,0.9553571428571428
2012-04-08,802,320314010,2012-04-08,Houston Rockets,87,Charlotte,104,0.8365384615384616
2012-04-21,803,320330010,2012-04-21,Houston Rockets,99,Memphis,96,1.03125
2012-12-30,804,320409022,2012-12-30,Portland,113,Houston Rockets,93,1.2150537634408602
2012-01-01,805,320411010,2012-01-01,Houston Rockets,104,Utah,64,1.625
2012-01-04,806,320415007,2012-01-04,Denver,86,Houston Rockets,90,0.9555555555555556
2012-01-06,807,320416010,2012-01-06,Houston Rockets,94,Denver,85,1.1058823529411763
2012-01-10,808,320419003,2012-01-10,New Orleans,95,Houston Rockets,100,0.95
2012-01-14,809,320422014,2012-01-14,Miami,108,Houston Rockets,99,1.0909090909090908
2012-01-16,810,320426010,2012-01-16,Houston Rockets,102,New Orleans,86,1.186046511627907
2012-01-18,811,311226024,2012-01-18,San Antonio,87,Memphis Grizzlies,93,0.935483870967742
2012-01-20,812,311228029,2012-01-20,Memphis Grizzlies,81,Oklahoma City,98,0.8265306122448979
2012-01-26,813,320104016,2012-01-26,Minnesota,98,Memphis Grizzlies,91,1.0769230769230769
2012-01-28,814,320106026,2012-01-28,Utah,86,Memphis Grizzlies,84,1.0238095238095235
2012-01-31,815,320110029,2012-01-31,Memphis Grizzlies,100,Oklahoma City,97,1.0309278350515465
2012-02-03,816,320114029,2012-02-03,Memphis Grizzlies,101,New Orleans,94,1.074468085106383
2012-02-06,817,320118003,2012-02-06,New Orleans,84,Memphis Grizzlies,89,0.9438202247191012
2012-02-14,818,320124022,2012-02-14,Portland,93,Memphis Grizzlies,83,1.120481927710843
2012-02-18,819,320130029,2012-02-18,Memphis Grizzlies,104,San Antonio,103,1.0097087378640777
2012-02-20,820,320131029,2012-02-20,Memphis Grizzlies,97,Denver,93,1.043010752688172
2012-02-21,821,320202001,2012-02-21,Atlanta,89,Memphis Grizzlies,76,1.1710526315789471
2012-03-02,822,320203025,2012-03-02,Oklahoma City,99,Memphis Grizzlies,102,0.9705882352941176
2012-03-07,823,320206029,2012-03-07,Memphis Grizzlies,92,San Antonio,110,0.8363636363636363
2012-03-10,824,320208029,2012-03-10,Memphis Grizzlies,98,Minnesota,91,1.0769230769230769
2012-03-13,825,320212029,2012-03-13,Memphis Grizzlies,111,Utah,116,0.956896551724138
2012-03-20,826,320217029,2012-03-20,Memphis Grizzlies,119,Denver,110,1.0818181818181818
2012-04-04,827,320311007,2012-04-04,Denver,95,Memphis Grizzlies,85,1.1176470588235294
2012-04-09,828,320318029,2012-04-09,Memphis Grizzlies,94,Washington,85,1.1058823529411763
2012-04-12,829,320322022,2012-04-12,Portland,107,Memphis Grizzlies,97,1.1030927835051547
2012-04-17,830,320327029,2012-04-17,Memphis Grizzlies,84,Minnesota,91,0.9230769230769232
2012-04-21,831,320402025,2012-04-21,Oklahoma City,93,Memphis Grizzlies,89,1.0449438202247192
2012-12-26,832,320406014,2012-12-26,Miami,84,Memphis Grizzlies,85,0.9882352941176472
2012-01-02,833,320412024,2012-01-02,San Antonio,94,Memphis Grizzlies,90,1.0444444444444445
2012-01-04,834,320414029,2012-01-04,Memphis Grizzlies,93,Utah,101,0.9207920792079208
2012-01-06,835,320415003,2012-01-06,New Orleans,88,Memphis Grizzlies,96,0.9166666666666666
2012-01-07,836,320417016,2012-01-07,Minnesota,96,Memphis Grizzlies,81,1.1851851851851851
2012-01-09,837,320418029,2012-01-09,Memphis Grizzlies,81,New Orleans,94,0.8617021276595744
2012-01-11,838,320420030,2012-01-11,Charlotte,85,Memphis Grizzlies,95,0.8947368421052632
2012-01-13,839,320421029,2012-01-13,Memphis Grizzlies,80,Portland,87,0.9195402298850576
2012-01-16,840,320426029,2012-01-16,Memphis Grizzlies,77,Orlando,84,0.9166666666666666
2012-01-25,841,320102026,2012-01-25,Utah,101,New Orleans Pelicans,91,1.10989010989011
2012-01-29,842,320106003,2012-01-29,New Orleans Pelicans,72,Denver,94,0.7659574468085106
2012-02-01,843,320109007,2012-02-01,Denver,103,New Orleans Pelicans,120,0.8583333333333333
2012-02-02,844,320111003,2012-02-02,New Orleans Pelicans,93,Oklahoma City,81,1.148148148148148
2012-02-04,845,320113003,2012-02-04,New Orleans Pelicans,89,Minnesota,87,1.0229885057471264
2012-02-08,846,320116003,2012-02-08,New Orleans Pelicans,67,Portland,90,0.7444444444444445
2012-02-17,847,320123003,2012-02-17,New Orleans Pelicans,85,San Antonio,89,0.9550561797752808
2012-02-20,848,320125025,2012-02-20,Oklahoma City,101,New Orleans Pelicans,93,1.0860215053763442
2012-02-21,849,320127003,2012-02-21,New Orleans Pelicans,117,Orlando,108,1.0833333333333333
2012-02-22,850,320129003,2012-02-22,New Orleans Pelicans,84,Atlanta,89,0.9438202247191012
2012-02-28,851,320130014,2012-02-28,Miami,99,New Orleans Pelicans,95,1.0421052631578946
2012-03-03,852,320202024,2012-03-03,San Antonio,84,New Orleans Pelicans,102,0.8235294117647058
2012-03-10,853,320210003,2012-03-10,New Orleans Pelicans,89,Portland,95,0.936842105263158
2012-03-12,854,320213003,2012-03-12,New Orleans Pelicans,71,Utah,73,0.9726027397260274
2012-03-17,855,320220025,2012-03-17,Oklahoma City,94,New Orleans Pelicans,102,0.9215686274509804
2012-03-31,856,320305022,2012-03-31,Portland,88,New Orleans Pelicans,85,1.0352941176470591
2012-04-04,857,320309007,2012-04-04,Denver,94,New Orleans Pelicans,92,1.0217391304347827
2012-04-06,858,320310016,2012-04-06,Minnesota,128,New Orleans Pelicans,103,1.2427184466019416
2012-04-07,859,320312003,2012-04-07,New Orleans Pelicans,99,Charlotte,90,1.1
2012-04-11,860,320315003,2012-04-11,New Orleans Pelicans,105,Washington,96,1.09375
2012-04-18,861,320324003,2012-04-18,New Orleans Pelicans,103,San Antonio,91,1.1318681318681318
2012-04-24,862,320329022,2012-04-24,Portland,81,New Orleans Pelicans,83,0.9759036144578314
2012-12-28,863,320404003,2012-12-28,New Orleans Pelicans,115,Denver,90,1.2777777777777777
2012-12-29,864,320406024,2012-12-29,San Antonio,105,New Orleans Pelicans,85,1.2352941176470589
2012-12-31,865,320407003,2012-12-31,New Orleans Pelicans,104,Minnesota,89,1.1685393258426966
2012-01-05,866,320413003,2012-01-05,New Orleans Pelicans,93,Utah,71,1.3098591549295775
2012-01-08,867,320416030,2012-01-08,Charlotte,108,New Orleans Pelicans,96,1.125
2012-01-23,868,311231024,2012-01-23,San Antonio Spurs,102,Utah,104,0.9807692307692308
2012-01-25,869,320102016,2012-01-25,Minnesota,105,San Antonio Spurs,83,1.2650602409638554
2012-01-30,870,320107024,2012-01-30,San Antonio Spurs,73,Denver,83,0.8795180722891566
2012-02-01,871,320108025,2012-02-01,Oklahoma City,99,San Antonio Spurs,91,1.0879120879120878
2012-02-06,872,320113024,2012-02-06,San Antonio Spurs,84,Portland,89,0.9438202247191012
2012-02-11,873,320117014,2012-02-11,Miami,89,San Antonio Spurs,103,0.8640776699029126
2012-02-14,874,320118019,2012-02-14,Orlando,95,San Antonio Spurs,99,0.9595959595959596
2012-02-21,875,320125024,2012-02-21,San Antonio Spurs,137,Atlanta,97,1.4123711340206186
2012-02-23,876,320127016,2012-02-23,Minnesota,99,San Antonio Spurs,114,0.8684210526315791
2012-03-12,877,320204024,2012-03-12,San Antonio Spurs,112,Oklahoma City,97,1.154639175257732
2012-03-25,878,320220026,2012-03-25,Utah,93,San Antonio Spurs,76,1.2236842105263157
2012-03-27,879,320221022,2012-03-27,Portland,100,San Antonio Spurs,107,0.9345794392523364
2012-03-28,880,320223007,2012-03-28,Denver,112,San Antonio Spurs,117,0.9572649572649572
2012-04-03,881,320302024,2012-04-03,San Antonio Spurs,90,Charlotte,125,0.72
2012-04-04,882,320304024,2012-04-04,San Antonio Spurs,86,Denver,87,0.9885057471264368
2012-04-09,883,320312024,2012-04-09,San Antonio Spurs,91,Washington,84,1.0833333333333333
2012-04-11,884,320314024,2012-04-11,San Antonio Spurs,84,Orlando,98,0.8571428571428571
2012-04-12,885,320316025,2012-04-12,Oklahoma City,107,San Antonio Spurs,97,1.1030927835051547
2012-04-16,886,320321024,2012-04-16,San Antonio Spurs,99,Minnesota,120,0.825
2012-12-30,887,320408024,2012-12-30,San Antonio Spurs,105,Utah,98,1.0714285714285714
2012-12-31,888,320409026,2012-12-31,Utah,95,San Antonio Spurs,84,1.130952380952381
2012-01-14,889,320423024,2012-01-14,San Antonio Spurs,93,Portland,91,1.021978021978022
2012-01-21,890,311228001,2012-01-21,Atlanta Hawks,121,Washington,94,1.2872340425531914
2012-01-27,891,320102014,2012-01-27,Miami,101,Atlanta Hawks,107,0.9439252336448598
2012-01-31,892,320105001,2012-01-31,Atlanta Hawks,77,Miami,100,0.77
2012-02-02,893,320106030,2012-02-02,Charlotte,77,Atlanta Hawks,96,0.8020833333333334
2012-02-10,894,320112001,2012-02-10,Atlanta Hawks,87,Charlotte,89,0.9775280898876404
2012-02-12,895,320114001,2012-02-12,Atlanta Hawks,87,Minnesota,107,0.8130841121495327
2012-02-15,896,320118001,2012-02-15,Atlanta Hawks,99,Portland,101,0.9801980198019802
2012-03-14,897,320210019,2012-03-14,Orlando,96,Atlanta Hawks,82,1.170731707317073
2012-03-16,898,320212001,2012-03-16,Atlanta Hawks,102,Miami,88,1.1590909090909092
2012-03-21,899,320218022,2012-03-21,Portland,103,Atlanta Hawks,102,1.0098039215686274
2012-03-25,900,320223001,2012-03-25,Atlanta Hawks,139,Orlando,133,1.045112781954887
2012-03-30,901,320303001,2012-03-30,Atlanta Hawks,100,Oklahoma City,90,1.1111111111111112
2012-04-04,902,320307014,2012-04-04,Miami,120,Atlanta Hawks,93,1.2903225806451613
2012-04-11,903,320313007,2012-04-11,Denver,88,Atlanta Hawks,86,1.0232558139534884
2012-04-15,904,320316001,2012-04-15,Atlanta Hawks,86,Washington,102,0.8431372549019608
2012-04-24,905,320324027,2012-04-24,Washington,109,Atlanta Hawks,102,1.068627450980392
2012-04-26,906,320325001,2012-04-26,Atlanta Hawks,106,Utah,89,1.1910112359550562
2012-01-03,907,320404001,2012-01-03,Atlanta Hawks,115,Charlotte,101,1.1386138613861383
2012-01-06,908,320407030,2012-01-06,Charlotte,96,Atlanta Hawks,102,0.9411764705882352
2012-01-09,909,320413019,2012-01-09,Orlando,91,Atlanta Hawks,87,1.0459770114942528
2012-01-24,910,311228030,2012-01-24,Charlotte Hornets,78,Miami,111,0.7027027027027027
2012-01-25,911,311230030,2012-01-25,Charlotte Hornets,92,Orlando,75,1.2266666666666666
2012-01-27,912,320101014,2012-01-27,Miami,89,Charlotte Hornets,72,1.2361111111111112
2012-02-19,913,320117019,2012-02-19,Orlando,108,Charlotte Hornets,73,1.4794520547945205
2012-03-06,914,320125027,2012-03-06,Washington,100,Charlotte Hornets,84,1.1904761904761905
2012-03-09,915,320128030,2012-03-09,Charlotte Hornets,74,Washington,83,0.891566265060241
2012-03-12,916,320201022,2012-03-12,Portland,71,Charlotte Hornets,73,0.9726027397260274
2012-03-24,917,320215016,2012-03-24,Minnesota,102,Charlotte Hornets,89,1.146067415730337
2012-04-06,918,320306030,2012-04-06,Charlotte Hornets,95,Orlando,90,1.0555555555555556
2012-04-07,919,320307030,2012-04-07,Charlotte Hornets,96,Utah,116,0.8275862068965517
2012-04-10,920,320310025,2012-04-10,Oklahoma City,103,Charlotte Hornets,90,1.1444444444444444
2012-04-25,921,320328030,2012-04-25,Charlotte Hornets,102,Minnesota,95,1.0736842105263158
2012-04-26,922,320330030,2012-04-26,Charlotte Hornets,84,Denver,104,0.8076923076923077
2012-01-02,923,320409030,2012-01-02,Charlotte Hornets,92,Washington,100,0.92
2012-01-07,924,320413014,2012-01-07,Miami,90,Charlotte Hornets,101,0.8910891089108911
2012-01-21,925,320423027,2012-01-21,Washington,113,Charlotte Hornets,92,1.2282608695652173
2012-01-22,926,320425019,2012-01-22,Orlando,82,Charlotte Hornets,91,0.9010989010989012
2012-01-30,927,311230016,2012-01-30,Minnesota,109,Miami Heat,95,1.1473684210526316
2012-02-13,928,320113007,2012-02-13,Denver,96,Miami Heat,114,0.8421052631578947
2012-03-16,929,320208019,2012-03-16,Orlando,78,Miami Heat,84,0.9285714285714286
2012-03-18,930,320210027,2012-03-18,Washington,91,Miami Heat,81,1.1234567901234571
2012-03-29,931,320219014,2012-03-29,Miami Heat,106,Orlando,85,1.2470588235294118
2012-04-03,932,320301022,2012-04-03,Portland,99,Miami Heat,93,1.064516129032258
2012-04-04,933,320302026,2012-04-04,Utah,98,Miami Heat,93,1.053763440860215
2012-04-13,934,320313019,2012-04-13,Orlando,105,Miami Heat,82,1.2804878048780488
2012-04-18,935,320318014,2012-04-18,Miami Heat,96,Orlando,72,1.3333333333333333
2012-04-22,936,320325025,2012-04-22,Oklahoma City,97,Miami Heat,88,1.1022727272727273
2012-12-30,937,320404014,2012-12-30,Miami Heat,79,Oklahoma City,100,0.79
2012-01-18,938,320421014,2012-01-18,Miami Heat,83,Washington,85,0.976470588235294
2012-01-24,939,320426027,2012-01-24,Washington,83,Miami Heat,102,0.8137254901960784
2012-01-26,940,311225025,2012-01-26,Oklahoma City,83,Orlando Magic,91,0.912087912087912
2012-02-04,941,320104019,2012-02-04,Orlando Magic,81,Washington,85,0.9529411764705882
2012-02-10,942,320111022,2012-02-10,Portland,87,Orlando Magic,89,0.9775280898876404
2012-03-06,943,320201019,2012-03-06,Orlando Magic,100,Washington,84,1.1904761904761905
2012-03-19,944,320213019,2012-03-19,Orlando Magic,59,Minnesota,85,0.6941176470588235
2012-04-03,945,320229027,2012-04-03,Washington,102,Orlando Magic,95,1.0736842105263158
2012-04-05,946,320301019,2012-04-05,Orlando Magic,80,Oklahoma City,96,0.8333333333333334
2012-01-02,947,320401019,2012-01-02,Orlando Magic,100,Denver,92,1.0869565217391304
2012-01-11,948,320410027,2012-01-11,Washington,78,Orlando Magic,64,1.21875
2012-01-20,949,320421026,2012-01-20,Utah,104,Orlando Magic,108,0.9629629629629628
2012-01-22,950,320422007,2012-01-22,Denver,94,Orlando Magic,100,0.94
2012-02-08,951,320108027,2012-02-08,Washington Wizards,93,Minnesota,107,0.8691588785046729
2012-02-20,952,320118027,2012-02-20,Washington Wizards,104,Oklahoma City,88,1.181818181818182
2012-02-22,953,320120027,2012-02-22,Washington Wizards,107,Denver,115,0.9304347826086956
2012-03-25,954,320214022,2012-03-25,Portland,88,Washington Wizards,76,1.1578947368421053
2012-03-29,955,320217026,2012-03-29,Utah,93,Washington Wizards,89,1.0449438202247192
2012-04-10,956,320310027,2012-04-10,Washington Wizards,93,Portland,85,1.0941176470588236
2012-01-31,957,311228007,2012-01-31,Denver Nuggets,100,Utah,97,1.0309278350515465
2012-02-02,958,311229022,2012-02-02,Portland,91,Denver Nuggets,112,0.8125
2012-02-19,959,320115007,2012-02-19,Denver Nuggets,124,Utah,118,1.0508474576271187
2012-03-15,960,320204022,2012-03-15,Portland,90,Denver Nuggets,103,0.8737864077669902
2012-03-30,961,320219025,2012-03-30,Oklahoma City,88,Denver Nuggets,99,0.8888888888888888
2012-04-01,962,320220007,2012-04-01,Denver Nuggets,101,Minnesota,104,0.971153846153846
2012-04-07,963,320229007,2012-04-07,Denver Nuggets,112,Portland,97,1.154639175257732
2012-04-22,964,320315007,2012-04-22,Denver Nuggets,101,Oklahoma City,74,1.364864864864865
2012-12-27,965,320323026,2012-12-27,Utah,98,Denver Nuggets,95,1.0315789473684212
2012-12-30,966,320325016,2012-12-30,Minnesota,101,Denver Nuggets,103,0.9805825242718448
2012-01-14,967,320411007,2012-01-14,Denver Nuggets,93,Minnesota,91,1.021978021978022
2012-01-27,968,320425025,2012-01-27,Oklahoma City,87,Denver Nuggets,79,1.1012658227848102
2012-01-29,969,320426016,2012-01-29,Minnesota,101,Denver Nuggets,106,0.9528301886792452
2012-01-30,970,311226016,2012-01-30,Minnesota Timberwolves,108,Oklahoma City,120,0.9
2012-03-01,971,320121026,2012-03-01,Utah,104,Minnesota Timberwolves,95,1.0947368421052632
2012-04-02,972,320222016,2012-04-02,Minnesota Timberwolves,116,Utah,108,1.0740740740740742
2012-04-11,973,320303022,2012-04-11,Portland,113,Minnesota Timberwolves,107,1.0560747663551402
2012-04-14,974,320307016,2012-04-14,Minnesota Timberwolves,110,Portland,115,0.9565217391304348
2012-04-22,975,320315026,2012-04-22,Utah,88,Minnesota Timberwolves,93,0.946236559139785
2012-12-29,976,320323025,2012-12-29,Oklahoma City,104,Minnesota Timberwolves,102,1.0196078431372548
2012-01-07,977,320401022,2012-01-07,Portland,95,Minnesota Timberwolves,98,0.9693877551020408
2012-01-21,978,320414016,2012-01-21,Minnesota Timberwolves,74,Oklahoma City,84,0.8809523809523809
2012-02-14,979,320103025,2012-02-14,Oklahoma City Thunder,111,Portland,85,1.3058823529411765
2012-03-20,980,320206022,2012-03-20,Portland,97,Oklahoma City Thunder,90,1.0777777777777775
2012-03-25,981,320210026,2012-03-25,Utah,103,Oklahoma City Thunder,87,1.1839080459770115
2012-03-27,982,320214025,2012-03-27,Oklahoma City Thunder,95,Utah,109,0.8715596330275229
2012-12-26,983,320318025,2012-12-26,Oklahoma City Thunder,107,Portland,103,1.0388349514563109
2012-12-27,984,320320026,2012-12-27,Utah,101,Oklahoma City Thunder,79,1.2784810126582278
2012-01-05,985,320327022,2012-01-05,Portland,107,Oklahoma City Thunder,96,1.1145833333333333
2012-03-16,986,320130026,2012-03-16,Utah,89,Portland Trail Blazers,100,0.89
2012-01-14,987,320402022,2012-01-14,Portland Trail Blazers,107,Utah,94,1.1382978723404256
2012-02-01,988,320418022,2012-02-01,Portland Trail Blazers,105,Utah,107,0.9813084112149532
2012-02-06,989,320426026,2012-02-06,Utah,99,Portland Trail Blazers,88,1.125
