,id,date,home_team,home_team_score,visit_team,visit_team_score,WINrate
0,400899380,2017-10-26,Boston Celtics,122,Brooklyn,117,1.0427350427350428
1,400899422,2017-10-27,Chicago,105,Boston Celtics,99,1.0606060606060606
2,400899477,2017-10-29,Charlotte,98,Boston Celtics,104,0.9423076923076923
3,400899511,2017-11-02,Boston Celtics,107,Chicago,100,1.07
4,400899518,2017-11-03,Cleveland,128,Boston Celtics,122,1.0491803278688525
5,400899541,2017-11-06,Boston Celtics,107,Denver,123,0.8699186991869918
6,400899557,2017-11-09,Washington,118,Boston Celtics,93,1.2688172043010753
7,400899575,2017-11-11,Boston Celtics,115,NY Knicks,87,1.3218390804597702
8,400899580,2017-11-12,Indiana,99,Boston Celtics,105,0.9428571428571428
9,400899598,2017-11-14,New Orleans,106,Boston Celtics,105,1.0095238095238095
10,400899611,2017-11-16,Boston Celtics,90,Dallas,83,1.0843373493975903
11,400899629,2017-11-18,Boston Celtics,88,Golden State,104,0.8461538461538461
12,400899638,2017-11-19,Detroit,92,Boston Celtics,94,0.9787234042553191
13,400899655,2017-11-21,Minnesota,93,Boston Celtics,99,0.9393939393939394
14,400899667,2017-11-23,Brooklyn,92,Boston Celtics,111,0.8288288288288288
15,400899675,2017-11-25,Boston Celtics,103,San Antonio,109,0.944954128440367
16,400899706,2017-11-28,Miami,104,Boston Celtics,112,0.9285714285714286
17,400899717,2017-11-30,Boston Celtics,114,Detroit,121,0.9421487603305785
18,400899447,2017-12-02,Boston Celtics,97,Sacramento,92,1.0543478260869565
19,400899736,2017-12-03,Philadelphia,106,Boston Celtics,107,0.9906542056074766
20,400899753,2017-12-05,Houston,107,Boston Celtics,106,1.009433962264151
21,400899764,2017-12-07,Orlando,87,Boston Celtics,117,0.7435897435897436
22,400899781,2017-12-09,Boston Celtics,94,Toronto,101,0.9306930693069307
23,400899799,2017-12-11,Oklahoma City,99,Boston Celtics,96,1.03125
24,400899825,2017-12-14,San Antonio,108,Boston Celtics,101,1.0693069306930694
25,400899833,2017-12-16,Boston Celtics,96,Charlotte,88,1.0909090909090908
26,400899852,2017-12-18,Miami,95,Boston Celtics,105,0.9047619047619048
27,400899866,2017-12-20,Memphis,109,Boston Celtics,112,0.9732142857142857
28,400899882,2017-12-22,Indiana,102,Boston Celtics,109,0.9357798165137615
29,400899887,2017-12-23,Boston Celtics,112,Oklahoma City,117,0.9572649572649573
30,400899898,2017-12-25,NY Knicks,114,Boston Celtics,119,0.957983193277311
31,400899914,2017-12-27,Boston Celtics,113,Memphis,103,1.0970873786407767
32,400899930,2017-12-29,Cleveland,124,Boston Celtics,118,1.0508474576271187
33,400899936,2017-12-30,Boston Celtics,117,Miami,114,1.0263157894736843
34,400899423,2017-01-03,Boston Celtics,115,Utah,104,1.1057692307692308
35,400899967,2017-01-06,Boston Celtics,110,Philadelphia,106,1.0377358490566038
36,400899974,2017-01-07,Boston Celtics,117,New Orleans,108,1.0833333333333333
37,400899993,2017-01-10,Toronto,114,Boston Celtics,106,1.0754716981132075
38,400900004,2017-01-11,Boston Celtics,117,Washington,108,1.0833333333333333
39,400900018,2017-01-13,Atlanta,101,Boston Celtics,103,0.9805825242718447
40,400900039,2017-01-16,Boston Celtics,108,Charlotte,98,1.1020408163265305
41,400900051,2017-01-18,Boston Celtics,106,NY Knicks,117,0.905982905982906
42,400900071,2017-01-21,Boston Celtics,123,Portland,127,0.968503937007874
43,400900097,2017-01-24,Washington,123,Boston Celtics,108,1.1388888888888888
44,400900102,2017-01-25,Boston Celtics,120,Houston,109,1.1009174311926606
45,400900118,2017-01-27,Boston Celtics,128,Orlando,98,1.3061224489795917
46,400900127,2017-01-28,Milwaukee,108,Boston Celtics,112,0.9642857142857143
47,400900142,2017-01-30,Boston Celtics,113,Detroit,109,1.036697247706422
48,400899391,2017-02-01,Boston Celtics,109,Toronto,104,1.0480769230769231
49,400900156,2017-02-03,Boston Celtics,113,Los Angeles,107,1.0560747663551402
50,400900171,2017-02-05,Boston Celtics,107,LA,102,1.0490196078431373
51,400900198,2017-02-08,Sacramento,108,Boston Celtics,92,1.173913043478261
52,400900203,2017-02-09,Portland,111,Boston Celtics,120,0.925
53,400900220,2017-02-11,Utah,104,Boston Celtics,112,0.9285714285714286
54,400900231,2017-02-13,Dallas,98,Boston Celtics,111,0.8828828828828829
55,400900242,2017-02-15,Boston Celtics,116,Philadelphia,108,1.0740740740740742
56,400900255,2017-02-16,Chicago,104,Boston Celtics,103,1.0097087378640777
57,400900264,2017-02-24,Toronto,107,Boston Celtics,97,1.1030927835051547
58,400900285,2017-02-26,Detroit,98,Boston Celtics,104,0.9423076923076923
59,400900291,2017-02-27,Boston Celtics,98,Atlanta,114,0.8596491228070176
60,400899432,2017-03-01,Boston Celtics,103,Cleveland,99,1.0404040404040404
61,400900313,2017-03-03,Los Angeles,95,Boston Celtics,115,0.8260869565217391
62,400900324,2017-03-05,Phoenix,109,Boston Celtics,106,1.028301886792453
63,400900340,2017-03-06,LA,116,Boston Celtics,102,1.1372549019607843
64,400900354,2017-03-08,Golden State,86,Boston Celtics,99,0.8686868686868687
65,400900365,2017-03-10,Denver,119,Boston Celtics,99,1.202020202020202
66,400900380,2017-03-12,Boston Celtics,100,Chicago,80,1.25
67,400900401,2017-03-15,Boston Celtics,117,Minnesota,104,1.125
68,400900417,2017-03-17,Brooklyn,95,Boston Celtics,98,0.9693877551020408
69,400900432,2017-03-19,Philadelphia,105,Boston Celtics,99,1.0606060606060606
70,400900442,2017-03-20,Boston Celtics,110,Washington,102,1.0784313725490196
71,400900455,2017-03-22,Boston Celtics,109,Indiana,100,1.09
72,400900471,2017-03-24,Boston Celtics,130,Phoenix,120,1.0833333333333333
73,400900488,2017-03-26,Boston Celtics,112,Miami,108,1.037037037037037
74,400900508,2017-03-29,Boston Celtics,100,Milwaukee,103,0.970873786407767
75,400900524,2017-03-31,Boston Celtics,117,Orlando,116,1.0086206896551724
76,400899438,2017-04-02,NY Knicks,94,Boston Celtics,110,0.8545454545454545
77,400900547,2017-04-05,Boston Celtics,91,Cleveland,114,0.7982456140350878
78,400900555,2017-04-06,Atlanta,123,Boston Celtics,116,1.0603448275862069
79,400900567,2017-04-08,Charlotte,114,Boston Celtics,121,0.9421487603305785
80,400900582,2017-04-10,Boston Celtics,114,Brooklyn,105,1.0857142857142856
81,400900597,2017-04-12,Boston Celtics,112,Milwaukee,94,1.1914893617021276
82,400899452,2017-10-28,Brooklyn Nets,103,Indiana,94,1.0957446808510638
83,400899481,2017-10-29,Milwaukee,110,Brooklyn Nets,108,1.0185185185185186
84,400899493,2017-10-31,Brooklyn Nets,88,Chicago,118,0.7457627118644068
85,400899507,2017-11-02,Brooklyn Nets,109,Detroit,101,1.0792079207920793
86,400899522,2017-11-04,Brooklyn Nets,95,Charlotte,99,0.9595959595959596
87,400899551,2017-11-08,Brooklyn Nets,119,Minnesota,110,1.0818181818181818
88,400899556,2017-11-09,NY Knicks,110,Brooklyn Nets,96,1.1458333333333333
89,400899589,2017-11-12,Phoenix,104,Brooklyn Nets,122,0.8524590163934426
90,400899602,2017-11-14,LA,127,Brooklyn Nets,95,1.3368421052631578
91,400899607,2017-11-15,Los Angeles,125,Brooklyn Nets,118,1.0593220338983051
92,400899628,2017-11-18,Oklahoma City,124,Brooklyn Nets,105,1.180952380952381
93,400899644,2017-11-20,Brooklyn Nets,109,Portland,129,0.8449612403100775
94,400899684,2017-11-25,Indiana,118,Brooklyn Nets,97,1.2164948453608246
95,400899697,2017-11-27,Brooklyn Nets,105,Sacramento,122,0.860655737704918
96,400899711,2017-11-29,Brooklyn Nets,127,LA,122,1.040983606557377
97,400899367,2017-12-01,Brooklyn Nets,93,Milwaukee,111,0.8378378378378378
98,400899733,2017-12-03,Milwaukee,112,Brooklyn Nets,103,1.087378640776699
99,400899748,2017-12-05,Brooklyn Nets,113,Washington,118,0.9576271186440678
100,400899765,2017-12-07,Brooklyn Nets,116,Denver,111,1.045045045045045
101,400899795,2017-12-10,San Antonio,130,Brooklyn Nets,101,1.2871287128712872
102,400899806,2017-12-12,Houston,122,Brooklyn Nets,118,1.0338983050847457
103,400899820,2017-12-14,Brooklyn Nets,107,Los Angeles,97,1.1030927835051547
104,400899832,2017-12-16,Orlando,118,Brooklyn Nets,111,1.063063063063063
105,400899850,2017-12-18,Philadelphia,108,Brooklyn Nets,107,1.0093457943925233
106,400899862,2017-12-20,Toronto,116,Brooklyn Nets,104,1.1153846153846154
107,400899879,2017-12-22,Brooklyn Nets,101,Golden State,117,0.8632478632478633
108,400899886,2017-12-23,Cleveland,119,Brooklyn Nets,99,1.202020202020202
109,400899905,2017-12-26,Brooklyn Nets,120,Charlotte,118,1.0169491525423728
110,400899922,2017-12-28,Chicago,101,Brooklyn Nets,99,1.02020202020202
111,400899935,2017-12-30,Washington,118,Brooklyn Nets,95,1.2421052631578948
112,400899413,2017-01-02,Brooklyn Nets,89,Utah,101,0.8811881188118812
113,400899957,2017-01-05,Indiana,121,Brooklyn Nets,109,1.110091743119266
114,400899968,2017-01-06,Brooklyn Nets,108,Cleveland,116,0.9310344827586207
115,400899981,2017-01-08,Brooklyn Nets,95,Philadelphia,105,0.9047619047619048
116,400899994,2017-01-10,Brooklyn Nets,97,Atlanta,117,0.8290598290598291
117,400900007,2017-01-12,Brooklyn Nets,95,New Orleans,104,0.9134615384615384
118,400900013,2017-01-13,Toronto,132,Brooklyn Nets,113,1.168141592920354
119,400900030,2017-01-15,Brooklyn Nets,112,Houston,137,0.8175182481751825
120,400900043,2017-01-17,Brooklyn Nets,109,Toronto,119,0.9159663865546218
121,400900066,2017-01-20,New Orleans,114,Brooklyn Nets,143,0.7972027972027972
122,400900073,2017-01-21,Charlotte,112,Brooklyn Nets,105,1.0666666666666667
123,400900087,2017-01-23,Brooklyn Nets,86,San Antonio,112,0.7678571428571429
124,400900103,2017-01-25,Brooklyn Nets,106,Miami,109,0.9724770642201835
125,400900116,2017-01-27,Cleveland,124,Brooklyn Nets,116,1.0689655172413792
126,400900131,2017-01-28,Minnesota,129,Brooklyn Nets,109,1.18348623853211
127,400900140,2017-01-30,Miami,104,Brooklyn Nets,96,1.0833333333333333
128,400899394,2017-02-01,Brooklyn Nets,90,NY Knicks,95,0.9473684210526315
129,400900152,2017-02-03,Brooklyn Nets,97,Indiana,106,0.9150943396226415
130,400900170,2017-02-05,Brooklyn Nets,95,Toronto,103,0.9223300970873787
131,400900184,2017-02-07,Charlotte,111,Brooklyn Nets,107,1.0373831775700935
132,400900189,2017-02-08,Brooklyn Nets,110,Washington,114,0.9649122807017544
133,400900204,2017-02-10,Brooklyn Nets,99,Miami,108,0.9166666666666666
134,400900227,2017-02-13,Brooklyn Nets,103,Memphis,112,0.9196428571428571
135,400900244,2017-02-15,Brooklyn Nets,125,Milwaukee,129,0.9689922480620154
136,400900270,2017-02-24,Denver,129,Brooklyn Nets,109,1.18348623853211
137,400900279,2017-02-25,Golden State,112,Brooklyn Nets,95,1.1789473684210525
138,400899448,2017-03-01,Sacramento,100,Brooklyn Nets,109,0.9174311926605505
139,400900310,2017-03-03,Utah,112,Brooklyn Nets,97,1.1546391752577319
140,400900321,2017-03-04,Portland,130,Brooklyn Nets,116,1.1206896551724137
141,400900334,2017-03-06,Memphis,109,Brooklyn Nets,122,0.8934426229508197
142,400900345,2017-03-08,Atlanta,110,Brooklyn Nets,105,1.0476190476190477
143,400900366,2017-03-10,Dallas,105,Brooklyn Nets,96,1.09375
144,400900381,2017-03-12,Brooklyn Nets,120,NY Knicks,112,1.0714285714285714
145,400900395,2017-03-14,Brooklyn Nets,104,Oklahoma City,122,0.8524590163934426
146,400900411,2017-03-16,NY Knicks,110,Brooklyn Nets,121,0.9090909090909091
147,400900431,2017-03-19,Brooklyn Nets,104,Dallas,111,0.9369369369369369
148,400900447,2017-03-21,Brooklyn Nets,98,Detroit,96,1.0208333333333333
149,400900462,2017-03-23,Brooklyn Nets,126,Phoenix,98,1.2857142857142858
150,400900467,2017-03-24,Washington,129,Brooklyn Nets,108,1.1944444444444444
151,400900483,2017-03-26,Atlanta,92,Brooklyn Nets,107,0.8598130841121495
152,400900500,2017-03-28,Brooklyn Nets,101,Philadelphia,106,0.9528301886792453
153,400900516,2017-03-30,Detroit,90,Brooklyn Nets,89,1.0112359550561798
154,400899396,2017-04-01,Brooklyn Nets,121,Orlando,111,1.09009009009009
155,400899441,2017-04-02,Brooklyn Nets,91,Atlanta,82,1.1097560975609757
156,400900532,2017-04-04,Philadelphia,118,Brooklyn Nets,141,0.8368794326241135
157,400900552,2017-04-06,Orlando,115,Brooklyn Nets,107,1.074766355140187
158,400900566,2017-04-08,Brooklyn Nets,107,Chicago,106,1.009433962264151
159,400900600,2017-04-12,Chicago,112,Brooklyn Nets,73,1.5342465753424657
160,400899375,2017-10-25,Cleveland,117,New York Knicks,88,1.3295454545454546
161,400899478,2017-10-29,New York Knicks,111,Memphis,104,1.0673076923076923
162,400899500,2017-11-01,Detroit,102,New York Knicks,89,1.146067415730337
163,400899508,2017-11-02,New York Knicks,99,Houston,118,0.8389830508474576
164,400899523,2017-11-04,Chicago,104,New York Knicks,117,0.8888888888888888
165,400899537,2017-11-06,New York Knicks,109,Utah,114,0.956140350877193
166,400899581,2017-11-12,Toronto,118,New York Knicks,107,1.102803738317757
167,400899596,2017-11-14,New York Knicks,93,Dallas,77,1.2077922077922079
168,400899612,2017-11-16,New York Knicks,105,Detroit,102,1.0294117647058822
169,400899619,2017-11-17,Washington,119,New York Knicks,112,1.0625
170,400899643,2017-11-20,New York Knicks,104,Atlanta,94,1.1063829787234043
171,400899658,2017-11-22,New York Knicks,107,Portland,103,1.0388349514563107
172,400899678,2017-11-25,New York Knicks,113,Charlotte,111,1.018018018018018
173,400899691,2017-11-26,Charlotte,107,New York Knicks,102,1.0490196078431373
174,400899705,2017-11-28,New York Knicks,103,Oklahoma City,112,0.9196428571428571
175,400899721,2017-11-30,Minnesota,104,New York Knicks,106,0.9811320754716981
176,400899727,2017-12-02,New York Knicks,118,Minnesota,114,1.0350877192982457
177,400899744,2017-12-04,New York Knicks,106,Sacramento,98,1.0816326530612246
178,400899758,2017-12-06,Miami,103,New York Knicks,114,0.9035087719298246
179,400899769,2017-12-07,New York Knicks,94,Cleveland,126,0.746031746031746
180,400899787,2017-12-09,Sacramento,100,New York Knicks,103,0.970873786407767
181,400899802,2017-12-11,Los Angeles,112,New York Knicks,118,0.9491525423728814
182,400899814,2017-12-13,Phoenix,113,New York Knicks,111,1.018018018018018
183,400899830,2017-12-15,Golden State,103,New York Knicks,90,1.1444444444444444
184,400899846,2017-12-17,Denver,127,New York Knicks,114,1.1140350877192982
185,400899863,2017-12-20,New York Knicks,118,Indiana,111,1.063063063063063
186,400899880,2017-12-22,New York Knicks,106,Orlando,95,1.1157894736842104
187,400899920,2017-12-28,Atlanta,102,New York Knicks,98,1.0408163265306123
188,400899937,2017-12-30,New Orleans,104,New York Knicks,92,1.1304347826086956
189,400899946,2017-12-31,Houston,129,New York Knicks,122,1.0573770491803278
190,400899414,2017-01-02,New York Knicks,103,Orlando,115,0.8956521739130435
191,400899952,2017-01-04,New York Knicks,104,Milwaukee,105,0.9904761904761905
192,400899969,2017-01-06,Milwaukee,111,New York Knicks,116,0.9568965517241379
193,400899973,2017-01-07,Indiana,123,New York Knicks,109,1.128440366972477
194,400899989,2017-01-09,New York Knicks,96,New Orleans,110,0.8727272727272727
195,400900001,2017-01-11,Philadelphia,98,New York Knicks,97,1.0103092783505154
196,400900008,2017-01-12,New York Knicks,104,Chicago,89,1.1685393258426966
197,400900027,2017-01-15,Toronto,116,New York Knicks,101,1.1485148514851484
198,400900034,2017-01-16,New York Knicks,107,Atlanta,108,0.9907407407407407
199,400900059,2017-01-19,New York Knicks,110,Washington,113,0.9734513274336283
200,400900075,2017-01-21,New York Knicks,105,Phoenix,107,0.9813084112149533
201,400900093,2017-01-23,Indiana,103,New York Knicks,109,0.944954128440367
202,400900109,2017-01-25,Dallas,103,New York Knicks,95,1.0842105263157895
203,400900120,2017-01-27,New York Knicks,110,Charlotte,107,1.02803738317757
204,400900132,2017-01-29,Atlanta,142,New York Knicks,139,1.0215827338129497
205,400900145,2017-01-31,Washington,117,New York Knicks,101,1.1584158415841583
206,400900164,2017-02-04,New York Knicks,104,Cleveland,111,0.9369369369369369
207,400900173,2017-02-06,New York Knicks,107,Los Angeles,121,0.8842975206611571
208,400900196,2017-02-08,New York Knicks,115,LA,119,0.9663865546218487
209,400900205,2017-02-10,New York Knicks,123,Denver,131,0.9389312977099237
210,400900222,2017-02-12,New York Knicks,94,San Antonio,90,1.0444444444444445
211,400900251,2017-02-15,Oklahoma City,116,New York Knicks,105,1.1047619047619048
212,400900259,2017-02-23,Cleveland,119,New York Knicks,104,1.1442307692307692
213,400900274,2017-02-25,New York Knicks,110,Philadelphia,109,1.0091743119266054
214,400900288,2017-02-27,New York Knicks,91,Toronto,92,0.9891304347826086
215,400899364,2017-03-01,Orlando,90,New York Knicks,101,0.8910891089108911
216,400900304,2017-03-03,Philadelphia,105,New York Knicks,102,1.0294117647058822
217,400900323,2017-03-05,New York Knicks,105,Golden State,112,0.9375
218,400900330,2017-03-06,Orlando,105,New York Knicks,113,0.9292035398230089
219,400900347,2017-03-08,Milwaukee,104,New York Knicks,93,1.118279569892473
220,400900370,2017-03-11,Detroit,112,New York Knicks,92,1.2173913043478262
221,400900396,2017-03-14,New York Knicks,87,Indiana,81,1.0740740740740742
222,400900445,2017-03-20,LA,114,New York Knicks,105,1.0857142857142856
223,400900461,2017-03-22,Utah,108,New York Knicks,101,1.0693069306930694
224,400900466,2017-03-23,Portland,110,New York Knicks,95,1.1578947368421053
225,400900480,2017-03-25,San Antonio,106,New York Knicks,98,1.0816326530612246
226,400900493,2017-03-27,New York Knicks,109,Detroit,95,1.1473684210526316
227,400900510,2017-03-29,New York Knicks,88,Miami,105,0.8380952380952381
228,400900528,2017-03-31,Miami,94,New York Knicks,98,0.9591836734693877
229,400900538,2017-04-04,New York Knicks,100,Chicago,91,1.098901098901099
230,400900554,2017-04-06,New York Knicks,103,Washington,106,0.9716981132075472
231,400900559,2017-04-07,Memphis,101,New York Knicks,88,1.1477272727272727
232,400900574,2017-04-09,New York Knicks,97,Toronto,110,0.8818181818181818
233,400900598,2017-04-12,New York Knicks,114,Philadelphia,113,1.008849557522124
234,400899389,2017-10-26,Philadelphia 76ers,97,Oklahoma City,103,0.941747572815534
235,400899476,2017-10-29,Philadelphia 76ers,72,Atlanta,104,0.6923076923076923
236,400899496,2017-11-01,Philadelphia 76ers,101,Orlando,103,0.9805825242718447
237,400899506,2017-11-02,Charlotte,109,Philadelphia 76ers,93,1.1720430107526882
238,400899530,2017-11-05,Philadelphia 76ers,101,Cleveland,102,0.9901960784313726
239,400899543,2017-11-07,Philadelphia 76ers,84,Utah,109,0.7706422018348624
240,400899560,2017-11-09,Indiana,122,Philadelphia 76ers,115,1.0608695652173914
241,400899571,2017-11-11,Philadelphia 76ers,109,Indiana,105,1.0380952380952382
242,400899582,2017-11-12,Atlanta,117,Philadelphia 76ers,96,1.21875
243,400899599,2017-11-14,Houston,115,Philadelphia 76ers,88,1.3068181818181819
244,400899608,2017-11-16,Philadelphia 76ers,109,Washington,102,1.0686274509803921
245,400899622,2017-11-17,Minnesota,110,Philadelphia 76ers,86,1.2790697674418605
246,400899639,2017-11-19,Philadelphia 76ers,120,Phoenix,105,1.1428571428571428
247,400899649,2017-11-21,Philadelphia 76ers,101,Miami,94,1.074468085106383
248,400899662,2017-11-23,Philadelphia 76ers,99,Memphis,104,0.9519230769230769
249,400899679,2017-11-25,Philadelphia 76ers,89,Chicago,105,0.8476190476190476
250,400899695,2017-11-27,Philadelphia 76ers,108,Cleveland,112,0.9642857142857143
251,400899704,2017-11-28,Toronto,122,Philadelphia 76ers,95,1.2842105263157895
252,400899443,2017-12-02,Philadelphia 76ers,88,Orlando,105,0.8380952380952381
253,400899746,2017-12-05,Philadelphia 76ers,98,Denver,106,0.9245283018867925
254,400899760,2017-12-06,Memphis,96,Philadelphia 76ers,91,1.054945054945055
255,400899776,2017-12-08,New Orleans,88,Philadelphia 76ers,99,0.8888888888888888
256,400899798,2017-12-11,Detroit,79,Philadelphia 76ers,97,0.8144329896907216
257,400899816,2017-12-14,Philadelphia 76ers,114,Toronto,123,0.926829268292683
258,400899838,2017-12-16,Philadelphia 76ers,89,Los Angeles,100,0.89
259,400899860,2017-12-20,Philadelphia 76ers,93,New Orleans,108,0.8611111111111112
260,400899895,2017-12-23,Phoenix,123,Philadelphia 76ers,116,1.0603448275862069
261,400899913,2017-12-26,Sacramento,102,Philadelphia 76ers,100,1.02
262,400899931,2017-12-29,Utah,100,Philadelphia 76ers,83,1.2048192771084338
263,400899942,2017-12-30,Denver,122,Philadelphia 76ers,124,0.9838709677419355
264,400899421,2017-01-03,Philadelphia 76ers,93,Minnesota,91,1.021978021978022
265,400900014,2017-01-13,Philadelphia 76ers,102,Charlotte,93,1.096774193548387
266,400900024,2017-01-14,Washington,109,Philadelphia 76ers,93,1.1720430107526882
267,400900036,2017-01-16,Milwaukee,104,Philadelphia 76ers,113,0.9203539823008849
268,400900048,2017-01-18,Philadelphia 76ers,94,Toronto,89,1.0561797752808988
269,400900062,2017-01-20,Philadelphia 76ers,93,Portland,92,1.0108695652173914
270,400900074,2017-01-21,Atlanta,110,Philadelphia 76ers,93,1.1827956989247312
271,400900096,2017-01-24,Philadelphia 76ers,121,LA,110,1.1
272,400900105,2017-01-25,Milwaukee,109,Philadelphia 76ers,114,0.956140350877193
273,400900115,2017-01-27,Philadelphia 76ers,118,Houston,123,0.959349593495935
274,400900137,2017-01-29,Chicago,121,Philadelphia 76ers,108,1.1203703703703705
275,400928501,2017-01-30,Philadelphia 76ers,122,Sacramento,119,1.0252100840336134
276,400899402,2017-02-01,Dallas,113,Philadelphia 76ers,95,1.1894736842105262
277,400899470,2017-02-02,San Antonio,102,Philadelphia 76ers,86,1.186046511627907
278,400900163,2017-02-04,Miami,125,Philadelphia 76ers,102,1.2254901960784315
279,400900178,2017-02-06,Detroit,113,Philadelphia 76ers,96,1.1770833333333333
280,400900187,2017-02-08,Philadelphia 76ers,103,San Antonio,111,0.9279279279279279
281,400900200,2017-02-09,Orlando,111,Philadelphia 76ers,112,0.9910714285714286
282,400900215,2017-02-11,Philadelphia 76ers,117,Miami,109,1.073394495412844
283,400900226,2017-02-13,Charlotte,99,Philadelphia 76ers,105,0.9428571428571428
284,400900262,2017-02-24,Philadelphia 76ers,120,Washington,112,1.0714285714285714
285,400900289,2017-02-27,Philadelphia 76ers,108,Golden State,119,0.907563025210084
286,400899403,2017-03-01,Miami,125,Philadelphia 76ers,98,1.2755102040816326
287,400900314,2017-03-04,Philadelphia 76ers,106,Detroit,136,0.7794117647058824
288,400900329,2017-03-06,Philadelphia 76ers,98,Milwaukee,112,0.875
289,400900358,2017-03-09,Portland,114,Philadelphia 76ers,108,1.0555555555555556
290,400900369,2017-03-11,LA,112,Philadelphia 76ers,100,1.12
291,400900385,2017-03-12,Los Angeles,116,Philadelphia 76ers,118,0.9830508474576272
292,400900398,2017-03-14,Golden State,106,Philadelphia 76ers,104,1.0192307692307692
293,400900415,2017-03-17,Philadelphia 76ers,116,Dallas,74,1.5675675675675675
294,400900440,2017-03-20,Orlando,112,Philadelphia 76ers,109,1.0275229357798166
295,400900457,2017-03-22,Oklahoma City,122,Philadelphia 76ers,97,1.2577319587628866
296,400900472,2017-03-24,Chicago,107,Philadelphia 76ers,117,0.9145299145299145
297,400900487,2017-03-26,Indiana,107,Philadelphia 76ers,94,1.1382978723404256
298,400900506,2017-03-29,Philadelphia 76ers,92,Atlanta,99,0.9292929292929293
299,400900523,2017-03-31,Cleveland,122,Philadelphia 76ers,105,1.161904761904762
300,400899440,2017-04-02,Toronto,113,Philadelphia 76ers,105,1.0761904761904761
301,400900551,2017-04-06,Philadelphia 76ers,90,Chicago,102,0.8823529411764706
302,400900569,2017-04-08,Philadelphia 76ers,82,Milwaukee,90,0.9111111111111111
303,400900581,2017-04-10,Philadelphia 76ers,111,Indiana,120,0.925
304,400899382,2017-10-26,Toronto Raptors,109,Detroit,91,1.1978021978021978
305,400899429,2017-10-28,Toronto Raptors,91,Cleveland,94,0.9680851063829787
306,400899492,2017-10-31,Toronto Raptors,105,Denver,102,1.0294117647058822
307,400899505,2017-11-02,Washington,103,Toronto Raptors,113,0.911504424778761
308,400899521,2017-11-04,Toronto Raptors,96,Miami,87,1.103448275862069
309,400899539,2017-11-06,Toronto Raptors,91,Sacramento,96,0.9479166666666666
310,400899562,2017-11-09,Oklahoma City,102,Toronto Raptors,112,0.9107142857142857
311,400899573,2017-11-11,Charlotte,111,Toronto Raptors,113,0.9823008849557522
312,400899603,2017-11-15,Cleveland,121,Toronto Raptors,117,1.0341880341880343
313,400899615,2017-11-16,Toronto Raptors,121,Golden State,127,0.952755905511811
314,400899631,2017-11-18,Denver,111,Toronto Raptors,113,0.9823008849557522
315,400899646,2017-11-20,Sacramento,102,Toronto Raptors,99,1.0303030303030303
316,400899657,2017-11-21,LA,123,Toronto Raptors,115,1.0695652173913044
317,400899669,2017-11-23,Houston,102,Toronto Raptors,115,0.8869565217391304
318,400899682,2017-11-25,Milwaukee,99,Toronto Raptors,105,0.9428571428571428
319,400899718,2017-11-30,Toronto Raptors,120,Memphis,105,1.1428571428571428
320,400899726,2017-12-02,Toronto Raptors,113,Los Angeles,80,1.4125
321,400899735,2017-12-03,Toronto Raptors,128,Atlanta,84,1.5238095238095237
322,400899747,2017-12-05,Toronto Raptors,112,Cleveland,116,0.9655172413793104
323,400899773,2017-12-08,Toronto Raptors,124,Minnesota,110,1.1272727272727272
324,400899804,2017-12-12,Toronto Raptors,122,Milwaukee,100,1.22
325,400899834,2017-12-16,Toronto Raptors,121,Atlanta,125,0.968
326,400899851,2017-12-18,Orlando,79,Toronto Raptors,109,0.7247706422018348
327,400899894,2017-12-23,Utah,98,Toronto Raptors,104,0.9423076923076923
328,400899911,2017-12-26,Portland,91,Toronto Raptors,95,0.9578947368421052
329,400899927,2017-12-28,Golden State,121,Toronto Raptors,111,1.09009009009009
330,400899932,2017-12-29,Phoenix,99,Toronto Raptors,91,1.0879120879120878
331,400899387,2017-01-01,Los Angeles,114,Toronto Raptors,123,0.926829268292683
332,400899428,2017-01-03,San Antonio,110,Toronto Raptors,82,1.3414634146341464
333,400899958,2017-01-05,Toronto Raptors,101,Utah,93,1.086021505376344
334,400899975,2017-01-07,Chicago,123,Toronto Raptors,118,1.0423728813559323
335,400899984,2017-01-08,Toronto Raptors,122,Houston,129,0.9457364341085271
336,400900063,2017-01-20,Charlotte,113,Toronto Raptors,78,1.4487179487179487
337,400900084,2017-01-22,Toronto Raptors,103,Phoenix,115,0.8956521739130435
338,400900095,2017-01-24,Toronto Raptors,106,San Antonio,108,0.9814814814814815
339,400900106,2017-01-25,Memphis,101,Toronto Raptors,99,1.02020202020202
340,400900119,2017-01-27,Toronto Raptors,102,Milwaukee,86,1.186046511627907
341,400900136,2017-01-29,Toronto Raptors,113,Orlando,114,0.9912280701754386
342,400900146,2017-01-31,Toronto Raptors,108,New Orleans,106,1.0188679245283019
343,400900151,2017-02-03,Orlando,102,Toronto Raptors,94,1.0851063829787233
344,400900176,2017-02-06,Toronto Raptors,118,LA,109,1.0825688073394495
345,400900195,2017-02-08,Minnesota,112,Toronto Raptors,109,1.0275229357798166
346,400900223,2017-02-12,Toronto Raptors,101,Detroit,102,0.9901960784313726
347,400900236,2017-02-14,Chicago,105,Toronto Raptors,94,1.1170212765957446
348,400900243,2017-02-15,Toronto Raptors,90,Charlotte,85,1.0588235294117647
349,400900284,2017-02-26,Toronto Raptors,112,Portland,106,1.0566037735849056
350,400899393,2017-03-01,Toronto Raptors,96,Washington,105,0.9142857142857143
351,400900305,2017-03-03,Washington,106,Toronto Raptors,114,0.9298245614035088
352,400900315,2017-03-04,Milwaukee,101,Toronto Raptors,94,1.074468085106383
353,400900348,2017-03-08,New Orleans,87,Toronto Raptors,94,0.925531914893617
354,400900364,2017-03-10,Atlanta,105,Toronto Raptors,99,1.0606060606060606
355,400900374,2017-03-11,Miami,104,Toronto Raptors,89,1.1685393258426966
356,400900387,2017-03-13,Toronto Raptors,100,Dallas,78,1.2820512820512822
357,400900410,2017-03-16,Toronto Raptors,102,Oklahoma City,123,0.8292682926829268
358,400900418,2017-03-17,Detroit,75,Toronto Raptors,87,0.8620689655172413
359,400900435,2017-03-19,Toronto Raptors,116,Indiana,91,1.2747252747252746
360,400900446,2017-03-21,Toronto Raptors,122,Chicago,120,1.0166666666666666
361,400900463,2017-03-23,Miami,84,Toronto Raptors,101,0.8316831683168316
362,400900479,2017-03-25,Dallas,86,Toronto Raptors,94,0.9148936170212766
363,400900492,2017-03-27,Toronto Raptors,131,Orlando,112,1.1696428571428572
364,400900509,2017-03-29,Toronto Raptors,106,Charlotte,110,0.9636363636363636
365,400900521,2017-03-31,Toronto Raptors,111,Indiana,100,1.11
366,400900535,2017-04-04,Indiana,108,Toronto Raptors,90,1.2
367,400900544,2017-04-05,Detroit,102,Toronto Raptors,105,0.9714285714285714
368,400900558,2017-04-07,Toronto Raptors,96,Miami,94,1.0212765957446808
369,400900596,2017-04-12,Cleveland,83,Toronto Raptors,98,0.8469387755102041
370,400899377,2017-10-25,Golden State Warriors,100,San Antonio,129,0.7751937984496124
371,400899459,2017-10-28,New Orleans,114,Golden State Warriors,122,0.9344262295081968
372,400899486,2017-10-30,Phoenix,100,Golden State Warriors,106,0.9433962264150944
373,400899504,2017-11-01,Portland,104,Golden State Warriors,127,0.8188976377952756
374,400899519,2017-11-03,Golden State Warriors,122,Oklahoma City,96,1.2708333333333333
375,400899528,2017-11-04,Los Angeles,117,Golden State Warriors,97,1.2061855670103092
376,400899549,2017-11-07,Golden State Warriors,116,New Orleans,106,1.0943396226415094
377,400899566,2017-11-09,Golden State Warriors,116,Dallas,95,1.2210526315789474
378,400899569,2017-11-10,Denver,101,Golden State Warriors,125,0.808
379,400899593,2017-11-13,Golden State Warriors,133,Phoenix,120,1.1083333333333334
380,400899641,2017-11-19,Milwaukee,121,Golden State Warriors,124,0.9758064516129032
381,400899652,2017-11-21,Indiana,83,Golden State Warriors,120,0.6916666666666667
382,400899673,2017-11-23,Golden State Warriors,149,Los Angeles,106,1.4056603773584906
383,400899688,2017-11-25,Los Angeles,85,Golden State Warriors,109,0.7798165137614679
384,400899694,2017-11-26,Golden State Warriors,115,Minnesota,102,1.1274509803921569
385,400899709,2017-11-28,Golden State Warriors,105,Atlanta,100,1.05
386,400899436,2017-12-01,Golden State Warriors,127,Houston,132,0.9621212121212122
387,400899741,2017-12-03,Golden State Warriors,138,Phoenix,109,1.2660550458715596
388,400899756,2017-12-05,Golden State Warriors,142,Indiana,106,1.3396226415094339
389,400899772,2017-12-07,LA,98,Golden State Warriors,115,0.8521739130434782
390,400899777,2017-12-08,Utah,99,Golden State Warriors,106,0.9339622641509434
391,400899793,2017-12-10,Memphis,110,Golden State Warriors,89,1.2359550561797752
392,400899800,2017-12-11,Minnesota,108,Golden State Warriors,116,0.9310344827586207
393,400899813,2017-12-13,New Orleans,109,Golden State Warriors,113,0.9646017699115044
394,400899847,2017-12-17,Golden State Warriors,135,Portland,90,1.5
395,400899869,2017-12-20,Golden State Warriors,104,Utah,74,1.4054054054054055
396,400899888,2017-12-23,Detroit,113,Golden State Warriors,119,0.9495798319327731
397,400899899,2017-12-25,Cleveland,109,Golden State Warriors,108,1.0092592592592593
398,400899943,2017-12-30,Golden State Warriors,108,Dallas,99,1.0909090909090908
399,400899419,2017-01-02,Golden State Warriors,127,Denver,119,1.0672268907563025
400,400899955,2017-01-04,Golden State Warriors,125,Portland,117,1.0683760683760684
401,400899971,2017-01-06,Golden State Warriors,119,Memphis,128,0.9296875
402,400899987,2017-01-08,Sacramento,106,Golden State Warriors,117,0.905982905982906
403,400899999,2017-01-10,Golden State Warriors,107,Miami,95,1.1263157894736842
404,400900011,2017-01-12,Golden State Warriors,127,Detroit,107,1.1869158878504673
405,400900040,2017-01-16,Golden State Warriors,126,Cleveland,91,1.3846153846153846
406,400900055,2017-01-18,Golden State Warriors,121,Oklahoma City,100,1.21
407,400900067,2017-01-20,Houston,108,Golden State Warriors,125,0.864
408,400900082,2017-01-22,Orlando,98,Golden State Warriors,118,0.8305084745762712
409,400900089,2017-01-23,Miami,105,Golden State Warriors,102,1.0294117647058822
410,400900108,2017-01-25,Charlotte,103,Golden State Warriors,113,0.911504424778761
411,400900128,2017-01-28,Golden State Warriors,144,LA,98,1.469387755102041
412,400900139,2017-01-29,Portland,111,Golden State Warriors,113,0.9823008849557522
413,400899435,2017-02-01,Golden State Warriors,126,Charlotte,111,1.135135135135135
414,400899472,2017-02-02,LA,120,Golden State Warriors,133,0.9022556390977443
415,400900169,2017-02-04,Sacramento,109,Golden State Warriors,106,1.028301886792453
416,400900197,2017-02-08,Golden State Warriors,123,Chicago,92,1.3369565217391304
417,400900208,2017-02-10,Memphis,107,Golden State Warriors,122,0.8770491803278688
418,400900218,2017-02-11,Oklahoma City,114,Golden State Warriors,130,0.8769230769230769
419,400900232,2017-02-13,Denver,132,Golden State Warriors,110,1.2
420,400900253,2017-02-15,Golden State Warriors,109,Sacramento,86,1.2674418604651163
421,400900260,2017-02-23,Golden State Warriors,123,LA,113,1.0884955752212389
422,400900295,2017-02-28,Washington,112,Golden State Warriors,108,1.037037037037037
423,400900301,2017-03-02,Chicago,94,Golden State Warriors,87,1.0804597701149425
424,400900332,2017-03-06,Atlanta,111,Golden State Warriors,119,0.9327731092436975
425,400900363,2017-03-10,Minnesota,103,Golden State Warriors,102,1.0098039215686274
426,400900375,2017-03-11,San Antonio,107,Golden State Warriors,85,1.2588235294117647
427,400900414,2017-03-16,Golden State Warriors,122,Orlando,92,1.326086956521739
428,400900430,2017-03-18,Golden State Warriors,117,Milwaukee,92,1.2717391304347827
429,400900444,2017-03-20,Oklahoma City,95,Golden State Warriors,111,0.8558558558558559
430,400900450,2017-03-21,Dallas,87,Golden State Warriors,112,0.7767857142857143
431,400900476,2017-03-24,Golden State Warriors,114,Sacramento,100,1.14
432,400900489,2017-03-26,Golden State Warriors,106,Memphis,94,1.127659574468085
433,400900503,2017-03-28,Houston,106,Golden State Warriors,113,0.9380530973451328
434,400900513,2017-03-29,San Antonio,98,Golden State Warriors,110,0.8909090909090909
435,400900531,2017-03-31,Golden State Warriors,107,Houston,98,1.0918367346938775
436,400899474,2017-04-02,Golden State Warriors,139,Washington,115,1.208695652173913
437,400900540,2017-04-04,Golden State Warriors,121,Minnesota,107,1.1308411214953271
438,400900549,2017-04-05,Phoenix,111,Golden State Warriors,120,0.925
439,400900573,2017-04-08,Golden State Warriors,123,New Orleans,101,1.2178217821782178
440,400900589,2017-04-10,Golden State Warriors,99,Utah,105,0.9428571428571428
441,400900607,2017-04-12,Golden State Warriors,109,Los Angeles,94,1.1595744680851063
442,400899426,2017-10-27,Portland,106,LA Clippers,114,0.9298245614035088
443,400899485,2017-10-30,LA Clippers,88,Utah,75,1.1733333333333333
444,400899495,2017-10-31,LA Clippers,116,Phoenix,98,1.183673469387755
445,400899514,2017-11-02,LA Clippers,83,Oklahoma City,85,0.9764705882352941
446,400899524,2017-11-04,Memphis,88,LA Clippers,99,0.8888888888888888
447,400899536,2017-11-05,San Antonio,92,LA Clippers,116,0.7931034482758621
448,400899548,2017-11-07,LA Clippers,114,Detroit,82,1.3902439024390243
449,400899565,2017-11-09,LA Clippers,111,Portland,80,1.3875
450,400899576,2017-11-11,Oklahoma City,108,LA Clippers,110,0.9818181818181818
451,400899585,2017-11-12,Minnesota,105,LA Clippers,119,0.8823529411764706
452,400899617,2017-11-16,LA Clippers,107,Memphis,111,0.963963963963964
453,400899633,2017-11-18,Sacramento,115,LA Clippers,121,0.9504132231404959
454,400899642,2017-11-19,LA Clippers,102,Chicago,95,1.0736842105263158
455,400899670,2017-11-23,Dallas,104,LA Clippers,124,0.8387096774193549
456,400899680,2017-11-25,Detroit,108,LA Clippers,97,1.1134020618556701
457,400899699,2017-11-27,Indiana,91,LA Clippers,70,1.3
458,400899395,2017-12-01,Cleveland,94,LA Clippers,113,0.831858407079646
459,400899729,2017-12-02,New Orleans,96,LA Clippers,114,0.8421052631578947
460,400899745,2017-12-04,LA Clippers,102,Indiana,111,0.918918918918919
461,400899797,2017-12-10,LA Clippers,133,New Orleans,105,1.2666666666666666
462,400899808,2017-12-12,LA Clippers,121,Portland,120,1.0083333333333333
463,400899818,2017-12-14,Orlando,108,LA Clippers,113,0.9557522123893806
464,400899839,2017-12-16,Miami,98,LA Clippers,102,0.9607843137254902
465,400899848,2017-12-18,Washington,117,LA Clippers,110,1.0636363636363637
466,400899868,2017-12-20,LA Clippers,119,Denver,102,1.1666666666666667
467,400899883,2017-12-22,LA Clippers,106,San Antonio,101,1.0495049504950495
468,400899897,2017-12-23,LA Clippers,88,Dallas,90,0.9777777777777777
469,400899902,2017-12-25,Los Angeles,111,LA Clippers,102,1.088235294117647
470,400899912,2017-12-26,LA Clippers,102,Denver,106,0.9622641509433962
471,400899923,2017-12-28,New Orleans,102,LA Clippers,98,1.0408163265306123
472,400899938,2017-12-30,Houston,140,LA Clippers,116,1.206896551724138
473,400899949,2017-12-31,Oklahoma City,114,LA Clippers,88,1.2954545454545454
474,400899418,2017-01-02,LA Clippers,109,Phoenix,98,1.1122448979591837
475,400899954,2017-01-04,LA Clippers,115,Memphis,106,1.0849056603773586
476,400899972,2017-01-06,Sacramento,98,LA Clippers,106,0.9245283018867925
477,400899982,2017-01-08,LA Clippers,98,Miami,86,1.1395348837209303
478,400900005,2017-01-11,LA Clippers,105,Orlando,96,1.09375
479,400900022,2017-01-14,LA Clippers,113,Los Angeles,97,1.1649484536082475
480,400900042,2017-01-16,LA Clippers,120,Oklahoma City,98,1.2244897959183674
481,400900061,2017-01-19,LA Clippers,101,Minnesota,104,0.9711538461538461
482,400900079,2017-01-21,Denver,123,LA Clippers,98,1.2551020408163265
483,400900088,2017-01-23,Atlanta,105,LA Clippers,115,0.9130434782608695
484,400899430,2017-02-01,Phoenix,114,LA Clippers,124,0.9193548387096774
485,400900213,2017-02-11,Charlotte,102,LA Clippers,107,0.9532710280373832
486,400900233,2017-02-13,Utah,72,LA Clippers,88,0.8181818181818182
487,400900252,2017-02-15,LA Clippers,99,Atlanta,84,1.1785714285714286
488,400900271,2017-02-24,LA Clippers,97,San Antonio,105,0.9238095238095239
489,400900287,2017-02-26,LA Clippers,124,Charlotte,121,1.024793388429752
490,400899445,2017-03-01,LA Clippers,103,Houston,122,0.8442622950819673
491,400900307,2017-03-03,Milwaukee,112,LA Clippers,101,1.108910891089109
492,400900317,2017-03-04,Chicago,91,LA Clippers,101,0.900990099009901
493,400900350,2017-03-08,Minnesota,107,LA Clippers,91,1.1758241758241759
494,400900356,2017-03-09,Memphis,98,LA Clippers,114,0.8596491228070176
495,400900391,2017-03-13,Utah,114,LA Clippers,108,1.0555555555555556
496,400900408,2017-03-15,LA Clippers,96,Milwaukee,97,0.9896907216494846
497,400900413,2017-03-16,Denver,129,LA Clippers,114,1.131578947368421
498,400900426,2017-03-18,LA Clippers,108,Cleveland,78,1.3846153846153846
499,400900453,2017-03-21,Los Angeles,109,LA Clippers,133,0.8195488721804511
500,400900464,2017-03-23,Dallas,97,LA Clippers,95,1.0210526315789474
501,400900477,2017-03-25,LA Clippers,108,Utah,95,1.1368421052631579
502,400900484,2017-03-26,LA Clippers,97,Sacramento,98,0.9897959183673469
503,400900514,2017-03-29,LA Clippers,133,Washington,124,1.0725806451612903
504,400900519,2017-03-30,Phoenix,118,LA Clippers,124,0.9516129032258065
505,400899368,2017-04-01,LA Clippers,115,Los Angeles,104,1.1057692307692308
506,400900550,2017-04-05,LA Clippers,112,Dallas,101,1.108910891089109
507,400900571,2017-04-08,San Antonio,87,LA Clippers,98,0.8877551020408163
508,400900588,2017-04-10,LA Clippers,125,Houston,96,1.3020833333333333
509,400900606,2017-04-12,LA Clippers,115,Sacramento,95,1.2105263157894737
510,400899415,2017-10-26,Los Angeles Lakers,120,Houston,114,1.0526315789473684
511,400899458,2017-10-28,Utah,96,Los Angeles Lakers,89,1.0786516853932584
512,400899490,2017-10-30,Oklahoma City,113,Los Angeles Lakers,96,1.1770833333333333
513,400899498,2017-11-01,Indiana,115,Los Angeles Lakers,108,1.0648148148148149
514,400899509,2017-11-02,Atlanta,116,Los Angeles Lakers,123,0.943089430894309
515,400899542,2017-11-06,Los Angeles Lakers,119,Phoenix,108,1.1018518518518519
516,400899554,2017-11-08,Los Angeles Lakers,97,Dallas,109,0.8899082568807339
517,400899570,2017-11-10,Sacramento,91,Los Angeles Lakers,101,0.900990099009901
518,400899579,2017-11-12,New Orleans,99,Los Angeles Lakers,126,0.7857142857142857
519,400899592,2017-11-13,Minnesota,125,Los Angeles Lakers,99,1.2626262626262625
520,400899632,2017-11-18,Los Angeles Lakers,107,San Antonio,116,0.9224137931034483
521,400899648,2017-11-20,Los Angeles Lakers,110,Chicago,118,0.9322033898305084
522,400899661,2017-11-22,Los Angeles Lakers,111,Oklahoma City,109,1.018348623853211
523,400899702,2017-11-27,Los Angeles Lakers,109,Atlanta,94,1.1595744680851063
524,400899713,2017-11-29,New Orleans,105,Los Angeles Lakers,88,1.1931818181818181
525,400899719,2017-11-30,Chicago,90,Los Angeles Lakers,96,0.9375
526,400899737,2017-12-03,Memphis,103,Los Angeles Lakers,100,1.03
527,400899755,2017-12-05,Los Angeles Lakers,101,Utah,107,0.9439252336448598
528,400899768,2017-12-07,Houston,134,Los Angeles Lakers,95,1.4105263157894736
529,400899786,2017-12-09,Los Angeles Lakers,115,Phoenix,119,0.9663865546218487
530,400899809,2017-12-12,Sacramento,116,Los Angeles Lakers,92,1.2608695652173914
531,400899844,2017-12-17,Cleveland,119,Los Angeles Lakers,108,1.1018518518518519
532,400899861,2017-12-20,Charlotte,117,Los Angeles Lakers,113,1.0353982300884956
533,400899881,2017-12-22,Miami,115,Los Angeles Lakers,107,1.074766355140187
534,400899885,2017-12-23,Orlando,109,Los Angeles Lakers,90,1.211111111111111
535,400899917,2017-12-27,Los Angeles Lakers,100,Utah,102,0.9803921568627451
536,400899933,2017-12-29,Los Angeles Lakers,89,Dallas,101,0.8811881188118812
537,400899453,2017-01-03,Los Angeles Lakers,116,Memphis,102,1.1372549019607843
538,400899963,2017-01-05,Portland,118,Los Angeles Lakers,109,1.0825688073394495
539,400899970,2017-01-06,Los Angeles Lakers,127,Miami,100,1.27
540,400899988,2017-01-08,Los Angeles Lakers,111,Orlando,95,1.168421052631579
541,400899998,2017-01-10,Los Angeles Lakers,87,Portland,108,0.8055555555555556
542,400900009,2017-01-12,San Antonio,134,Los Angeles Lakers,94,1.425531914893617
543,400900033,2017-01-15,Los Angeles Lakers,97,Detroit,102,0.9509803921568627
544,400900047,2017-01-17,Los Angeles Lakers,121,Denver,127,0.952755905511811
545,400900070,2017-01-20,Los Angeles Lakers,108,Indiana,95,1.1368421052631579
546,400900083,2017-01-22,Dallas,122,Los Angeles Lakers,73,1.6712328767123288
547,400900110,2017-01-25,Portland,105,Los Angeles Lakers,98,1.0714285714285714
548,400900114,2017-01-26,Utah,96,Los Angeles Lakers,88,1.0909090909090908
549,400900150,2017-01-31,Los Angeles Lakers,120,Denver,116,1.0344827586206897
550,400899446,2017-02-02,Washington,116,Los Angeles Lakers,108,1.0740740740740742
551,400900191,2017-02-08,Detroit,121,Los Angeles Lakers,102,1.1862745098039216
552,400900207,2017-02-10,Milwaukee,114,Los Angeles Lakers,122,0.9344262295081968
553,400900239,2017-02-14,Los Angeles Lakers,96,Sacramento,97,0.9896907216494846
554,400900250,2017-02-15,Phoenix,137,Los Angeles Lakers,101,1.3564356435643565
555,400900267,2017-02-24,Oklahoma City,110,Los Angeles Lakers,93,1.1827956989247312
556,400900280,2017-02-26,Los Angeles Lakers,98,San Antonio,119,0.8235294117647058
557,400900300,2017-02-28,Los Angeles Lakers,104,Charlotte,109,0.9541284403669725
558,400900328,2017-03-05,Los Angeles Lakers,97,New Orleans,105,0.9238095238095239
559,400900342,2017-03-07,Dallas,122,Los Angeles Lakers,111,1.0990990990990992
560,400900359,2017-03-09,Phoenix,110,Los Angeles Lakers,122,0.9016393442622951
561,400900393,2017-03-13,Denver,129,Los Angeles Lakers,101,1.2772277227722773
562,400900405,2017-03-15,Houston,139,Los Angeles Lakers,100,1.39
563,400900422,2017-03-17,Los Angeles Lakers,103,Milwaukee,107,0.9626168224299065
564,400900438,2017-03-19,Los Angeles Lakers,120,Cleveland,125,0.96
565,400900475,2017-03-24,Los Angeles Lakers,130,Minnesota,119,1.0924369747899159
566,400900491,2017-03-26,Los Angeles Lakers,81,Portland,97,0.8350515463917526
567,400900505,2017-03-28,Los Angeles Lakers,108,Washington,119,0.907563025210084
568,400900518,2017-03-30,Minnesota,119,Los Angeles Lakers,104,1.1442307692307692
569,400899408,2017-04-02,Los Angeles Lakers,108,Memphis,103,1.0485436893203883
570,400900548,2017-04-05,San Antonio,95,Los Angeles Lakers,102,0.9313725490196079
571,400900565,2017-04-07,Los Angeles Lakers,98,Sacramento,94,1.0425531914893618
572,400900580,2017-04-09,Los Angeles Lakers,110,Minnesota,109,1.0091743119266054
573,400900593,2017-04-11,Los Angeles Lakers,108,New Orleans,96,1.125
574,400899412,2017-10-26,Phoenix Suns,94,Sacramento,113,0.831858407079646
575,400899455,2017-10-28,Oklahoma City,113,Phoenix Suns,110,1.0272727272727273
576,400899513,2017-11-02,Phoenix Suns,118,Portland,115,1.0260869565217392
577,400899525,2017-11-04,New Orleans,111,Phoenix Suns,112,0.9910714285714286
578,400899553,2017-11-08,Portland,124,Phoenix Suns,121,1.024793388429752
579,400899563,2017-11-09,Phoenix Suns,107,Detroit,100,1.07
580,400899616,2017-11-16,Denver,120,Phoenix Suns,104,1.1538461538461537
581,400899626,2017-11-18,Indiana,96,Phoenix Suns,116,0.8275862068965517
582,400899650,2017-11-21,Washington,106,Phoenix Suns,101,1.0495049504950495
583,400899664,2017-11-23,Orlando,87,Phoenix Suns,92,0.9456521739130435
584,400899686,2017-11-25,Phoenix Suns,85,Minnesota,98,0.8673469387755102
585,400899696,2017-11-27,Phoenix Suns,114,Denver,120,0.95
586,400899724,2017-11-30,Phoenix Suns,109,Atlanta,107,1.0186915887850467
587,400899762,2017-12-06,Utah,112,Phoenix Suns,105,1.0666666666666667
588,400899771,2017-12-07,Phoenix Suns,94,Indiana,109,0.8623853211009175
589,400899801,2017-12-11,Phoenix Suns,119,New Orleans,120,0.9916666666666667
590,400899829,2017-12-15,Phoenix Suns,92,San Antonio,107,0.8598130841121495
591,400899841,2017-12-17,Oklahoma City,114,Phoenix Suns,101,1.1287128712871286
592,400899858,2017-12-19,Minnesota,115,Phoenix Suns,108,1.0648148148148149
593,400899877,2017-12-21,Phoenix Suns,111,Houston,125,0.888
594,400899909,2017-12-26,Houston,131,Phoenix Suns,115,1.1391304347826088
595,400899924,2017-12-28,San Antonio,119,Phoenix Suns,98,1.2142857142857142
596,400899948,2017-12-31,Utah,91,Phoenix Suns,86,1.058139534883721
597,400899451,2017-01-03,Phoenix Suns,99,Miami,90,1.1
598,400899962,2017-01-05,Dallas,95,Phoenix Suns,102,0.9313725490196079
599,400899986,2017-01-08,Phoenix Suns,116,Cleveland,120,0.9666666666666667
600,400900012,2017-01-12,Phoenix Suns,108,Dallas,113,0.9557522123893806
601,400900026,2017-01-14,Phoenix Suns,108,San Antonio,105,1.0285714285714285
602,400900041,2017-01-16,Phoenix Suns,101,Utah,106,0.9528301886792453
603,400900057,2017-01-19,Cleveland,118,Phoenix Suns,103,1.145631067961165
604,400900100,2017-01-24,Phoenix Suns,111,Minnesota,112,0.9910714285714286
605,400900113,2017-01-26,Denver,127,Phoenix Suns,120,1.0583333333333333
606,400900130,2017-01-28,Phoenix Suns,112,Denver,123,0.9105691056910569
607,400900144,2017-01-30,Phoenix Suns,96,Memphis,115,0.8347826086956521
608,400900158,2017-02-03,Sacramento,103,Phoenix Suns,105,0.9809523809523809
609,400900166,2017-02-04,Phoenix Suns,112,Milwaukee,137,0.8175182481751825
610,400900179,2017-02-06,New Orleans,111,Phoenix Suns,106,1.0471698113207548
611,400900193,2017-02-08,Memphis,110,Phoenix Suns,91,1.2087912087912087
612,400900212,2017-02-10,Phoenix Suns,115,Chicago,97,1.1855670103092784
613,400900217,2017-02-11,Houston,133,Phoenix Suns,102,1.303921568627451
614,400900234,2017-02-13,Phoenix Suns,108,New Orleans,110,0.9818181818181818
615,400900265,2017-02-24,Chicago,128,Phoenix Suns,121,1.0578512396694215
616,400900281,2017-02-26,Milwaukee,100,Phoenix Suns,96,1.0416666666666667
617,400900298,2017-02-28,Memphis,130,Phoenix Suns,112,1.1607142857142858
618,400900302,2017-03-02,Phoenix Suns,120,Charlotte,103,1.1650485436893203
619,400900311,2017-03-03,Phoenix Suns,118,Oklahoma City,111,1.063063063063063
620,400900343,2017-03-07,Phoenix Suns,127,Washington,131,0.9694656488549618
621,400900377,2017-03-11,Dallas,98,Phoenix Suns,100,0.98
622,400900383,2017-03-12,Phoenix Suns,101,Portland,110,0.9181818181818182
623,400900407,2017-03-15,Phoenix Suns,101,Sacramento,107,0.9439252336448598
624,400900421,2017-03-17,Phoenix Suns,103,Orlando,109,0.944954128440367
625,400900433,2017-03-19,Detroit,112,Phoenix Suns,95,1.1789473684210525
626,400900448,2017-03-21,Miami,112,Phoenix Suns,97,1.1546391752577319
627,400900482,2017-03-26,Charlotte,120,Phoenix Suns,106,1.1320754716981132
628,400900501,2017-03-28,Atlanta,95,Phoenix Suns,91,1.043956043956044
629,400899401,2017-04-01,Portland,130,Phoenix Suns,117,1.1111111111111112
630,400899475,2017-04-02,Phoenix Suns,116,Houston,123,0.943089430894309
631,400900564,2017-04-07,Phoenix Suns,120,Oklahoma City,99,1.2121212121212122
632,400900577,2017-04-09,Phoenix Suns,124,Dallas,111,1.117117117117117
633,400900594,2017-04-11,Sacramento,129,Phoenix Suns,104,1.2403846153846154
634,400899424,2017-10-27,Sacramento Kings,94,San Antonio,102,0.9215686274509803
635,400899484,2017-10-29,Sacramento Kings,106,Minnesota,103,1.029126213592233
636,400899494,2017-10-31,Atlanta,106,Sacramento Kings,95,1.1157894736842104
637,400899499,2017-11-01,Miami,108,Sacramento Kings,96,1.125
638,400899515,2017-11-03,Orlando,102,Sacramento Kings,94,1.0851063829787233
639,400899535,2017-11-05,Milwaukee,117,Sacramento Kings,91,1.2857142857142858
640,400899555,2017-11-08,Sacramento Kings,102,New Orleans,94,1.0851063829787233
641,400899578,2017-11-11,Portland,122,Sacramento Kings,120,1.0166666666666666
642,400899618,2017-11-16,Sacramento Kings,105,San Antonio,110,0.9545454545454546
643,400899674,2017-11-23,Sacramento Kings,116,Oklahoma City,101,1.1485148514851484
644,400899689,2017-11-25,Sacramento Kings,104,Houston,117,0.8888888888888888
645,400899703,2017-11-28,Washington,101,Sacramento Kings,95,1.063157894736842
646,400899770,2017-12-07,Dallas,89,Sacramento Kings,120,0.7416666666666667
647,400899796,2017-12-10,Utah,104,Sacramento Kings,84,1.2380952380952381
648,400899822,2017-12-14,Houston,132,Sacramento Kings,98,1.346938775510204
649,400899836,2017-12-16,Memphis,92,Sacramento Kings,96,0.9583333333333334
650,400899853,2017-12-18,Dallas,99,Sacramento Kings,79,1.2531645569620253
651,400899870,2017-12-20,Sacramento Kings,126,Portland,121,1.0413223140495869
652,400899876,2017-12-21,Utah,93,Sacramento Kings,94,0.9893617021276596
653,400899892,2017-12-23,Minnesota,105,Sacramento Kings,109,0.963302752293578
654,400899926,2017-12-28,Portland,102,Sacramento Kings,89,1.146067415730337
655,400899944,2017-12-31,Sacramento Kings,98,Memphis,112,0.875
656,400899450,2017-01-03,Denver,113,Sacramento Kings,120,0.9416666666666667
657,400899956,2017-01-04,Sacramento Kings,102,Miami,107,0.9532710280373832
658,400900000,2017-01-10,Sacramento Kings,100,Detroit,94,1.0638297872340425
659,400900020,2017-01-13,Sacramento Kings,108,Cleveland,120,0.9
660,400900031,2017-01-15,Sacramento Kings,118,Oklahoma City,122,0.9672131147540983
661,400900056,2017-01-18,Sacramento Kings,100,Indiana,106,0.9433962264150944
662,400900065,2017-01-20,Memphis,107,Sacramento Kings,91,1.1758241758241759
663,400900081,2017-01-21,Chicago,102,Sacramento Kings,99,1.0303030303030303
664,400900090,2017-01-23,Detroit,104,Sacramento Kings,109,0.9541284403669725
665,400900101,2017-01-25,Cleveland,112,Sacramento Kings,116,0.9655172413793104
666,400900117,2017-01-27,Indiana,115,Sacramento Kings,111,1.0360360360360361
667,400900125,2017-01-28,Charlotte,106,Sacramento Kings,109,0.9724770642201835
668,400900147,2017-01-31,Houston,105,Sacramento Kings,83,1.2650602409638554
669,400900183,2017-02-06,Sacramento Kings,107,Chicago,112,0.9553571428571429
670,400900211,2017-02-10,Sacramento Kings,108,Atlanta,107,1.0093457943925233
671,400900224,2017-02-12,Sacramento Kings,105,New Orleans,99,1.0606060606060606
672,400900261,2017-02-23,Sacramento Kings,116,Denver,100,1.16
673,400900272,2017-02-25,Sacramento Kings,85,Charlotte,99,0.8585858585858586
674,400900294,2017-02-27,Sacramento Kings,88,Minnesota,102,0.8627450980392157
675,400900326,2017-03-05,Sacramento Kings,109,Utah,110,0.990909090909091
676,400900338,2017-03-06,Denver,108,Sacramento Kings,96,1.125
677,400900352,2017-03-08,San Antonio,114,Sacramento Kings,104,1.0961538461538463
678,400900367,2017-03-10,Sacramento Kings,122,Washington,130,0.9384615384615385
679,400900379,2017-03-11,Sacramento Kings,92,Denver,105,0.8761904761904762
680,400900392,2017-03-13,Sacramento Kings,120,Orlando,115,1.0434782608695652
681,400900423,2017-03-18,Oklahoma City,110,Sacramento Kings,94,1.1702127659574468
682,400900437,2017-03-19,San Antonio,118,Sacramento Kings,102,1.1568627450980393
683,400900460,2017-03-22,Sacramento Kings,98,Milwaukee,116,0.8448275862068966
684,400900496,2017-03-27,Sacramento Kings,91,Memphis,90,1.011111111111111
685,400900515,2017-03-29,Sacramento Kings,82,Utah,112,0.7321428571428571
686,400900527,2017-03-31,New Orleans,117,Sacramento Kings,89,1.3146067415730338
687,400899399,2017-04-01,Minnesota,117,Sacramento Kings,123,0.9512195121951219
688,400900541,2017-04-04,Sacramento Kings,98,Dallas,87,1.1264367816091954
689,400900578,2017-04-09,Sacramento Kings,128,Houston,135,0.9481481481481482
690,400899480,2017-10-29,Chicago Bulls,118,Indiana,101,1.1683168316831682
691,400899533,2017-11-05,Indiana,111,Chicago Bulls,94,1.1808510638297873
692,400899546,2017-11-07,Chicago Bulls,112,Orlando,80,1.4
693,400899561,2017-11-09,Atlanta,115,Chicago Bulls,107,1.074766355140187
694,400899568,2017-11-10,Miami,95,Chicago Bulls,98,0.9693877551020408
695,400899583,2017-11-12,Chicago Bulls,106,Washington,95,1.1157894736842104
696,400899606,2017-11-15,Portland,88,Chicago Bulls,113,0.7787610619469026
697,400899623,2017-11-17,Utah,77,Chicago Bulls,85,0.9058823529411765
698,400899660,2017-11-22,Denver,110,Chicago Bulls,107,1.02803738317757
699,400899728,2017-12-02,Chicago Bulls,111,Cleveland,105,1.0571428571428572
700,400899738,2017-12-03,Dallas,107,Chicago Bulls,82,1.3048780487804879
701,400899750,2017-12-05,Chicago Bulls,110,Portland,112,0.9821428571428571
702,400899759,2017-12-06,Detroit,102,Chicago Bulls,91,1.120879120879121
703,400899778,2017-12-08,Chicago Bulls,95,San Antonio,91,1.043956043956044
704,400899792,2017-12-10,Chicago Bulls,105,Miami,100,1.05
705,400899812,2017-12-13,Chicago Bulls,94,Minnesota,99,0.9494949494949495
706,400899826,2017-12-15,Milwaukee,108,Chicago Bulls,97,1.1134020618556701
707,400899835,2017-12-16,Chicago Bulls,69,Milwaukee,95,0.7263157894736842
708,400899856,2017-12-19,Chicago Bulls,113,Detroit,82,1.3780487804878048
709,400899874,2017-12-21,Chicago Bulls,97,Washington,107,0.9065420560747663
710,400899884,2017-12-23,Charlotte,103,Chicago Bulls,91,1.1318681318681318
711,400899900,2017-12-25,San Antonio,119,Chicago Bulls,100,1.19
712,400899907,2017-12-26,Chicago Bulls,90,Indiana,85,1.0588235294117647
713,400899934,2017-12-30,Indiana,111,Chicago Bulls,101,1.099009900990099
714,400899945,2017-12-31,Chicago Bulls,96,Milwaukee,116,0.8275862068965517
715,400899416,2017-01-02,Chicago Bulls,118,Charlotte,111,1.063063063063063
716,400899953,2017-01-04,Cleveland,94,Chicago Bulls,106,0.8867924528301887
717,400899990,2017-01-09,Chicago Bulls,94,Oklahoma City,109,0.8623853211009175
718,400899992,2017-01-10,Washington,101,Chicago Bulls,99,1.02020202020202
719,400900023,2017-01-14,Chicago Bulls,107,New Orleans,99,1.0808080808080809
720,400900032,2017-01-15,Memphis,104,Chicago Bulls,108,0.9629629629629629
721,400900045,2017-01-17,Chicago Bulls,98,Dallas,99,0.98989898989899
722,400900068,2017-01-20,Atlanta,102,Chicago Bulls,93,1.096774193548387
723,400900098,2017-01-24,Orlando,92,Chicago Bulls,100,0.92
724,400900104,2017-01-25,Chicago Bulls,114,Atlanta,119,0.957983193277311
725,400900121,2017-01-27,Chicago Bulls,88,Miami,100,0.88
726,400899433,2017-02-01,Oklahoma City,100,Chicago Bulls,128,0.78125
727,400900154,2017-02-03,Houston,121,Chicago Bulls,117,1.0341880341880343
728,400900221,2017-02-12,Minnesota,117,Chicago Bulls,89,1.3146067415730338
729,400900277,2017-02-25,Cleveland,99,Chicago Bulls,117,0.8461538461538461
730,400900297,2017-02-28,Chicago Bulls,107,Denver,125,0.856
731,400900333,2017-03-06,Detroit,109,Chicago Bulls,95,1.1473684210526316
732,400900344,2017-03-08,Orlando,98,Chicago Bulls,91,1.0769230769230769
733,400900361,2017-03-10,Chicago Bulls,94,Houston,115,0.8173913043478261
734,400900386,2017-03-13,Charlotte,109,Chicago Bulls,115,0.9478260869565217
735,400900404,2017-03-15,Chicago Bulls,91,Memphis,98,0.9285714285714286
736,400900416,2017-03-17,Washington,112,Chicago Bulls,107,1.0467289719626167
737,400900427,2017-03-18,Chicago Bulls,95,Utah,86,1.1046511627906976
738,400900456,2017-03-22,Chicago Bulls,117,Detroit,95,1.231578947368421
739,400900485,2017-03-26,Milwaukee,94,Chicago Bulls,109,0.8623853211009175
740,400900517,2017-03-30,Chicago Bulls,99,Cleveland,93,1.064516129032258
741,400899390,2017-04-01,Chicago Bulls,106,Atlanta,104,1.0192307692307692
742,400899439,2017-04-02,New Orleans,110,Chicago Bulls,117,0.9401709401709402
743,400900584,2017-04-10,Chicago Bulls,122,Orlando,75,1.6266666666666667
744,400899479,2017-10-29,Cleveland Cavaliers,105,Orlando,99,1.0606060606060606
745,400899497,2017-11-01,Cleveland Cavaliers,128,Houston,120,1.0666666666666667
746,400899550,2017-11-08,Cleveland Cavaliers,106,Atlanta,110,0.9636363636363636
747,400899572,2017-11-11,Washington,94,Cleveland Cavaliers,105,0.8952380952380953
748,400899590,2017-11-13,Cleveland Cavaliers,100,Charlotte,93,1.075268817204301
749,400899610,2017-11-16,Indiana,103,Cleveland Cavaliers,93,1.10752688172043
750,400899625,2017-11-18,Cleveland Cavaliers,104,Detroit,81,1.2839506172839505
751,400899665,2017-11-23,Cleveland Cavaliers,137,Portland,125,1.096
752,400899677,2017-11-25,Cleveland Cavaliers,128,Dallas,90,1.4222222222222223
753,400899712,2017-11-29,Milwaukee,118,Cleveland Cavaliers,101,1.1683168316831682
754,400899780,2017-12-09,Cleveland Cavaliers,114,Miami,84,1.3571428571428572
755,400899791,2017-12-10,Cleveland Cavaliers,116,Charlotte,105,1.1047619047619048
756,400899810,2017-12-13,Cleveland Cavaliers,103,Memphis,86,1.197674418604651
757,400899821,2017-12-14,Memphis,93,Cleveland Cavaliers,85,1.0941176470588236
758,400899865,2017-12-20,Milwaukee,108,Cleveland Cavaliers,114,0.9473684210526315
759,400899871,2017-12-21,Cleveland Cavaliers,113,Milwaukee,102,1.107843137254902
760,400899906,2017-12-26,Detroit,106,Cleveland Cavaliers,90,1.1777777777777778
761,400899947,2017-12-31,Charlotte,109,Cleveland Cavaliers,121,0.9008264462809917
762,400899411,2017-01-02,Cleveland Cavaliers,90,New Orleans,82,1.0975609756097562
763,400899997,2017-01-10,Utah,100,Cleveland Cavaliers,92,1.0869565217391304
764,400900006,2017-01-11,Portland,102,Cleveland Cavaliers,86,1.186046511627907
765,400900078,2017-01-21,Cleveland Cavaliers,115,San Antonio,118,0.9745762711864406
766,400900092,2017-01-23,New Orleans,124,Cleveland Cavaliers,122,1.0163934426229508
767,400900133,2017-01-29,Cleveland Cavaliers,107,Oklahoma City,91,1.1758241758241759
768,400900143,2017-01-30,Dallas,104,Cleveland Cavaliers,97,1.0721649484536082
769,400899369,2017-02-01,Cleveland Cavaliers,125,Minnesota,97,1.288659793814433
770,400900174,2017-02-06,Washington,135,Cleveland Cavaliers,140,0.9642857142857143
771,400900188,2017-02-08,Indiana,117,Cleveland Cavaliers,132,0.8863636363636364
772,400900201,2017-02-09,Oklahoma City,118,Cleveland Cavaliers,109,1.0825688073394495
773,400900216,2017-02-11,Cleveland Cavaliers,125,Denver,109,1.146788990825688
774,400900237,2017-02-14,Minnesota,108,Cleveland Cavaliers,116,0.9310344827586207
775,400900241,2017-02-15,Cleveland Cavaliers,113,Indiana,104,1.0865384615384615
776,400900290,2017-02-27,Cleveland Cavaliers,102,Milwaukee,95,1.0736842105263158
777,400900308,2017-03-03,Atlanta,130,Cleveland Cavaliers,135,0.9629629629629629
778,400900316,2017-03-04,Miami,120,Cleveland Cavaliers,92,1.3043478260869565
779,400900331,2017-03-06,Cleveland Cavaliers,98,Miami,106,0.9245283018867925
780,400900355,2017-03-09,Detroit,106,Cleveland Cavaliers,101,1.0495049504950495
781,400900372,2017-03-11,Orlando,104,Cleveland Cavaliers,116,0.896551724137931
782,400900384,2017-03-12,Houston,117,Cleveland Cavaliers,112,1.0446428571428572
783,400900394,2017-03-14,Cleveland Cavaliers,128,Detroit,96,1.3333333333333333
784,400900409,2017-03-16,Cleveland Cavaliers,91,Utah,83,1.0963855421686748
785,400900459,2017-03-22,Denver,126,Cleveland Cavaliers,113,1.1150442477876106
786,400900468,2017-03-24,Charlotte,105,Cleveland Cavaliers,112,0.9375
787,400900478,2017-03-25,Cleveland Cavaliers,115,Washington,127,0.905511811023622
788,400900494,2017-03-27,San Antonio,103,Cleveland Cavaliers,74,1.3918918918918919
789,400899471,2017-04-02,Cleveland Cavaliers,135,Indiana,130,1.0384615384615385
790,400900534,2017-04-04,Cleveland Cavaliers,122,Orlando,102,1.196078431372549
791,400900557,2017-04-07,Cleveland Cavaliers,100,Atlanta,114,0.8771929824561403
792,400900575,2017-04-09,Atlanta,126,Cleveland Cavaliers,125,1.008
793,400900583,2017-04-10,Miami,124,Cleveland Cavaliers,121,1.024793388429752
794,400899454,2017-10-28,Detroit Pistons,108,Orlando,82,1.3170731707317074
795,400899488,2017-10-30,Detroit Pistons,98,Milwaukee,83,1.180722891566265
796,400899532,2017-11-05,Detroit Pistons,103,Denver,86,1.197674418604651
797,400899577,2017-11-11,San Antonio,96,Detroit Pistons,86,1.1162790697674418
798,400899588,2017-11-12,Denver,95,Detroit Pistons,106,0.8962264150943396
799,400899597,2017-11-14,Detroit Pistons,104,Oklahoma City,88,1.1818181818181819
800,400899653,2017-11-21,Detroit Pistons,96,Houston,99,0.9696969696969697
801,400899668,2017-11-23,Detroit Pistons,107,Miami,84,1.2738095238095237
802,400899692,2017-11-26,Oklahoma City,106,Detroit Pistons,88,1.2045454545454546
803,400899710,2017-11-29,Charlotte,89,Detroit Pistons,112,0.7946428571428571
804,400899730,2017-12-02,Atlanta,85,Detroit Pistons,121,0.7024793388429752
805,400899742,2017-12-04,Detroit Pistons,92,Orlando,98,0.9387755102040817
806,400899763,2017-12-07,Charlotte,87,Detroit Pistons,77,1.12987012987013
807,400899784,2017-12-09,Minnesota,90,Detroit Pistons,117,0.7692307692307693
808,400899823,2017-12-14,Dallas,85,Detroit Pistons,95,0.8947368421052632
809,400899831,2017-12-16,Washington,122,Detroit Pistons,108,1.1296296296296295
810,400899842,2017-12-17,Detroit Pistons,90,Indiana,105,0.8571428571428571
811,400899873,2017-12-21,Detroit Pistons,86,Memphis,98,0.8775510204081632
812,400899921,2017-12-28,Detroit Pistons,94,Milwaukee,119,0.7899159663865546
813,400899940,2017-12-30,Atlanta,105,Detroit Pistons,98,1.0714285714285714
814,400899381,2017-01-01,Miami,98,Detroit Pistons,107,0.9158878504672897
815,400899425,2017-01-03,Detroit Pistons,116,Indiana,121,0.9586776859504132
816,400899959,2017-01-05,Detroit Pistons,115,Charlotte,114,1.0087719298245614
817,400933467,2017-01-08,Portland,124,Detroit Pistons,125,0.992
818,400900021,2017-01-13,Utah,110,Detroit Pistons,77,1.4285714285714286
819,400900054,2017-01-18,Detroit Pistons,118,Atlanta,95,1.2421052631578948
820,400900072,2017-01-21,Detroit Pistons,113,Washington,112,1.0089285714285714
821,400900126,2017-01-28,Miami,116,Detroit Pistons,103,1.1262135922330097
822,400899400,2017-02-01,Detroit Pistons,118,New Orleans,98,1.2040816326530612
823,400900153,2017-02-03,Detroit Pistons,116,Minnesota,108,1.0740740740740742
824,400900162,2017-02-04,Indiana,105,Detroit Pistons,84,1.25
825,400900206,2017-02-10,Detroit Pistons,92,San Antonio,103,0.8932038834951457
826,400900229,2017-02-13,Milwaukee,102,Detroit Pistons,89,1.146067415730337
827,400900245,2017-02-15,Detroit Pistons,98,Dallas,91,1.0769230769230769
828,400900257,2017-02-23,Detroit Pistons,114,Charlotte,108,1.0555555555555556
829,400900296,2017-02-28,Detroit Pistons,120,Portland,113,1.0619469026548674
830,400899409,2017-03-01,New Orleans,109,Detroit Pistons,86,1.2674418604651163
831,400900351,2017-03-08,Indiana,115,Detroit Pistons,98,1.1734693877551021
832,400900403,2017-03-15,Detroit Pistons,83,Utah,97,0.8556701030927835
833,400900469,2017-03-24,Orlando,115,Detroit Pistons,87,1.3218390804597702
834,400900502,2017-03-28,Detroit Pistons,96,Miami,97,0.9896907216494846
835,400900525,2017-03-31,Milwaukee,108,Detroit Pistons,105,1.0285714285714285
836,400900560,2017-04-07,Houston,109,Detroit Pistons,114,0.956140350877193
837,400900579,2017-04-09,Memphis,90,Detroit Pistons,103,0.8737864077669902
838,400900586,2017-04-10,Detroit Pistons,101,Washington,105,0.9619047619047619
839,400900595,2017-04-12,Orlando,113,Detroit Pistons,109,1.036697247706422
840,400899379,2017-10-26,Indiana Pacers,130,Dallas,121,1.0743801652892562
841,400899516,2017-11-03,Milwaukee,125,Indiana Pacers,107,1.1682242990654206
842,400899545,2017-11-07,Charlotte,122,Indiana Pacers,100,1.22
843,400899595,2017-11-14,Indiana Pacers,88,Orlando,69,1.2753623188405796
844,400899645,2017-11-20,Oklahoma City,111,Indiana Pacers,115,0.9652173913043478
845,400899666,2017-11-23,Indiana Pacers,85,Atlanta,96,0.8854166666666666
846,400899725,2017-11-30,Portland,131,Indiana Pacers,109,1.201834862385321
847,400899785,2017-12-09,Dallas,111,Indiana Pacers,103,1.0776699029126213
848,400899790,2017-12-10,Indiana Pacers,118,Portland,111,1.063063063063063
849,400899803,2017-12-12,Indiana Pacers,110,Charlotte,94,1.1702127659574468
850,400899819,2017-12-14,Miami,95,Indiana Pacers,89,1.0674157303370786
851,400899827,2017-12-15,New Orleans,102,Indiana Pacers,95,1.0736842105263158
852,400899855,2017-12-19,Indiana Pacers,107,Washington,105,1.019047619047619
853,400899918,2017-12-28,Washington,111,Indiana Pacers,105,1.0571428571428572
854,400899383,2017-01-01,Indiana Pacers,117,Orlando,104,1.125
855,400900010,2017-01-12,Denver,140,Indiana Pacers,112,1.25
856,400900037,2017-01-16,Indiana Pacers,98,New Orleans,95,1.0315789473684212
857,400900080,2017-01-21,Utah,109,Indiana Pacers,100,1.09
858,400900112,2017-01-26,Minnesota,103,Indiana Pacers,109,0.944954128440367
859,400900134,2017-01-29,Indiana Pacers,120,Houston,101,1.188118811881188
860,400899366,2017-02-01,Orlando,88,Indiana Pacers,98,0.8979591836734694
861,400900175,2017-02-06,Indiana Pacers,93,Oklahoma City,90,1.0333333333333334
862,400900210,2017-02-10,Washington,112,Indiana Pacers,107,1.0467289719626167
863,400900214,2017-02-11,Indiana Pacers,100,Milwaukee,116,0.8620689655172413
864,400900230,2017-02-13,Indiana Pacers,106,San Antonio,110,0.9636363636363636
865,400900254,2017-02-16,Indiana Pacers,98,Washington,111,0.8828828828828829
866,400900263,2017-02-24,Indiana Pacers,102,Memphis,92,1.108695652173913
867,400900275,2017-02-25,Miami,113,Indiana Pacers,95,1.1894736842105262
868,400900292,2017-02-27,Houston,108,Indiana Pacers,117,0.9230769230769231
869,400899437,2017-03-01,San Antonio,100,Indiana Pacers,99,1.0101010101010102
870,400900322,2017-03-05,Atlanta,96,Indiana Pacers,97,0.9896907216494846
871,400900336,2017-03-06,Charlotte,100,Indiana Pacers,88,1.1363636363636365
872,400900362,2017-03-10,Milwaukee,99,Indiana Pacers,85,1.1647058823529413
873,400900382,2017-03-12,Indiana Pacers,102,Miami,98,1.0408163265306123
874,400900400,2017-03-15,Indiana Pacers,98,Charlotte,77,1.2727272727272727
875,400900441,2017-03-20,Indiana Pacers,107,Utah,100,1.07
876,400900470,2017-03-24,Indiana Pacers,117,Denver,125,0.936
877,400900499,2017-03-28,Indiana Pacers,114,Minnesota,115,0.991304347826087
878,400900511,2017-03-29,Memphis,110,Indiana Pacers,97,1.134020618556701
879,400900553,2017-04-06,Indiana Pacers,104,Milwaukee,89,1.1685393258426966
880,400900568,2017-04-08,Orlando,112,Indiana Pacers,127,0.8818897637795275
881,400900604,2017-04-12,Indiana Pacers,104,Atlanta,86,1.2093023255813953
882,400899384,2017-10-26,Milwaukee Bucks,96,Charlotte,107,0.897196261682243
883,400899501,2017-11-01,New Orleans,113,Milwaukee Bucks,117,0.9658119658119658
884,400899540,2017-11-06,Dallas,86,Milwaukee Bucks,75,1.1466666666666667
885,400899567,2017-11-10,Milwaukee Bucks,106,New Orleans,112,0.9464285714285714
886,400899587,2017-11-12,Milwaukee Bucks,106,Memphis,96,1.1041666666666667
887,400899613,2017-11-16,Atlanta,107,Milwaukee Bucks,100,1.07
888,400899620,2017-11-17,Miami,96,Milwaukee Bucks,73,1.3150684931506849
889,400899654,2017-11-21,Milwaukee Bucks,93,Orlando,89,1.0449438202247192
890,400899698,2017-11-27,Orlando,96,Milwaukee Bucks,104,0.9230769230769231
891,400899751,2017-12-05,Milwaukee Bucks,96,San Antonio,97,0.9896907216494846
892,400899767,2017-12-07,Milwaukee Bucks,115,Portland,107,1.074766355140187
893,400899782,2017-12-09,Milwaukee Bucks,110,Atlanta,114,0.9649122807017544
894,400899788,2017-12-10,Washington,110,Milwaukee Bucks,105,1.0476190476190477
895,400899889,2017-12-23,Milwaukee Bucks,123,Washington,96,1.28125
896,400899903,2017-12-26,Washington,107,Milwaukee Bucks,102,1.0490196078431373
897,400899939,2017-12-30,Minnesota,116,Milwaukee Bucks,99,1.1717171717171717
898,400899410,2017-01-02,Milwaukee Bucks,98,Oklahoma City,94,1.0425531914893618
899,400899983,2017-01-08,Milwaukee Bucks,101,Washington,107,0.9439252336448598
900,400899996,2017-01-10,San Antonio,107,Milwaukee Bucks,109,0.981651376146789
901,400900015,2017-01-13,Milwaukee Bucks,116,Miami,108,1.0740740740740742
902,400900028,2017-01-15,Atlanta,111,Milwaukee Bucks,98,1.1326530612244898
903,400900053,2017-01-18,Houston,111,Milwaukee Bucks,92,1.2065217391304348
904,400900064,2017-01-20,Orlando,112,Milwaukee Bucks,96,1.1666666666666667
905,400900076,2017-01-21,Miami,109,Milwaukee Bucks,97,1.1237113402061856
906,400900091,2017-01-23,Milwaukee Bucks,127,Houston,114,1.1140350877192982
907,400899407,2017-02-01,Utah,104,Milwaukee Bucks,88,1.1818181818181819
908,400900157,2017-02-03,Denver,121,Milwaukee Bucks,117,1.0341880341880343
909,400900192,2017-02-08,Milwaukee Bucks,88,Miami,106,0.8301886792452831
910,400900266,2017-02-24,Milwaukee Bucks,95,Utah,109,0.8715596330275229
911,400899405,2017-03-01,Milwaukee Bucks,98,Denver,110,0.8909090909090909
912,400900373,2017-03-11,Milwaukee Bucks,102,Minnesota,95,1.0736842105263158
913,400900388,2017-03-13,Memphis,113,Milwaukee Bucks,93,1.2150537634408602
914,400900452,2017-03-21,Portland,90,Milwaukee Bucks,93,0.967741935483871
915,400900473,2017-03-24,Milwaukee Bucks,100,Atlanta,97,1.0309278350515463
916,400900498,2017-03-28,Charlotte,108,Milwaukee Bucks,118,0.9152542372881356
917,400899431,2017-04-02,Milwaukee Bucks,105,Dallas,109,0.963302752293578
918,400900537,2017-04-04,Oklahoma City,110,Milwaukee Bucks,79,1.3924050632911393
919,400900585,2017-04-10,Milwaukee Bucks,89,Charlotte,79,1.1265822784810127
920,400899457,2017-10-28,Dallas Mavericks,98,Houston,106,0.9245283018867925
921,400899491,2017-10-30,Houston,93,Dallas Mavericks,92,1.0108695652173914
922,400899512,2017-11-02,Utah,97,Dallas Mavericks,81,1.1975308641975309
923,400899526,2017-11-04,Dallas Mavericks,95,Portland,105,0.9047619047619048
924,400899630,2017-11-18,Dallas Mavericks,64,Memphis,80,0.8
925,400899637,2017-11-19,Orlando,95,Dallas Mavericks,87,1.0919540229885059
926,400899656,2017-11-21,San Antonio,96,Dallas Mavericks,91,1.054945054945055
927,400899700,2017-11-27,Dallas Mavericks,91,New Orleans,81,1.123456790123457
928,400899722,2017-11-30,Dallas Mavericks,87,San Antonio,94,0.925531914893617
929,400899365,2017-12-01,Charlotte,97,Dallas Mavericks,87,1.1149425287356323
930,400899754,2017-12-05,Dallas Mavericks,101,Charlotte,109,0.926605504587156
931,400899794,2017-12-10,Houston,109,Dallas Mavericks,87,1.2528735632183907
932,400899807,2017-12-12,Dallas Mavericks,112,Denver,92,1.2173913043478262
933,400899840,2017-12-16,Utah,103,Dallas Mavericks,100,1.03
934,400899859,2017-12-19,Denver,117,Dallas Mavericks,107,1.0934579439252337
935,400899878,2017-12-21,Portland,95,Dallas Mavericks,96,0.9895833333333334
936,400899908,2017-12-26,New Orleans,111,Dallas Mavericks,104,1.0673076923076923
937,400899916,2017-12-27,Dallas Mavericks,107,Houston,123,0.8699186991869918
938,400899427,2017-01-03,Dallas Mavericks,113,Washington,105,1.0761904761904761
939,400899978,2017-01-07,Dallas Mavericks,82,Atlanta,97,0.845360824742268
940,400899991,2017-01-09,Minnesota,101,Dallas Mavericks,92,1.0978260869565217
941,400900029,2017-01-15,Dallas Mavericks,98,Minnesota,87,1.1264367816091954
942,400900058,2017-01-19,Miami,99,Dallas Mavericks,95,1.0421052631578946
943,400900069,2017-01-20,Dallas Mavericks,107,Utah,112,0.9553571428571429
944,400900111,2017-01-26,Oklahoma City,109,Dallas Mavericks,98,1.1122448979591837
945,400900138,2017-01-29,San Antonio,101,Dallas Mavericks,105,0.9619047619047619
946,400900159,2017-02-03,Portland,104,Dallas Mavericks,108,0.9629629629629629
947,400900181,2017-02-06,Denver,110,Dallas Mavericks,87,1.264367816091954
948,400900186,2017-02-07,Dallas Mavericks,113,Portland,114,0.9912280701754386
949,400900202,2017-02-09,Dallas Mavericks,112,Utah,105,1.0666666666666667
950,400900219,2017-02-11,Dallas Mavericks,112,Orlando,80,1.4
951,400900268,2017-02-24,Minnesota,97,Dallas Mavericks,84,1.1547619047619047
952,400900276,2017-02-25,Dallas Mavericks,96,New Orleans,83,1.1566265060240963
953,400900293,2017-02-27,Dallas Mavericks,96,Miami,89,1.0786516853932584
954,400899398,2017-03-01,Atlanta,100,Dallas Mavericks,95,1.0526315789473684
955,400900309,2017-03-03,Dallas Mavericks,104,Memphis,100,1.04
956,400900327,2017-03-05,Dallas Mavericks,104,Oklahoma City,89,1.1685393258426966
957,400900399,2017-03-15,Washington,107,Dallas Mavericks,112,0.9553571428571429
958,400900495,2017-03-27,Dallas Mavericks,91,Oklahoma City,92,0.9891304347826086
959,400900512,2017-03-29,New Orleans,121,Dallas Mavericks,118,1.0254237288135593
960,400900526,2017-03-31,Memphis,99,Dallas Mavericks,90,1.1
961,400900561,2017-04-07,Dallas Mavericks,89,San Antonio,102,0.8725490196078431
962,400900592,2017-04-11,Dallas Mavericks,91,Denver,109,0.8348623853211009
963,400900601,2017-04-12,Memphis,93,Dallas Mavericks,100,0.93
964,400899534,2017-11-05,Atlanta,112,Houston Rockets,97,1.1546391752577319
965,400899544,2017-11-07,Washington,106,Houston Rockets,114,0.9298245614035088
966,400899564,2017-11-09,San Antonio,99,Houston Rockets,101,0.9801980198019802
967,400899584,2017-11-12,Houston Rockets,100,San Antonio,106,0.9433962264150944
968,400899614,2017-11-16,Oklahoma City,105,Houston Rockets,103,1.0194174757281553
969,400899621,2017-11-17,Houston Rockets,126,Portland,109,1.1559633027522935
970,400899634,2017-11-19,Houston Rockets,111,Utah,102,1.088235294117647
971,400899701,2017-11-27,Portland,114,Houston Rockets,130,0.8769230769230769
972,400899715,2017-11-29,Utah,120,Houston Rockets,101,1.188118811881188
973,400899732,2017-12-02,Denver,110,Houston Rockets,128,0.859375
974,400899783,2017-12-09,Oklahoma City,99,Houston Rockets,102,0.9705882352941176
975,400899837,2017-12-16,Houston Rockets,122,New Orleans,100,1.22
976,400899845,2017-12-17,Minnesota,109,Houston Rockets,111,0.9819819819819819
977,400899867,2017-12-20,Houston Rockets,100,San Antonio,102,0.9803921568627451
978,400899890,2017-12-23,Memphis,115,Houston Rockets,109,1.055045871559633
979,400899417,2017-01-02,Houston Rockets,101,Washington,91,1.10989010989011
980,400899961,2017-01-05,Houston Rockets,118,Oklahoma City,116,1.0172413793103448
981,400899966,2017-01-06,Orlando,93,Houston Rockets,100,0.93
982,400899995,2017-01-10,Houston Rockets,121,Charlotte,114,1.0614035087719298
983,400900003,2017-01-11,Minnesota,119,Houston Rockets,105,1.1333333333333333
984,400900016,2017-01-13,Houston Rockets,105,Memphis,110,0.9545454545454546
985,400900044,2017-01-17,Miami,109,Houston Rockets,103,1.058252427184466
986,400900077,2017-01-21,Memphis,95,Houston Rockets,119,0.7983193277310925
987,400899449,2017-02-02,Houston Rockets,108,Atlanta,113,0.9557522123893806
988,400900185,2017-02-07,Houston Rockets,128,Orlando,104,1.2307692307692308
989,400900199,2017-02-09,Charlotte,95,Houston Rockets,107,0.8878504672897196
990,400900247,2017-02-15,Houston Rockets,109,Miami,117,0.9316239316239316
991,400900258,2017-02-23,New Orleans,99,Houston Rockets,129,0.7674418604651163
992,400900278,2017-02-25,Houston Rockets,142,Minnesota,130,1.0923076923076922
993,400900319,2017-03-04,Houston Rockets,123,Memphis,108,1.1388888888888888
994,400900337,2017-03-06,San Antonio,112,Houston Rockets,110,1.018181818181818
995,400900349,2017-03-08,Houston Rockets,108,Utah,115,0.9391304347826087
996,400900419,2017-03-17,New Orleans,128,Houston Rockets,112,1.1428571428571428
997,400900429,2017-03-18,Denver,105,Houston Rockets,109,0.963302752293578
998,400900443,2017-03-20,Houston Rockets,125,Denver,124,1.0080645161290323
999,400900474,2017-03-24,Houston Rockets,117,New Orleans,107,1.0934579439252337
1000,400900486,2017-03-26,Houston Rockets,137,Oklahoma City,125,1.096
1001,400900520,2017-03-30,Portland,117,Houston Rockets,107,1.0934579439252337
1002,400900546,2017-04-05,Houston Rockets,110,Denver,104,1.0576923076923077
1003,400900602,2017-04-12,Houston Rockets,123,Minnesota,118,1.0423728813559323
1004,400899386,2017-10-26,Memphis Grizzlies,102,Minnesota,98,1.0408163265306123
1005,400899489,2017-10-30,Memphis Grizzlies,112,Washington,103,1.087378640776699
1006,400899502,2017-11-01,Minnesota,116,Memphis Grizzlies,80,1.45
1007,400899510,2017-11-02,Memphis Grizzlies,89,New Orleans,83,1.072289156626506
1008,400899538,2017-11-06,Memphis Grizzlies,94,Portland,100,0.94
1009,400899552,2017-11-08,Memphis Grizzlies,108,Denver,107,1.0093457943925233
1010,400899601,2017-11-14,Utah,96,Memphis Grizzlies,102,0.9411764705882353
1011,400899640,2017-11-19,Memphis Grizzlies,93,Minnesota,71,1.3098591549295775
1012,400899651,2017-11-21,Charlotte,90,Memphis Grizzlies,105,0.8571428571428571
1013,400899683,2017-11-25,Memphis Grizzlies,81,Miami,90,0.9
1014,400899693,2017-11-26,Miami,107,Memphis Grizzlies,110,0.9727272727272728
1015,400899707,2017-11-28,Memphis Grizzlies,85,Charlotte,104,0.8173076923076923
1016,400899392,2017-12-01,Memphis Grizzlies,95,Orlando,94,1.0106382978723405
1017,400899752,2017-12-05,New Orleans,108,Memphis Grizzlies,110,0.9818181818181818
1018,400899775,2017-12-08,Memphis Grizzlies,88,Portland,86,1.0232558139534884
1019,400899849,2017-12-18,Memphis Grizzlies,73,Utah,82,0.8902439024390244
1020,400899904,2017-12-26,Orlando,112,Memphis Grizzlies,102,1.0980392156862746
1021,400899929,2017-12-29,Memphis Grizzlies,114,Oklahoma City,80,1.425
1022,400899985,2017-01-08,Memphis Grizzlies,88,Utah,79,1.1139240506329113
1023,400900002,2017-01-11,Oklahoma City,103,Memphis Grizzlies,95,1.0842105263157895
1024,400900049,2017-01-18,Washington,104,Memphis Grizzlies,101,1.0297029702970297
1025,400900124,2017-01-27,Portland,112,Memphis Grizzlies,109,1.0275229357798166
1026,400900129,2017-01-28,Utah,95,Memphis Grizzlies,102,0.9313725490196079
1027,400899404,2017-02-01,Denver,99,Memphis Grizzlies,119,0.8319327731092437
1028,400900155,2017-02-03,Oklahoma City,114,Memphis Grizzlies,102,1.1176470588235294
1029,400900168,2017-02-04,Minnesota,99,Memphis Grizzlies,107,0.9252336448598131
1030,400900182,2017-02-06,Memphis Grizzlies,89,San Antonio,74,1.2027027027027026
1031,400900246,2017-02-15,Memphis Grizzlies,91,New Orleans,95,0.9578947368421052
1032,400900282,2017-02-26,Denver,98,Memphis Grizzlies,105,0.9333333333333333
1033,400900376,2017-03-11,Memphis Grizzlies,90,Atlanta,107,0.8411214953271028
1034,400900412,2017-03-16,Atlanta,91,Memphis Grizzlies,103,0.883495145631068
1035,400900428,2017-03-18,Memphis Grizzlies,104,San Antonio,96,1.0833333333333333
1036,400900449,2017-03-21,New Orleans,95,Memphis Grizzlies,82,1.1585365853658536
1037,400900465,2017-03-23,San Antonio,97,Memphis Grizzlies,90,1.0777777777777777
1038,400900539,2017-04-04,San Antonio,95,Memphis Grizzlies,89,1.0674157303370786
1039,400900545,2017-04-05,Memphis Grizzlies,100,Oklahoma City,103,0.970873786407767
1040,400899388,2017-10-26,New Orleans Pelicans,102,Denver,107,0.9532710280373832
1041,400899482,2017-10-29,San Antonio,98,New Orleans Pelicans,79,1.240506329113924
1042,400899609,2017-11-16,Orlando,89,New Orleans Pelicans,82,1.0853658536585367
1043,400899627,2017-11-18,New Orleans Pelicans,113,Portland,101,1.118811881188119
1044,400899635,2017-11-19,New Orleans Pelicans,121,Charlotte,116,1.043103448275862
1045,400899659,2017-11-22,Atlanta,94,New Orleans Pelicans,112,0.8392857142857143
1046,400899672,2017-11-23,New Orleans Pelicans,117,Minnesota,96,1.21875
1047,400899687,2017-11-25,Portland,119,New Orleans Pelicans,104,1.1442307692307692
1048,400899743,2017-12-04,Oklahoma City,101,New Orleans Pelicans,92,1.0978260869565217
1049,400899854,2017-12-18,San Antonio,113,New Orleans Pelicans,100,1.13
1050,400899875,2017-12-21,New Orleans Pelicans,110,Oklahoma City,121,0.9090909090909091
1051,400899891,2017-12-23,New Orleans Pelicans,91,Miami,87,1.0459770114942528
1052,400899960,2017-01-05,New Orleans Pelicans,94,Atlanta,99,0.9494949494949495
1053,400900052,2017-01-18,New Orleans Pelicans,118,Orlando,98,1.2040816326530612
1054,400900107,2017-01-25,New Orleans Pelicans,105,Oklahoma City,114,0.9210526315789473
1055,400900122,2017-01-27,New Orleans Pelicans,119,San Antonio,103,1.1553398058252426
1056,400900135,2017-01-29,New Orleans Pelicans,94,Washington,107,0.8785046728971962
1057,400900160,2017-02-04,Washington,105,New Orleans Pelicans,91,1.1538461538461537
1058,400900194,2017-02-08,New Orleans Pelicans,94,Utah,127,0.7401574803149606
1059,400900209,2017-02-10,Minnesota,106,New Orleans Pelicans,122,0.8688524590163934
1060,400900286,2017-02-26,Oklahoma City,118,New Orleans Pelicans,110,1.0727272727272728
1061,400900312,2017-03-03,New Orleans Pelicans,98,San Antonio,101,0.9702970297029703
1062,400900339,2017-03-06,Utah,88,New Orleans Pelicans,83,1.0602409638554218
1063,400900371,2017-03-11,Charlotte,122,New Orleans Pelicans,125,0.976
1064,400900397,2017-03-14,New Orleans Pelicans,100,Portland,77,1.2987012987012987
1065,400900402,2017-03-15,Miami,120,New Orleans Pelicans,112,1.0714285714285714
1066,400900434,2017-03-19,New Orleans Pelicans,123,Minnesota,109,1.128440366972477
1067,400900490,2017-03-26,Denver,90,New Orleans Pelicans,115,0.782608695652174
1068,400900497,2017-03-27,Utah,108,New Orleans Pelicans,100,1.08
1069,400900536,2017-04-04,New Orleans Pelicans,131,Denver,134,0.9776119402985075
1070,400900562,2017-04-07,Denver,122,New Orleans Pelicans,106,1.150943396226415
1071,400900608,2017-04-12,Portland,100,New Orleans Pelicans,103,0.970873786407767
1072,400899487,2017-10-30,Miami,99,San Antonio Spurs,106,0.9339622641509434
1073,400899503,2017-11-01,San Antonio Spurs,91,Utah,106,0.8584905660377359
1074,400899527,2017-11-04,Utah,86,San Antonio Spurs,100,0.86
1075,400899600,2017-11-14,San Antonio Spurs,94,Miami,90,1.0444444444444445
1076,400899663,2017-11-23,Charlotte,114,San Antonio Spurs,119,0.957983193277311
1077,400899690,2017-11-26,Washington,100,San Antonio Spurs,112,0.8928571428571429
1078,400899714,2017-11-29,San Antonio Spurs,83,Orlando,95,0.8736842105263158
1079,400899731,2017-12-02,San Antonio Spurs,107,Washington,105,1.019047619047619
1080,400899761,2017-12-06,Minnesota,91,San Antonio Spurs,105,0.8666666666666667
1081,400899896,2017-12-23,Portland,90,San Antonio Spurs,110,0.8181818181818182
1082,400899941,2017-12-30,San Antonio Spurs,110,Portland,94,1.1702127659574468
1083,400899374,2017-01-01,Atlanta,114,San Antonio Spurs,112,1.0178571428571428
1084,400899964,2017-01-05,Denver,99,San Antonio Spurs,127,0.7795275590551181
1085,400899979,2017-01-07,San Antonio Spurs,102,Charlotte,85,1.2
1086,400900046,2017-01-17,San Antonio Spurs,122,Minnesota,114,1.0701754385964912
1087,400900060,2017-01-19,San Antonio Spurs,118,Denver,104,1.1346153846153846
1088,400900148,2017-01-31,San Antonio Spurs,108,Oklahoma City,94,1.148936170212766
1089,400900167,2017-02-04,San Antonio Spurs,121,Denver,97,1.2474226804123711
1090,400900240,2017-02-15,Orlando,79,San Antonio Spurs,107,0.7383177570093458
1091,400900320,2017-03-04,San Antonio Spurs,97,Minnesota,90,1.0777777777777777
1092,400900357,2017-03-09,Oklahoma City,102,San Antonio Spurs,92,1.108695652173913
1093,400900389,2017-03-13,San Antonio Spurs,107,Atlanta,99,1.0808080808080809
1094,400900406,2017-03-15,San Antonio Spurs,106,Portland,110,0.9636363636363636
1095,400900451,2017-03-21,Minnesota,93,San Antonio Spurs,100,0.93
1096,400900530,2017-03-31,Oklahoma City,95,San Antonio Spurs,100,0.95
1097,400899473,2017-04-02,San Antonio Spurs,109,Utah,103,1.058252427184466
1098,400900587,2017-04-10,Portland,99,San Antonio Spurs,98,1.010204081632653
1099,400900605,2017-04-12,Utah,101,San Antonio Spurs,97,1.041237113402062
1100,400899420,2017-10-27,Atlanta Hawks,114,Washington,99,1.1515151515151516
1101,400899520,2017-11-04,Washington,95,Atlanta Hawks,92,1.0326086956521738
1102,400899604,2017-11-15,Miami,90,Atlanta Hawks,93,0.967741935483871
1103,400899624,2017-11-18,Charlotte,100,Atlanta Hawks,96,1.0416666666666667
1104,400899681,2017-11-25,Utah,95,Atlanta Hawks,68,1.3970588235294117
1105,400899749,2017-12-05,Atlanta Hawks,99,Oklahoma City,102,0.9705882352941176
1106,400899766,2017-12-07,Atlanta Hawks,103,Miami,95,1.0842105263157895
1107,400899811,2017-12-13,Atlanta Hawks,120,Orlando,131,0.916030534351145
1108,400899843,2017-12-17,Atlanta Hawks,99,Charlotte,107,0.9252336448598131
1109,400899857,2017-12-19,Oklahoma City,108,Atlanta Hawks,110,0.9818181818181818
1110,400899872,2017-12-21,Atlanta Hawks,84,Minnesota,92,0.9130434782608695
1111,400899893,2017-12-23,Denver,108,Atlanta Hawks,109,0.9908256880733946
1112,400899910,2017-12-26,Minnesota,104,Atlanta Hawks,90,1.1555555555555554
1113,400899951,2017-01-04,Orlando,92,Atlanta Hawks,111,0.8288288288288288
1114,400900123,2017-01-27,Atlanta Hawks,86,Washington,112,0.7678571428571429
1115,400899397,2017-02-01,Miami,116,Atlanta Hawks,93,1.2473118279569892
1116,400900161,2017-02-04,Atlanta Hawks,113,Orlando,86,1.313953488372093
1117,400900177,2017-02-06,Atlanta Hawks,95,Utah,120,0.7916666666666666
1118,400900190,2017-02-08,Atlanta Hawks,117,Denver,106,1.1037735849056605
1119,400900235,2017-02-13,Portland,104,Atlanta Hawks,109,0.9541284403669725
1120,400900269,2017-02-24,Atlanta Hawks,90,Miami,108,0.8333333333333334
1121,400900273,2017-02-25,Orlando,105,Atlanta Hawks,86,1.2209302325581395
1122,400900424,2017-03-18,Atlanta Hawks,97,Portland,113,0.8584070796460177
1123,400900439,2017-03-20,Charlotte,105,Atlanta Hawks,90,1.1666666666666667
1124,400900458,2017-03-22,Washington,104,Atlanta Hawks,100,1.04
1125,400900590,2017-04-11,Atlanta Hawks,103,Charlotte,76,1.355263157894737
1126,400899456,2017-10-28,Miami,91,Charlotte Hornets,97,0.9381443298969072
1127,400899558,2017-11-09,Charlotte Hornets,104,Utah,98,1.0612244897959184
1128,400899605,2017-11-15,Minnesota,108,Charlotte Hornets,115,0.9391304347826087
1129,400899734,2017-12-03,Charlotte Hornets,120,Minnesota,125,0.96
1130,400899779,2017-12-09,Charlotte Hornets,109,Orlando,88,1.2386363636363635
1131,400899817,2017-12-14,Washington,109,Charlotte Hornets,106,1.028301886792453
1132,400899919,2017-12-28,Orlando,101,Charlotte Hornets,120,0.8416666666666667
1133,400899928,2017-12-29,Charlotte Hornets,91,Miami,82,1.1097560975609757
1134,400899950,2017-01-04,Charlotte Hornets,123,Oklahoma City,112,1.0982142857142858
1135,400900050,2017-01-18,Charlotte Hornets,107,Portland,85,1.2588235294117647
1136,400900086,2017-01-23,Charlotte Hornets,99,Washington,109,0.908256880733945
1137,400900149,2017-01-31,Portland,115,Charlotte Hornets,98,1.1734693877551021
1138,400900165,2017-02-04,Utah,105,Charlotte Hornets,98,1.0714285714285714
1139,400900318,2017-03-04,Denver,102,Charlotte Hornets,112,0.9107142857142857
1140,400900346,2017-03-08,Miami,108,Charlotte Hornets,101,1.0693069306930694
1141,400900360,2017-03-10,Charlotte Hornets,121,Orlando,81,1.4938271604938271
1142,400900425,2017-03-18,Charlotte Hornets,98,Washington,93,1.053763440860215
1143,400900454,2017-03-22,Orlando,102,Charlotte Hornets,109,0.9357798165137615
1144,400900522,2017-03-31,Charlotte Hornets,122,Denver,114,1.0701754385964912
1145,400899406,2017-04-02,Oklahoma City,101,Charlotte Hornets,113,0.8938053097345132
1146,400900533,2017-04-04,Washington,118,Charlotte Hornets,111,1.063063063063063
1147,400900543,2017-04-05,Charlotte Hornets,99,Miami,112,0.8839285714285714
1148,400899378,2017-10-26,Orlando,96,Miami Heat,108,0.8888888888888888
1149,400899547,2017-11-07,Oklahoma City,97,Miami Heat,85,1.1411764705882352
1150,400899586,2017-11-12,Miami Heat,91,Utah,102,0.8921568627450981
1151,400899636,2017-11-19,Washington,111,Miami Heat,114,0.9736842105263158
1152,400899723,2017-11-30,Denver,98,Miami Heat,106,0.9245283018867925
1153,400899434,2017-12-01,Utah,110,Miami Heat,111,0.990990990990991
1154,400899740,2017-12-03,Portland,99,Miami Heat,92,1.076086956521739
1155,400899805,2017-12-12,Miami Heat,112,Washington,101,1.108910891089109
1156,400899864,2017-12-20,Miami Heat,130,Orlando,136,0.9558823529411765
1157,400899915,2017-12-27,Miami Heat,94,Oklahoma City,106,0.8867924528301887
1158,400900180,2017-02-06,Minnesota,113,Miami Heat,115,0.9826086956521739
1159,400900228,2017-02-13,Miami Heat,107,Orlando,116,0.9224137931034483
1160,400900306,2017-03-03,Orlando,110,Miami Heat,99,1.1111111111111112
1161,400900420,2017-03-17,Miami Heat,123,Minnesota,105,1.1714285714285715
1162,400900436,2017-03-19,Miami Heat,104,Portland,115,0.9043478260869565
1163,400899444,2017-04-02,Miami Heat,113,Denver,116,0.9741379310344828
1164,400900570,2017-04-08,Washington,103,Miami Heat,106,0.9716981132075472
1165,400900599,2017-04-12,Miami Heat,110,Washington,102,1.0784313725490196
1166,400899531,2017-11-05,Orlando Magic,88,Washington,86,1.0232558139534884
1167,400899559,2017-11-09,Orlando Magic,107,Minnesota,123,0.8699186991869918
1168,400899574,2017-11-11,Orlando Magic,74,Utah,87,0.8505747126436781
1169,400899591,2017-11-13,Oklahoma City,117,Orlando Magic,119,0.9831932773109243
1170,400899676,2017-11-25,Orlando Magic,91,Washington,94,0.9680851063829787
1171,400899757,2017-12-06,Washington,116,Orlando Magic,124,0.9354838709677419
1172,400899789,2017-12-10,Orlando Magic,113,Denver,121,0.9338842975206612
1173,400900019,2017-01-13,Portland,109,Orlando Magic,115,0.9478260869565217
1174,400900025,2017-01-14,Utah,114,Orlando Magic,107,1.0654205607476634
1175,400900038,2017-01-16,Denver,125,Orlando Magic,112,1.1160714285714286
1176,400900141,2017-01-30,Minnesota,111,Orlando Magic,105,1.0571428571428572
1177,400900256,2017-02-23,Orlando Magic,103,Portland,112,0.9196428571428571
1178,400900325,2017-03-05,Washington,115,Orlando Magic,114,1.0087719298245614
1179,400900507,2017-03-29,Orlando Magic,106,Oklahoma City,114,0.9298245614035088
1180,400899720,2017-11-30,Oklahoma City,126,Washington Wizards,115,1.0956521739130434
1181,400899774,2017-12-08,Washington Wizards,92,Denver,85,1.0823529411764705
1182,400899965,2017-01-06,Washington Wizards,112,Minnesota,105,1.0666666666666667
1183,400900035,2017-01-16,Washington Wizards,120,Portland,101,1.188118811881188
1184,400900225,2017-02-13,Washington Wizards,120,Oklahoma City,98,1.2244897959183674
1185,400900283,2017-02-26,Washington Wizards,92,Utah,102,0.9019607843137255
1186,400900353,2017-03-08,Denver,113,Washington Wizards,123,0.9186991869918699
1187,400900378,2017-03-11,Portland,124,Washington Wizards,125,0.992
1188,400900390,2017-03-13,Minnesota,119,Washington Wizards,104,1.1442307692307692
1189,400900529,2017-03-31,Utah,95,Washington Wizards,88,1.0795454545454546
1190,400899483,2017-10-29,Denver Nuggets,113,Portland,115,0.9826086956521739
1191,400899517,2017-11-03,Minnesota,99,Denver Nuggets,102,0.9705882352941176
1192,400899594,2017-11-13,Portland,112,Denver Nuggets,105,1.0666666666666667
1193,400899647,2017-11-20,Denver Nuggets,105,Utah,91,1.1538461538461537
1194,400899671,2017-11-23,Utah,108,Denver Nuggets,83,1.3012048192771084
1195,400899685,2017-11-25,Denver Nuggets,129,Oklahoma City,132,0.9772727272727273
1196,400899739,2017-12-03,Utah,105,Denver Nuggets,98,1.0714285714285714
1197,400899828,2017-12-15,Denver Nuggets,132,Portland,120,1.1
1198,400899925,2017-12-28,Denver Nuggets,105,Minnesota,103,1.0194174757281553
1199,400899976,2017-01-07,Oklahoma City,121,Denver Nuggets,106,1.1415094339622642
1200,400900085,2017-01-22,Minnesota,111,Denver Nuggets,108,1.0277777777777777
1201,400900099,2017-01-24,Denver Nuggets,103,Utah,93,1.10752688172043
1202,400900248,2017-02-15,Denver Nuggets,99,Minnesota,112,0.8839285714285714
1203,400900504,2017-03-28,Portland,122,Denver Nuggets,113,1.079646017699115
1204,400900576,2017-04-09,Denver Nuggets,105,Oklahoma City,106,0.9905660377358491
1205,400900603,2017-04-12,Oklahoma City,105,Denver Nuggets,111,0.9459459459459459
1206,400899529,2017-11-05,Oklahoma City,112,Minnesota Timberwolves,92,1.2173913043478262
1207,400899708,2017-11-28,Minnesota Timberwolves,103,Utah,112,0.9196428571428571
1208,400899901,2017-12-25,Oklahoma City,112,Minnesota Timberwolves,100,1.12
1209,400899385,2017-01-01,Minnesota Timberwolves,89,Portland,95,0.9368421052631579
1210,400899977,2017-01-07,Minnesota Timberwolves,92,Utah,94,0.9787234042553191
1211,400900017,2017-01-13,Minnesota Timberwolves,96,Oklahoma City,86,1.1162790697674418
1212,400899442,2017-03-01,Utah,80,Minnesota Timberwolves,107,0.7476635514018691
1213,400900481,2017-03-25,Portland,112,Minnesota Timberwolves,100,1.12
1214,400946146,2017-04-03,Minnesota Timberwolves,110,Portland,109,1.0091743119266054
1215,400900556,2017-04-06,Portland,105,Minnesota Timberwolves,98,1.0714285714285714
1216,400900563,2017-04-07,Utah,120,Minnesota Timberwolves,113,1.0619469026548674
1217,400900591,2017-04-11,Minnesota Timberwolves,98,Oklahoma City,100,0.98
1218,400899815,2017-12-13,Portland,114,Oklahoma City Thunder,95,1.2
1219,400899824,2017-12-14,Utah,109,Oklahoma City Thunder,89,1.2247191011235956
1220,400900094,2017-01-23,Utah,95,Oklahoma City Thunder,97,0.979381443298969
1221,400900172,2017-02-05,Oklahoma City Thunder,105,Portland,99,1.0606060606060606
1222,400900299,2017-02-28,Oklahoma City Thunder,109,Utah,106,1.028301886792453
1223,400900303,2017-03-02,Portland,114,Oklahoma City Thunder,109,1.0458715596330275
1224,400900341,2017-03-07,Oklahoma City Thunder,121,Portland,126,0.9603174603174603
1225,400900368,2017-03-11,Oklahoma City Thunder,112,Utah,104,1.0769230769230769
1226,400899376,2017-10-25,Portland Trail Blazers,113,Utah,104,1.0865384615384615
1227,400900249,2017-02-15,Utah,111,Portland Trail Blazers,88,1.2613636363636365
1228,400900542,2017-04-04,Utah,106,Portland Trail Blazers,87,1.2183908045977012
1229,400900572,2017-04-08,Portland Trail Blazers,101,Utah,86,1.1744186046511629
