Date,HomeTeam,HomeTeamPTS,VisitTeam,VisitTeamPTS,Winning
2012-10-30,MIA,120,BOS,107,1.1214953271028036
2012-10-30,CLE,94,WAS,84,1.119047619047619
2012-10-30,LAL,91,DAL,99,0.9191919191919192
2012-10-31,POR,116,LAL,106,1.0943396226415094
2012-10-31,LAC,101,MEM,92,1.0978260869565217
2012-10-31,DET,96,HOU,105,0.9142857142857143
2012-10-31,PHX,85,GSW,87,0.9770114942528736
2012-10-31,TOR,88,IND,90,0.9777777777777777
2012-10-31,PHI,84,DEN,75,1.12
2012-10-31,UTA,113,DAL,94,1.202127659574468
2012-10-31,CHI,93,SAC,87,1.0689655172413792
2012-10-31,NOH,95,SAS,99,0.9595959595959596
2012-11-01,SAS,86,OKC,84,1.0238095238095237
2012-11-02,NOH,88,UTA,86,1.0232558139534884
2012-11-02,ORL,102,DEN,89,1.146067415730337
2012-11-02,CLE,86,CHI,115,0.7478260869565218
2012-11-02,ATL,102,HOU,109,0.9357798165137615
2012-11-02,LAL,95,LAC,105,0.9047619047619048
2012-11-02,BOS,88,MIL,99,0.8888888888888888
2012-11-02,GSW,94,MEM,104,0.9038461538461539
2012-11-02,CHA,90,IND,89,1.0112359550561798
2012-11-02,MIN,92,SAC,80,1.15
2012-11-02,NYK,104,MIA,84,1.2380952380952381
2012-11-02,OKC,106,POR,92,1.1521739130434783
2012-11-02,PHX,92,DET,89,1.0337078651685394
2012-11-03,MIL,105,CLE,102,1.0294117647058822
2012-11-03,CHI,82,NOH,89,0.9213483146067416
2012-11-03,WAS,86,BOS,89,0.9662921348314607
2012-11-03,SAS,110,UTA,100,1.1
2012-11-03,BKN,107,TOR,100,1.07
2012-11-03,MIA,119,DEN,116,1.0258620689655173
2012-11-03,DAL,126,CHA,99,1.2727272727272727
2012-11-03,IND,106,SAC,98,1.0816326530612246
2012-11-03,HOU,85,POR,95,0.8947368421052632
2012-11-03,LAC,110,GSW,114,0.9649122807017544
2012-11-04,TOR,105,MIN,86,1.2209302325581395
2012-11-04,NYK,100,PHI,84,1.1904761904761905
2012-11-04,ORL,115,PHX,94,1.2234042553191489
2012-11-04,OKC,95,ATL,104,0.9134615384615384
2012-11-04,LAL,108,DET,79,1.3670886075949367
2012-11-05,BKN,96,MIN,107,0.897196261682243
2012-11-05,DAL,114,POR,91,1.2527472527472527
2012-11-05,SAC,94,GSW,92,1.0217391304347827
2012-11-05,PHI,88,NYK,110,0.8
2012-11-05,LAC,101,CLE,108,0.9351851851851852
2012-11-05,SAS,101,IND,79,1.2784810126582278
2012-11-05,MIA,124,PHX,99,1.2525252525252526
2012-11-05,MEM,103,UTA,94,1.0957446808510638
2012-11-06,OKC,108,TOR,88,1.2272727272727273
2012-11-06,CHI,99,ORL,93,1.064516129032258
2012-11-06,DEN,109,DET,97,1.1237113402061856
2012-11-07,CHA,110,PHX,117,0.9401709401709402
2012-11-07,ATL,89,IND,86,1.0348837209302326
2012-11-07,SAC,105,DET,103,1.0194174757281553
2012-11-07,GSW,106,CLE,96,1.1041666666666667
2012-11-07,BOS,100,WAS,94,1.0638297872340425
2012-11-07,NOH,62,PHI,77,0.8051948051948052
2012-11-07,MIN,90,ORL,75,1.2
2012-11-07,HOU,87,DEN,93,0.9354838709677419
2012-11-07,MIA,103,BKN,73,1.4109589041095891
2012-11-07,UTA,95,LAL,86,1.1046511627906976
2012-11-07,DAL,109,TOR,104,1.0480769230769231
2012-11-07,MIL,90,MEM,108,0.8333333333333334
2012-11-07,LAC,106,SAS,84,1.2619047619047619
2012-11-08,CHI,91,OKC,97,0.9381443298969072
2012-11-08,POR,90,LAC,103,0.8737864077669902
2012-11-09,MEM,93,HOU,85,1.0941176470588236
2012-11-09,BOS,100,PHI,106,0.9433962264150944
2012-11-09,PHX,107,CLE,105,1.019047619047619
2012-11-09,NYK,104,DAL,94,1.1063829787234043
2012-11-09,LAL,101,GSW,77,1.3116883116883118
2012-11-09,ORL,68,BKN,107,0.6355140186915887
2012-11-09,ATL,89,MIA,95,0.9368421052631579
2012-11-09,NOH,107,CHA,99,1.0808080808080809
2012-11-09,MIN,96,IND,94,1.0212765957446808
2012-11-09,SAC,86,SAS,97,0.8865979381443299
2012-11-09,WAS,91,MIL,101,0.900990099009901
2012-11-09,DEN,104,UTA,84,1.2380952380952381
2012-11-09,OKC,105,DET,94,1.1170212765957446
2012-11-10,HOU,96,DET,82,1.170731707317073
2012-11-10,IND,89,WAS,85,1.0470588235294118
2012-11-10,TOR,83,PHI,93,0.8924731182795699
2012-11-10,POR,109,SAS,112,0.9732142857142857
2012-11-10,GSW,101,DEN,107,0.9439252336448598
2012-11-10,MIL,92,BOS,96,0.9583333333333334
2012-11-10,CHA,101,DAL,97,1.041237113402062
2012-11-10,UTA,94,PHX,81,1.1604938271604939
2012-11-10,CHI,87,MIN,80,1.0875
2012-11-11,LAC,89,ATL,76,1.1710526315789473
2012-11-11,MEM,104,MIA,86,1.2093023255813953
2012-11-11,LAL,103,SAC,90,1.1444444444444444
2012-11-11,OKC,106,CLE,91,1.164835164835165
2012-11-11,BKN,82,ORL,74,1.1081081081081081
2012-11-12,PHI,96,MIL,105,0.9142857142857143
2012-11-12,HOU,110,MIA,113,0.9734513274336283
2012-11-12,TOR,133,UTA,140,0.95
2012-11-12,DET,90,OKC,92,0.9782608695652174
2012-11-12,PHX,110,DEN,100,1.1
2012-11-12,DAL,82,MIN,90,0.9111111111111111
2012-11-12,POR,87,ATL,95,0.9157894736842105
2012-11-12,CHI,95,BOS,101,0.9405940594059405
2012-11-13,LAL,82,SAS,84,0.9761904761904762
2012-11-13,ORL,89,NYK,99,0.898989898989899
2012-11-13,BKN,114,CLE,101,1.1287128712871286
2012-11-13,SAC,86,POR,103,0.8349514563106796
2012-11-13,CHA,92,WAS,76,1.2105263157894737
2012-11-13,IND,72,TOR,74,0.972972972972973
2012-11-14,MIN,87,CHA,89,0.9775280898876404
2012-11-14,GSW,92,ATL,88,1.0454545454545454
2012-11-14,PHI,76,DET,94,0.8085106382978723
2012-11-14,PHX,106,CHI,112,0.9464285714285714
2012-11-14,MIL,99,IND,85,1.1647058823529413
2012-11-14,OKC,97,MEM,107,0.9065420560747663
2012-11-14,DAL,107,WAS,101,1.0594059405940595
2012-11-14,LAC,107,MIA,100,1.07
2012-11-14,BOS,98,UTA,93,1.053763440860215
2012-11-14,HOU,100,NOH,96,1.0416666666666667
2012-11-15,DEN,93,MIA,98,0.9489795918367347
2012-11-15,SAS,100,NYK,104,0.9615384615384616
2012-11-15,BKN,102,BOS,97,1.0515463917525774
2012-11-16,DET,106,ORL,110,0.9636363636363636
2012-11-16,POR,119,HOU,117,1.017094017094017
2012-11-16,MEM,105,NYK,95,1.105263157894737
2012-11-16,SAC,96,ATL,112,0.8571428571428571
2012-11-16,LAL,114,PHX,102,1.1176470588235294
2012-11-16,PHI,99,UTA,93,1.064516129032258
2012-11-16,MIN,98,GSW,106,0.9245283018867925
2012-11-16,IND,103,DAL,83,1.2409638554216869
2012-11-16,NOH,95,OKC,110,0.8636363636363636
2012-11-17,SAS,126,DEN,100,1.26
2012-11-17,BOS,107,TOR,89,1.202247191011236
2012-11-17,MIL,117,NOH,113,1.0353982300884956
2012-11-17,WAS,76,UTA,83,0.9156626506024096
2012-11-17,PHX,88,MIA,97,0.9072164948453608
2012-11-17,CHA,87,MEM,94,0.925531914893617
2012-11-17,LAC,101,CHI,80,1.2625
2012-11-17,CLE,95,DAL,103,0.9223300970873787
2012-11-18,LAL,119,HOU,108,1.1018518518518519
2012-11-18,SAC,90,BKN,99,0.9090909090909091
2012-11-18,NYK,88,IND,76,1.1578947368421053
2012-11-18,POR,102,CHI,94,1.0851063829787233
2012-11-18,OKC,119,GSW,109,1.091743119266055
2012-11-18,TOR,97,ORL,86,1.127906976744186
2012-11-18,DET,103,BOS,83,1.2409638554216869
2012-11-18,PHI,86,CLE,79,1.0886075949367089
2012-11-19,DAL,101,GSW,105,0.9619047619047619
2012-11-19,CHA,102,MIL,98,1.0408163265306123
2012-11-19,ATL,81,ORL,72,1.125
2012-11-19,SAS,87,LAC,92,0.9456521739130435
2012-11-19,WAS,89,IND,96,0.9270833333333334
2012-11-19,MEM,92,DEN,97,0.9484536082474226
2012-11-19,UTA,102,HOU,91,1.120879120879121
2012-11-20,NOH,80,NYK,102,0.7843137254901961
2012-11-20,PHI,106,TOR,98,1.0816326530612246
2012-11-20,LAL,95,BKN,90,1.0555555555555556
2012-11-21,BOS,100,SAS,112,0.8928571428571429
2012-11-21,PHX,114,POR,87,1.3103448275862069
2012-11-21,GSW,102,BKN,93,1.096774193548387
2012-11-21,SAC,113,LAL,97,1.1649484536082475
2012-11-21,HOU,93,CHI,89,1.0449438202247192
2012-11-21,MIN,94,DEN,101,0.9306930693069307
2012-11-21,CLE,92,PHI,83,1.108433734939759
2012-11-21,ORL,90,DET,74,1.2162162162162162
2012-11-21,ATL,101,WAS,100,1.01
2012-11-21,OKC,117,LAC,111,1.054054054054054
2012-11-21,IND,115,NOH,107,1.074766355140187
2012-11-21,DAL,114,NYK,111,1.027027027027027
2012-11-21,CHA,98,TOR,97,1.0103092783505154
2012-11-21,MIA,113,MIL,106,1.0660377358490567
2012-11-23,CHA,91,ATL,101,0.900990099009901
2012-11-23,MEM,106,LAL,98,1.0816326530612246
2012-11-23,HOU,131,NYK,103,1.2718446601941749
2012-11-23,PHX,111,NOH,108,1.0277777777777777
2012-11-23,BOS,108,OKC,100,1.08
2012-11-23,BKN,86,LAC,76,1.131578947368421
2012-11-23,ORL,108,CLE,104,1.0384615384615385
2012-11-23,IND,97,SAS,104,0.9326923076923077
2012-11-23,DET,91,TOR,90,1.011111111111111
2012-11-23,DEN,102,GSW,91,1.120879120879121
2012-11-23,UTA,104,SAC,102,1.0196078431372548
2012-11-23,POR,103,MIN,95,1.0842105263157895
2012-11-24,SAC,108,UTA,97,1.1134020618556701
2012-11-24,DAL,89,LAL,115,0.7739130434782608
2012-11-24,PHI,109,OKC,116,0.9396551724137931
2012-11-24,GSW,96,MIN,85,1.1294117647058823
2012-11-24,MIA,110,CLE,108,1.0185185185185186
2012-11-24,ATL,104,LAC,93,1.118279569892473
2012-11-24,MIL,86,CHI,93,0.9247311827956989
2012-11-24,WAS,106,CHA,108,0.9814814814814815
2012-11-25,PHI,104,PHX,101,1.0297029702970297
2012-11-25,BKN,98,POR,85,1.1529411764705881
2012-11-25,TOR,106,SAS,111,0.954954954954955
2012-11-25,NYK,121,DET,100,1.21
2012-11-25,ORL,110,BOS,116,0.9482758620689655
2012-11-25,DEN,102,NOH,84,1.2142857142857142
2012-11-26,WAS,92,SAS,118,0.7796610169491526
2012-11-26,LAC,98,NOH,105,0.9333333333333333
2012-11-26,CHI,92,MIL,93,0.989247311827957
2012-11-26,MEM,84,CLE,78,1.0769230769230769
2012-11-26,UTA,105,DEN,103,1.0194174757281553
2012-11-26,BKN,96,NYK,89,1.0786516853932584
2012-11-26,DET,108,POR,101,1.0693069306930694
2012-11-26,OKC,114,CHA,69,1.6521739130434783
2012-11-27,CLE,78,PHX,91,0.8571428571428571
2012-11-27,SAC,89,MIN,97,0.9175257731958762
2012-11-27,HOU,117,TOR,101,1.1584158415841583
2012-11-27,PHI,100,DAL,98,1.0204081632653061
2012-11-27,LAL,77,IND,79,0.9746835443037974
2012-11-28,MEM,103,TOR,82,1.2560975609756098
2012-11-28,MIL,88,NYK,102,0.8627450980392157
2012-11-28,LAC,101,MIN,95,1.063157894736842
2012-11-28,CHI,101,DAL,78,1.294871794871795
2012-11-28,BOS,83,BKN,95,0.8736842105263158
2012-11-28,OKC,120,HOU,98,1.2244897959183674
2012-11-28,DET,117,PHX,77,1.5194805194805194
2012-11-28,WAS,84,POR,82,1.024390243902439
2012-11-28,NOH,84,UTA,96,0.875
2012-11-28,ATL,94,CHA,91,1.032967032967033
2012-11-28,ORL,89,SAS,110,0.8090909090909091
2012-11-29,MIA,105,SAS,100,1.05
2012-11-29,GSW,106,DEN,105,1.0095238095238095
2012-11-30,NYK,108,WAS,87,1.2413793103448276
2012-11-30,LAL,122,DEN,103,1.1844660194174756
2012-11-30,ORL,86,BKN,98,0.8775510204081632
2012-11-30,SAC,92,IND,97,0.9484536082474226
2012-11-30,MIN,95,MIL,85,1.1176470588235294
2012-11-30,TOR,101,PHX,97,1.041237113402062
2012-11-30,BOS,96,POR,78,1.2307692307692308
2012-11-30,OKC,106,UTA,94,1.127659574468085
2012-11-30,CHA,98,PHI,104,0.9423076923076923
2012-11-30,ATL,111,CLE,113,0.9823008849557522
2012-11-30,MEM,90,DET,78,1.1538461538461537
2012-12-01,HOU,124,UTA,116,1.0689655172413792
2012-12-01,MIA,102,BKN,89,1.146067415730337
2012-12-01,SAS,99,MEM,95,1.0421052631578946
2012-12-01,MIL,91,BOS,88,1.0340909090909092
2012-12-01,GSW,103,IND,92,1.1195652173913044
2012-12-01,CLE,117,POR,118,0.9915254237288136
2012-12-01,NOH,79,OKC,100,0.79
2012-12-01,CHI,93,PHI,88,1.0568181818181819
2012-12-01,DAL,92,DET,77,1.1948051948051948
2012-12-01,LAC,116,SAC,81,1.4320987654320987
2012-12-02,LAL,103,ORL,113,0.911504424778761
2012-12-02,NYK,106,PHX,99,1.0707070707070707
2012-12-03,CHA,112,POR,118,0.9491525423728814
2012-12-03,GSW,94,ORL,102,0.9215686274509803
2012-12-03,DEN,113,TOR,110,1.0272727272727273
2012-12-03,UTA,104,LAC,105,0.9904761904761905
2012-12-03,NOH,102,MIL,81,1.2592592592592593
2012-12-03,DET,89,CLE,79,1.1265822784810127
2012-12-04,MEM,108,PHX,98,1.1020408163265305
2012-12-04,PHI,88,MIN,105,0.8380952380952381
2012-12-04,BKN,111,OKC,117,0.9487179487179487
2012-12-04,CHI,76,IND,80,0.95
2012-12-04,HOU,107,LAL,105,1.019047619047619
2012-12-04,WAS,105,MIA,101,1.0396039603960396
2012-12-05,CHA,98,NYK,100,0.98
2012-12-05,DET,97,GSW,104,0.9326923076923077
2012-12-05,CLE,85,CHI,95,0.8947368421052632
2012-12-05,NOH,87,LAL,103,0.8446601941747572
2012-12-05,UTA,87,ORL,81,1.0740740740740742
2012-12-05,SAS,110,MIL,99,1.1111111111111112
2012-12-05,ATL,108,DEN,104,1.0384615384615385
2012-12-05,IND,99,POR,92,1.076086956521739
2012-12-05,SAC,107,TOR,100,1.07
2012-12-05,LAC,112,DAL,90,1.2444444444444445
2012-12-05,BOS,104,MIN,94,1.1063829787234043
2012-12-06,MIA,92,NYK,112,0.8214285714285714
2012-12-06,PHX,94,DAL,97,0.9690721649484536
2012-12-07,UTA,131,TOR,99,1.3232323232323233
2012-12-07,OKC,114,LAL,108,1.0555555555555556
2012-12-07,MIN,91,CLE,73,1.2465753424657535
2012-12-07,SAC,91,ORL,82,1.1097560975609757
2012-12-07,BKN,102,GSW,109,0.9357798165137615
2012-12-07,PHI,95,BOS,94,1.0106382978723405
2012-12-07,IND,89,DEN,92,0.967391304347826
2012-12-07,NOH,89,MEM,96,0.9270833333333334
2012-12-07,MIL,108,CHA,93,1.1612903225806452
2012-12-07,ATL,104,WAS,95,1.0947368421052632
2012-12-07,SAS,114,HOU,92,1.2391304347826086
2012-12-07,DET,104,CHI,108,0.9629629629629629
2012-12-08,WAS,97,GSW,101,0.9603960396039604
2012-12-08,MEM,83,ATL,93,0.8924731182795699
2012-12-08,CHI,93,NYK,85,1.0941176470588236
2012-12-08,CLE,97,DET,104,0.9326923076923077
2012-12-08,POR,80,SAC,99,0.8080808080808081
2012-12-08,LAC,117,PHX,99,1.1818181818181819
2012-12-08,BOS,92,PHI,79,1.1645569620253164
2012-12-08,HOU,109,DAL,116,0.9396551724137931
2012-12-08,CHA,102,SAS,132,0.7727272727272727
2012-12-08,MIA,106,NOH,90,1.1777777777777778
2012-12-09,LAC,102,TOR,83,1.2289156626506024
2012-12-09,OKC,104,IND,93,1.118279569892473
2012-12-09,NYK,112,DEN,106,1.0566037735849056
2012-12-09,PHX,90,ORL,98,0.9183673469387755
2012-12-09,BKN,88,MIL,97,0.9072164948453608
2012-12-09,LAL,110,UTA,117,0.9401709401709402
2012-12-10,PHI,104,DET,97,1.0721649484536082
2012-12-10,MIA,101,ATL,92,1.0978260869565217
2012-12-10,DAL,119,SAC,96,1.2395833333333333
2012-12-10,HOU,126,SAS,134,0.9402985074626866
2012-12-10,POR,92,TOR,74,1.2432432432432432
2012-12-10,CHA,96,GSW,104,0.9230769230769231
2012-12-11,CHI,89,LAC,94,0.9468085106382979
2012-12-11,NOH,70,WAS,77,0.9090909090909091
2012-12-11,CLE,100,LAL,94,1.0638297872340425
2012-12-11,DET,94,DEN,101,0.9306930693069307
2012-12-11,BKN,97,NYK,100,0.97
2012-12-12,MIL,98,SAC,85,1.1529411764705881
2012-12-12,PHX,82,MEM,80,1.025
2012-12-12,CHA,94,LAC,100,0.94
2012-12-12,HOU,99,WAS,93,1.064516129032258
2012-12-12,MIA,95,GSW,97,0.979381443298969
2012-12-12,OKC,92,NOH,88,1.0454545454545454
2012-12-12,ORL,80,ATL,86,0.9302325581395349
2012-12-12,PHI,89,CHI,96,0.9270833333333334
2012-12-12,UTA,99,SAS,96,1.03125
2012-12-12,TOR,88,BKN,94,0.9361702127659575
2012-12-12,BOS,117,DAL,115,1.017391304347826
2012-12-12,IND,96,CLE,81,1.1851851851851851
2012-12-12,MIN,108,DEN,105,1.0285714285714285
2012-12-13,POR,98,SAS,90,1.0888888888888888
2012-12-13,ATL,113,CHA,90,1.2555555555555555
2012-12-13,NYK,116,LAL,107,1.0841121495327102
2012-12-14,PHX,99,UTA,84,1.1785714285714286
2012-12-14,TOR,95,DAL,74,1.2837837837837838
2012-12-14,WAS,96,LAL,102,0.9411764705882353
2012-12-14,HOU,101,BOS,89,1.1348314606741574
2012-12-14,ORL,99,GSW,85,1.1647058823529413
2012-12-14,BKN,107,DET,105,1.019047619047619
2012-12-14,CLE,86,MIL,90,0.9555555555555556
2012-12-14,DEN,99,MEM,94,1.053191489361702
2012-12-14,IND,95,PHI,85,1.1176470588235294
2012-12-14,OKC,113,SAC,103,1.0970873786407767
2012-12-14,NOH,102,MIN,113,0.9026548672566371
2012-12-15,ATL,93,GSW,115,0.808695652173913
2012-12-15,MIA,102,WAS,72,1.4166666666666667
2012-12-15,MIL,85,LAC,111,0.7657657657657657
2012-12-15,MIN,114,DAL,106,1.0754716981132075
2012-12-15,UTA,86,MEM,99,0.8686868686868687
2012-12-15,NYK,103,CLE,102,1.0098039215686274
2012-12-15,SAS,103,BOS,88,1.1704545454545454
2012-12-15,CHA,98,ORL,107,0.9158878504672897
2012-12-15,CHI,83,BKN,82,1.0121951219512195
2012-12-15,DET,77,IND,88,0.875
2012-12-16,TOR,103,HOU,96,1.0729166666666667
2012-12-16,PHI,98,LAL,111,0.8828828828828829
2012-12-16,POR,95,NOH,94,1.0106382978723405
2012-12-16,SAC,97,DEN,122,0.7950819672131147
2012-12-17,OKC,107,SAS,93,1.1505376344086022
2012-12-17,MEM,80,CHI,71,1.1267605633802817
2012-12-17,DET,76,LAC,88,0.8636363636363636
2012-12-17,PHX,101,SAC,90,1.1222222222222222
2012-12-17,ORL,102,MIN,93,1.096774193548387
2012-12-17,NYK,96,HOU,109,0.8807339449541285
2012-12-18,DAL,107,PHI,100,1.07
2012-12-18,CLE,99,TOR,113,0.8761061946902655
2012-12-18,BKN,90,UTA,92,0.9782608695652174
2012-12-18,MIA,103,MIN,92,1.1195652173913044
2012-12-18,DEN,112,SAS,106,1.0566037735849056
2012-12-18,MIL,98,IND,93,1.053763440860215
2012-12-18,WAS,95,ATL,100,0.95
2012-12-18,LAL,101,CHA,100,1.01
2012-12-18,CHI,100,BOS,89,1.1235955056179776
2012-12-18,GSW,103,NOH,96,1.0729166666666667
2012-12-19,ATL,92,OKC,100,0.92
2012-12-19,IND,104,UTA,84,1.2380952380952381
2012-12-19,ORL,90,WAS,83,1.0843373493975903
2012-12-19,NYK,100,BKN,86,1.1627906976744187
2012-12-19,LAC,93,NOH,77,1.2077922077922079
2012-12-19,HOU,125,PHI,103,1.2135922330097086
2012-12-19,PHX,121,CHA,104,1.1634615384615385
2012-12-19,MEM,90,MIL,80,1.125
2012-12-19,BOS,103,CLE,91,1.1318681318681318
2012-12-19,SAC,131,GSW,127,1.031496062992126
2012-12-19,TOR,97,DET,91,1.065934065934066
2012-12-20,DAL,95,MIA,110,0.8636363636363636
2012-12-20,MIN,99,OKC,93,1.064516129032258
2012-12-20,POR,101,DEN,93,1.086021505376344
2012-12-21,CLE,89,IND,99,0.898989898989899
2012-12-21,DET,100,WAS,68,1.4705882352941178
2012-12-21,NYK,106,CHI,110,0.9636363636363636
2012-12-21,MEM,92,DAL,82,1.1219512195121952
2012-12-21,LAC,97,SAC,85,1.1411764705882352
2012-12-21,GSW,115,CHA,100,1.15
2012-12-21,SAS,99,NOH,94,1.053191489361702
2012-12-21,BOS,94,MIL,99,0.9494949494949495
2012-12-21,PHI,99,ATL,80,1.2375
2012-12-21,TOR,93,ORL,90,1.0333333333333334
2012-12-22,NOH,75,IND,81,0.9259259259259259
2012-12-22,GSW,115,LAL,118,0.9745762711864406
2012-12-22,MIL,82,CLE,94,0.8723404255319149
2012-12-22,WAS,87,DET,96,0.90625
2012-12-22,POR,96,PHX,93,1.032258064516129
2012-12-22,ATL,92,CHI,75,1.2266666666666666
2012-12-22,DEN,110,CHA,88,1.25
2012-12-22,MIA,105,UTA,89,1.1797752808988764
2012-12-22,HOU,121,MEM,96,1.2604166666666667
2012-12-23,SAC,108,POR,96,1.125
2012-12-23,NYK,94,MIN,91,1.032967032967033
2012-12-23,BKN,95,PHI,92,1.0326086956521738
2012-12-23,ORL,93,UTA,97,0.9587628865979382
2012-12-23,SAS,129,DAL,91,1.4175824175824177
2012-12-23,PHX,77,LAC,103,0.7475728155339806
2012-12-25,LAL,100,NYK,94,1.0638297872340425
2012-12-25,MIA,103,OKC,97,1.0618556701030928
2012-12-25,LAC,112,DEN,100,1.12
2012-12-25,BKN,76,BOS,93,0.8172043010752689
2012-12-25,CHI,97,HOU,120,0.8083333333333333
2012-12-26,CHA,92,MIA,105,0.8761904761904762
2012-12-26,PHX,97,NYK,99,0.9797979797979798
2012-12-26,UTA,83,GSW,94,0.8829787234042553
2012-12-26,ATL,126,DET,119,1.0588235294117647
2012-12-26,WAS,84,CLE,87,0.9655172413793104
2012-12-26,POR,109,SAC,91,1.1978021978021978
2012-12-26,SAS,100,TOR,80,1.25
2012-12-26,MIL,108,BKN,93,1.1612903225806452
2012-12-26,MEM,89,PHI,99,0.898989898989899
2012-12-26,ORL,94,NOH,97,0.9690721649484536
2012-12-26,DEN,126,LAL,114,1.105263157894737
2012-12-26,MIN,84,HOU,87,0.9655172413793104
2012-12-27,LAC,106,BOS,77,1.3766233766233766
2012-12-27,OKC,111,DAL,105,1.0571428571428572
2012-12-28,NOH,97,TOR,104,0.9326923076923077
2012-12-28,LAL,104,POR,87,1.1954022988505748
2012-12-28,CLE,94,ATL,102,0.9215686274509803
2012-12-28,GSW,96,PHI,89,1.0786516853932584
2012-12-28,BKN,97,CHA,81,1.1975308641975309
2012-12-28,SAC,106,NYK,105,1.0095238095238095
2012-12-28,DAL,85,DEN,106,0.8018867924528302
2012-12-28,UTA,114,LAC,116,0.9827586206896551
2012-12-28,WAS,105,ORL,97,1.0824742268041236
2012-12-28,IND,97,PHX,91,1.065934065934066
2012-12-28,SAS,122,HOU,116,1.0517241379310345
2012-12-28,DET,109,MIA,99,1.101010101010101
2012-12-29,CHI,87,WAS,77,1.12987012987013
2012-12-29,BKN,103,CLE,100,1.03
2012-12-29,ORL,88,TOR,123,0.7154471544715447
2012-12-29,CHA,95,NOH,98,0.9693877551020408
2012-12-29,GSW,101,BOS,83,1.216867469879518
2012-12-29,MEM,81,DEN,72,1.125
2012-12-29,MIN,111,PHX,107,1.0373831775700935
2012-12-29,ATL,109,IND,100,1.09
2012-12-29,HOU,94,OKC,124,0.7580645161290323
2012-12-29,MIL,104,MIA,85,1.223529411764706
2012-12-29,POR,89,PHI,85,1.0470588235294118
2012-12-30,DET,96,MIL,94,1.0212765957446808
2012-12-30,LAC,107,UTA,96,1.1145833333333333
2012-12-30,DAL,86,SAS,111,0.7747747747747747
2012-12-30,SAC,118,BOS,96,1.2291666666666667
2012-12-31,OKC,114,PHX,96,1.1875
2012-12-31,HOU,123,ATL,104,1.1826923076923077
2012-12-31,SAS,104,BKN,73,1.4246575342465753
2012-12-31,ORL,110,MIA,112,0.9821428571428571
2012-12-31,IND,88,MEM,83,1.0602409638554218
2012-12-31,CHI,81,CHA,91,0.8901098901098901
2013-01-01,DET,103,SAC,97,1.0618556701030928
2013-01-01,LAL,99,PHI,103,0.9611650485436893
2013-01-01,NYK,100,POR,105,0.9523809523809523
2013-01-01,WAS,94,DAL,103,0.912621359223301
2013-01-01,NOH,86,ATL,95,0.9052631578947369
2013-01-01,DEN,92,LAC,78,1.1794871794871795
2013-01-02,MIL,110,SAS,117,0.9401709401709402
2013-01-02,CLE,94,SAC,97,0.9690721649484536
2013-01-02,GSW,115,LAC,94,1.2234042553191489
2013-01-02,PHX,95,PHI,89,1.0674157303370786
2013-01-02,ORL,94,CHI,96,0.9791666666666666
2013-01-02,MIA,119,DAL,109,1.091743119266055
2013-01-02,UTA,106,MIN,84,1.2619047619047619
2013-01-02,TOR,102,POR,79,1.2911392405063291
2013-01-02,OKC,93,BKN,110,0.8454545454545455
2013-01-02,HOU,104,NOH,92,1.1304347826086956
2013-01-02,BOS,83,MEM,93,0.8924731182795699
2013-01-02,IND,89,WAS,81,1.0987654320987654
2013-01-03,NYK,100,SAS,83,1.2048192771084338
2013-01-03,DEN,97,MIN,101,0.9603960396039604
2013-01-04,PHX,80,UTA,87,0.9195402298850575
2013-01-04,OKC,109,PHI,85,1.2823529411764707
2013-01-04,TOR,96,SAC,105,0.9142857142857143
2013-01-04,WAS,113,BKN,115,0.9826086956521739
2013-01-04,LAC,107,LAL,102,1.0490196078431373
2013-01-04,MIA,89,CHI,96,0.9270833333333334
2013-01-04,DET,85,ATL,84,1.0119047619047619
2013-01-04,MIL,101,HOU,115,0.8782608695652174
2013-01-04,MEM,84,POR,86,0.9767441860465116
2013-01-04,BOS,94,IND,75,1.2533333333333334
2013-01-04,CHA,104,CLE,106,0.9811320754716981
2013-01-05,ORL,106,NYK,114,0.9298245614035088
2013-01-05,IND,95,MIL,80,1.1875
2013-01-05,MIN,97,POR,102,0.9509803921568627
2013-01-05,SAS,109,PHI,86,1.2674418604651163
2013-01-05,BKN,113,SAC,93,1.2150537634408602
2013-01-05,ATL,81,BOS,89,0.9101123595505618
2013-01-05,CLE,104,HOU,112,0.9285714285714286
2013-01-05,DEN,110,UTA,91,1.2087912087912087
2013-01-05,LAC,115,GSW,89,1.2921348314606742
2013-01-05,DAL,96,NOH,99,0.9696969696969697
2013-01-06,LAL,105,DEN,112,0.9375
2013-01-06,DET,101,CHA,108,0.9351851851851852
2013-01-06,PHX,81,MEM,92,0.8804347826086957
2013-01-06,MIA,99,WAS,71,1.3943661971830985
2013-01-06,TOR,92,OKC,104,0.8846153846153846
2013-01-07,NOH,95,SAS,88,1.0795454545454546
2013-01-07,POR,125,ORL,119,1.050420168067227
2013-01-07,SAC,81,MEM,113,0.7168141592920354
2013-01-07,WAS,101,OKC,99,1.02020202020202
2013-01-07,NYK,96,BOS,102,0.9411764705882353
2013-01-07,UTA,100,DAL,94,1.0638297872340425
2013-01-07,CHI,118,CLE,92,1.2826086956521738
2013-01-08,PHI,89,BKN,109,0.8165137614678899
2013-01-08,MIN,108,ATL,103,1.0485436893203883
2013-01-08,MIL,108,PHX,99,1.0909090909090908
2013-01-08,HOU,125,LAL,112,1.1160714285714286
2013-01-08,IND,87,MIA,77,1.12987012987013
2013-01-09,TOR,90,PHI,72,1.25
2013-01-09,DEN,108,ORL,105,1.0285714285714285
2013-01-09,LAC,99,DAL,93,1.064516129032258
2013-01-09,CHA,102,UTA,112,0.9107142857142857
2013-01-09,SAS,108,LAL,105,1.0285714285714285
2013-01-09,NOH,88,HOU,79,1.1139240506329113
2013-01-09,GSW,87,MEM,94,0.925531914893617
2013-01-09,OKC,106,MIN,84,1.2619047619047619
2013-01-09,CLE,99,ATL,83,1.1927710843373494
2013-01-09,CHI,96,MIL,104,0.9230769230769231
2013-01-09,BOS,87,PHX,79,1.1012658227848102
2013-01-10,IND,81,NYK,76,1.0657894736842106
2013-01-10,SAC,112,DAL,117,0.9572649572649573
2013-01-10,POR,92,MIA,90,1.0222222222222221
2013-01-11,MIL,87,DET,103,0.8446601941747572
2013-01-11,NOH,104,MIN,92,1.1304347826086956
2013-01-11,BOS,103,HOU,91,1.1318681318681318
2013-01-11,BKN,99,PHX,79,1.2531645569620253
2013-01-11,LAL,101,OKC,116,0.8706896551724138
2013-01-11,TOR,99,CHA,78,1.2692307692307692
2013-01-11,NYK,101,CHI,108,0.9351851851851852
2013-01-11,MEM,101,SAS,98,1.030612244897959
2013-01-11,DEN,98,CLE,91,1.0769230769230769
2013-01-11,ATL,103,UTA,95,1.0842105263157895
2013-01-11,GSW,103,POR,97,1.0618556701030928
2013-01-12,LAC,101,ORL,104,0.9711538461538461
2013-01-12,PHI,107,HOU,100,1.07
2013-01-12,CHI,81,PHX,97,0.8350515463917526
2013-01-12,DAL,104,MEM,83,1.2530120481927711
2013-01-12,WAS,93,ATL,83,1.1204819277108433
2013-01-12,IND,96,CHA,88,1.0909090909090908
2013-01-12,DET,87,UTA,90,0.9666666666666667
2013-01-12,SAC,99,MIA,128,0.7734375
2013-01-13,NYK,100,NOH,87,1.1494252873563218
2013-01-13,TOR,96,MIL,107,0.897196261682243
2013-01-13,BKN,97,IND,86,1.127906976744186
2013-01-13,SAS,106,MIN,88,1.2045454545454546
2013-01-13,LAL,113,CLE,93,1.2150537634408602
2013-01-13,DEN,116,GSW,105,1.1047619047619048
2013-01-13,POR,83,OKC,87,0.9540229885057471
2013-01-14,UTA,104,MIA,97,1.0721649484536082
2013-01-14,BOS,100,CHA,89,1.1235955056179776
2013-01-14,WAS,120,ORL,91,1.3186813186813187
2013-01-14,CHI,97,ATL,58,1.6724137931034482
2013-01-14,MEM,73,LAC,99,0.7373737373737373
2013-01-14,PHX,90,OKC,102,0.8823529411764706
2013-01-14,SAC,124,CLE,118,1.0508474576271187
2013-01-14,DAL,113,MIN,98,1.153061224489796
2013-01-15,HOU,109,LAC,117,0.9316239316239316
2013-01-15,BKN,113,TOR,106,1.0660377358490567
2013-01-15,LAL,104,MIL,88,1.1818181818181819
2013-01-15,CHA,76,IND,103,0.7378640776699029
2013-01-15,DEN,115,POR,111,1.0360360360360361
2013-01-15,PHI,99,NOH,111,0.8918918918918919
2013-01-16,OKC,117,DEN,97,1.2061855670103092
2013-01-16,POR,88,CLE,93,0.946236559139785
2013-01-16,SAC,95,WAS,94,1.0106382978723405
2013-01-16,BOS,78,NOH,90,0.8666666666666667
2013-01-16,ATL,109,BKN,95,1.1473684210526316
2013-01-16,DAL,105,HOU,100,1.05
2013-01-16,ORL,97,IND,86,1.127906976744186
2013-01-16,GSW,75,MIA,92,0.8152173913043478
2013-01-16,SAS,103,MEM,82,1.2560975609756098
2013-01-16,TOR,105,CHI,107,0.9813084112149533
2013-01-17,PHX,94,MIL,98,0.9591836734693877
2013-01-17,MIN,77,LAC,90,0.8555555555555555
2013-01-17,LAL,90,MIA,99,0.9090909090909091
2013-01-17,DET,87,NYK,102,0.8529411764705882
2013-01-18,DAL,114,OKC,117,0.9743589743589743
2013-01-18,BOS,99,CHI,100,0.99
2013-01-18,BKN,94,ATL,89,1.0561797752808988
2013-01-18,ORL,100,CHA,106,0.9433962264150944
2013-01-18,SAS,95,GSW,88,1.0795454545454546
2013-01-18,DEN,108,WAS,112,0.9642857142857143
2013-01-18,PHI,108,TOR,101,1.0693069306930694
2013-01-18,MEM,85,SAC,69,1.2318840579710144
2013-01-18,IND,105,HOU,95,1.105263157894737
2013-01-19,MIN,92,HOU,79,1.1645569620253164
2013-01-19,POR,104,MIL,110,0.9454545454545454
2013-01-19,ATL,93,SAS,98,0.9489795918367347
2013-01-19,UTA,109,CLE,98,1.1122448979591837
2013-01-19,LAC,94,WAS,87,1.0804597701149425
2013-01-19,CHI,82,MEM,85,0.9647058823529412
2013-01-19,CHA,93,SAC,97,0.9587628865979382
2013-01-19,NOH,112,GSW,116,0.9655172413793104
2013-01-20,DEN,121,OKC,118,1.0254237288135593
2013-01-20,ORL,105,DAL,111,0.9459459459459459
2013-01-20,TOR,108,LAL,103,1.0485436893203883
2013-01-20,DET,103,BOS,88,1.1704545454545454
2013-01-21,PHI,85,SAS,90,0.9444444444444444
2013-01-21,MEM,81,IND,82,0.9878048780487805
2013-01-21,GSW,106,LAC,99,1.0707070707070707
2013-01-21,POR,95,WAS,98,0.9693877551020408
2013-01-21,NOH,114,SAC,105,1.0857142857142856
2013-01-21,NYK,85,BKN,88,0.9659090909090909
2013-01-21,CHA,94,HOU,100,0.94
2013-01-21,ATL,104,MIN,96,1.0833333333333333
2013-01-21,CHI,95,LAL,83,1.144578313253012
2013-01-22,MIL,110,PHI,102,1.0784313725490196
2013-01-22,CLE,95,BOS,90,1.0555555555555556
2013-01-22,LAC,97,OKC,109,0.8899082568807339
2013-01-22,DET,105,ORL,90,1.1666666666666667
2013-01-23,POR,100,IND,80,1.25
2013-01-23,SAS,106,NOH,102,1.0392156862745099
2013-01-23,UTA,92,WAS,88,1.0454545454545454
2013-01-23,MEM,106,LAL,93,1.1397849462365592
2013-01-23,GSW,104,OKC,99,1.0505050505050506
2013-01-23,MIN,83,BKN,91,0.9120879120879121
2013-01-23,CHA,92,ATL,104,0.8846153846153846
2013-01-23,CHI,85,DET,82,1.0365853658536586
2013-01-23,MIA,123,TOR,116,1.0603448275862069
2013-01-23,SAC,96,PHX,106,0.9056603773584906
2013-01-23,HOU,95,DEN,105,0.9047619047619048
2013-01-24,PHX,93,LAC,88,1.0568181818181819
2013-01-24,BOS,86,NYK,89,0.9662921348314607
2013-01-24,ORL,95,TOR,97,0.979381443298969
2013-01-25,DAL,107,SAS,113,0.9469026548672567
2013-01-25,MIA,110,DET,88,1.25
2013-01-25,WAS,114,MIN,101,1.1287128712871286
2013-01-25,SAC,95,OKC,105,0.9047619047619048
2013-01-25,NOH,82,HOU,100,0.82
2013-01-25,CHI,103,GSW,87,1.1839080459770115
2013-01-25,CLE,113,MIL,108,1.0462962962962963
2013-01-25,MEM,101,BKN,77,1.3116883116883118
2013-01-25,LAL,102,UTA,84,1.2142857142857142
2013-01-25,ATL,123,BOS,111,1.1081081081081081
2013-01-26,SAS,108,PHX,99,1.0909090909090908
2013-01-26,POR,101,LAC,100,1.01
2013-01-26,DEN,121,SAC,93,1.3010752688172043
2013-01-26,WAS,86,CHI,73,1.178082191780822
2013-01-26,TOR,98,CLE,99,0.98989898989899
2013-01-26,CHA,102,MIN,101,1.00990099009901
2013-01-26,MIL,109,GSW,102,1.0686274509803921
2013-01-26,HOU,119,BKN,106,1.1226415094339623
2013-01-26,UTA,114,IND,110,1.0363636363636364
2013-01-26,PHI,97,NYK,80,1.2125
2013-01-27,DAL,110,PHX,95,1.1578947368421053
2013-01-27,LAC,96,POR,83,1.1566265060240963
2013-01-27,ORL,102,DET,104,0.9807692307692307
2013-01-27,NYK,106,ATL,104,1.0192307692307692
2013-01-27,LAL,105,OKC,96,1.09375
2013-01-27,BOS,100,MIA,98,1.0204081632653061
2013-01-27,MEM,83,NOH,91,0.9120879120879121
2013-01-28,UTA,80,HOU,125,0.64
2013-01-28,BKN,97,ORL,77,1.2597402597402598
2013-01-28,WAS,94,SAC,96,0.9791666666666666
2013-01-28,PHI,100,MEM,103,0.970873786407767
2013-01-28,DEN,102,IND,101,1.00990099009901
2013-01-28,CHI,93,CHA,85,1.0941176470588236
2013-01-28,TOR,102,GSW,114,0.8947368421052632
2013-01-29,CLE,95,GSW,108,0.8796296296296297
2013-01-29,LAL,111,NOH,106,1.0471698113207548
2013-01-29,DET,90,MIL,117,0.7692307692307693
2013-01-29,POR,106,DAL,104,1.0192307692307692
2013-01-30,IND,98,DET,79,1.240506329113924
2013-01-30,NYK,113,ORL,97,1.1649484536082475
2013-01-30,PHI,92,WAS,84,1.0952380952380953
2013-01-30,MIN,90,LAC,96,0.9375
2013-01-30,BKN,85,MIA,105,0.8095238095238095
2013-01-30,MIL,88,CHI,104,0.8461538461538461
2013-01-30,BOS,99,SAC,81,1.2222222222222223
2013-01-30,PHX,92,LAL,86,1.069767441860465
2013-01-30,SAS,102,CHA,78,1.3076923076923077
2013-01-30,ATL,93,TOR,92,1.0108695652173914
2013-01-30,DEN,118,HOU,110,1.0727272727272728
2013-01-30,UTA,104,NOH,99,1.0505050505050506
2013-01-31,GSW,100,DAL,97,1.0309278350515463
2013-01-31,OKC,106,MEM,89,1.1910112359550562
2013-02-01,MEM,85,WAS,76,1.118421052631579
2013-02-01,PHX,99,DAL,109,0.908256880733945
2013-02-01,IND,102,MIA,89,1.146067415730337
2013-02-01,DET,117,CLE,99,1.1818181818181819
2013-02-01,TOR,98,LAC,73,1.3424657534246576
2013-02-01,BKN,93,CHI,89,1.0449438202247192
2013-02-01,DEN,113,NOH,98,1.153061224489796
2013-02-01,UTA,86,POR,77,1.1168831168831168
2013-02-01,MIN,100,LAL,111,0.9009009009009009
2013-02-01,PHI,89,SAC,80,1.1125
2013-02-01,NYK,96,MIL,86,1.1162790697674418
2013-02-01,BOS,97,ORL,84,1.1547619047619047
2013-02-02,ATL,76,CHI,93,0.8172043010752689
2013-02-02,MIN,115,NOH,86,1.3372093023255813
2013-02-02,POR,105,UTA,99,1.0606060606060606
2013-02-02,NYK,120,SAC,81,1.4814814814814814
2013-02-02,HOU,109,CHA,95,1.1473684210526316
2013-02-02,GSW,113,PHX,93,1.2150537634408602
2013-02-02,SAS,96,WAS,86,1.1162790697674418
2013-02-02,CLE,115,OKC,110,1.0454545454545454
2013-02-02,MIL,107,ORL,98,1.0918367346938775
2013-02-03,BOS,106,LAC,104,1.0192307692307692
2013-02-03,DET,97,LAL,98,0.9897959183673469
2013-02-03,TOR,85,MIA,100,0.85
2013-02-04,IND,111,CHI,101,1.099009900990099
2013-02-04,PHI,78,ORL,61,1.278688524590164
2013-02-04,MIN,98,POR,100,0.98
2013-02-04,OKC,112,DAL,91,1.2307692307692308
2013-02-04,NYK,99,DET,85,1.1647058823529413
2013-02-04,WAS,98,LAC,90,1.0888888888888888
2013-02-04,MIA,99,CHA,94,1.053191489361702
2013-02-04,UTA,98,SAC,91,1.0769230769230769
2013-02-05,HOU,140,GSW,109,1.2844036697247707
2013-02-05,MEM,90,PHX,96,0.9375
2013-02-05,DEN,112,MIL,104,1.0769230769230769
2013-02-05,IND,114,ATL,103,1.1067961165048543
2013-02-05,BKN,83,LAL,92,0.9021739130434783
2013-02-06,DET,90,BKN,93,0.967741935483871
2013-02-06,TOR,95,BOS,99,0.9595959595959596
2013-02-06,NOH,93,PHX,84,1.1071428571428572
2013-02-06,CLE,122,CHA,95,1.2842105263157895
2013-02-06,PHI,69,IND,88,0.7840909090909091
2013-02-06,UTA,100,MIL,86,1.1627906976744187
2013-02-06,OKC,119,GSW,98,1.2142857142857142
2013-02-06,WAS,106,NYK,96,1.1041666666666667
2013-02-06,ORL,76,LAC,86,0.8837209302325582
2013-02-06,ATL,103,MEM,92,1.1195652173913044
2013-02-06,MIN,94,SAS,104,0.9038461538461539
2013-02-06,MIA,114,HOU,108,1.0555555555555556
2013-02-06,DAL,105,POR,99,1.0606060606060606
2013-02-07,BOS,116,LAL,95,1.2210526315789474
2013-02-07,DEN,128,CHI,96,1.3333333333333333
2013-02-08,DET,119,SAS,109,1.091743119266055
2013-02-08,OKC,127,PHX,96,1.3229166666666667
2013-02-08,IND,98,TOR,100,0.98
2013-02-08,UTA,89,CHI,93,0.956989247311828
2013-02-08,HOU,118,POR,103,1.145631067961165
2013-02-08,MEM,99,GSW,93,1.064516129032258
2013-02-08,CHA,93,LAL,100,0.93
2013-02-08,WAS,89,BKN,74,1.2027027027027026
2013-02-08,MIN,94,NYK,100,0.94
2013-02-08,ATL,100,NOH,111,0.9009009009009009
2013-02-08,CLE,119,ORL,108,1.1018518518518519
2013-02-08,MIA,111,LAC,89,1.247191011235955
2013-02-09,PHI,87,CHA,76,1.144736842105263
2013-02-09,CLE,103,DEN,111,0.9279279279279279
2013-02-09,DAL,116,GSW,91,1.2747252747252746
2013-02-09,SAC,120,UTA,109,1.1009174311926606
2013-02-09,MIL,100,DET,105,0.9523809523809523
2013-02-10,SAC,117,HOU,111,1.054054054054054
2013-02-10,MIA,107,LAL,97,1.1030927835051547
2013-02-10,PHX,69,OKC,97,0.711340206185567
2013-02-10,MEM,105,MIN,88,1.1931818181818181
2013-02-10,ORL,110,POR,104,1.0576923076923077
2013-02-10,BOS,118,DEN,114,1.0350877192982457
2013-02-10,BKN,86,SAS,111,0.7747747747747747
2013-02-10,NYK,88,LAC,102,0.8627450980392157
2013-02-10,TOR,102,NOH,89,1.146067415730337
2013-02-11,PHI,90,LAC,107,0.8411214953271028
2013-02-11,IND,84,BKN,89,0.9438202247191011
2013-02-11,CLE,92,MIN,100,0.92
2013-02-11,DAL,101,ATL,105,0.9619047619047619
2013-02-11,MIL,90,WAS,102,0.8823529411764706
2013-02-11,CHI,89,SAS,103,0.8640776699029126
2013-02-11,CHA,94,BOS,91,1.032967032967033
2013-02-11,DET,86,NOH,105,0.819047619047619
2013-02-12,MIA,117,POR,104,1.125
2013-02-12,MEM,108,SAC,101,1.0693069306930694
2013-02-12,LAL,91,PHX,85,1.0705882352941176
2013-02-12,UTA,109,OKC,94,1.1595744680851063
2013-02-12,TOR,109,DEN,108,1.0092592592592593
2013-02-12,GSW,107,HOU,116,0.9224137931034483
2013-02-13,BOS,71,CHI,69,1.0289855072463767
2013-02-13,LAC,106,HOU,96,1.1041666666666667
2013-02-13,MIN,93,UTA,97,0.9587628865979382
2013-02-13,CLE,95,SAS,96,0.9895833333333334
2013-02-13,NOH,99,POR,63,1.5714285714285714
2013-02-13,DAL,123,SAC,100,1.23
2013-02-13,BKN,119,DEN,108,1.1018518518518519
2013-02-13,MIL,94,PHI,92,1.0217391304347827
2013-02-13,IND,101,CHA,77,1.3116883116883118
2013-02-13,ORL,76,ATL,108,0.7037037037037037
2013-02-13,DET,96,WAS,85,1.1294117647058823
2013-02-13,NYK,88,TOR,92,0.9565217391304348
2013-02-14,LAL,101,LAC,125,0.808
2013-02-14,OKC,100,MIA,110,0.9090909090909091
2013-02-19,BKN,113,MIL,111,1.018018018018018
2013-02-19,DET,91,MEM,105,0.8666666666666667
2013-02-19,POR,98,PHX,102,0.9607843137254902
2013-02-19,SAC,102,SAS,108,0.9444444444444444
2013-02-19,WAS,88,TOR,96,0.9166666666666666
2013-02-19,UTA,115,GSW,101,1.1386138613861385
2013-02-19,DEN,97,BOS,90,1.0777777777777777
2013-02-19,NOH,87,CHI,96,0.90625
2013-02-19,ORL,92,CHA,105,0.8761904761904762
2013-02-20,CLE,105,NOH,100,1.05
2013-02-20,TOR,82,MEM,88,0.9318181818181818
2013-02-20,LAL,113,BOS,99,1.1414141414141414
2013-02-20,MIN,94,PHI,87,1.0804597701149425
2013-02-20,ATL,90,MIA,103,0.8737864077669902
2013-02-20,IND,125,NYK,91,1.3736263736263736
2013-02-20,HOU,122,OKC,119,1.0252100840336134
2013-02-20,MIL,94,BKN,97,0.9690721649484536
2013-02-20,CHA,99,DET,105,0.9428571428571428
2013-02-20,GSW,108,PHX,98,1.1020408163265305
2013-02-20,DAL,111,ORL,96,1.15625
2013-02-21,CHI,67,MIA,86,0.7790697674418605
2013-02-21,LAC,90,SAS,116,0.7758620689655172
2013-02-22,GSW,107,SAS,101,1.0594059405940595
2013-02-22,WAS,119,DEN,113,1.0530973451327434
2013-02-22,BKN,96,HOU,106,0.9056603773584906
2013-02-22,LAL,111,POR,107,1.0373831775700935
2013-02-22,MEM,88,ORL,82,1.0731707317073171
2013-02-22,PHX,88,BOS,113,0.7787610619469026
2013-02-22,ATL,122,SAC,108,1.1296296296296295
2013-02-22,NOH,100,DAL,104,0.9615384615384616
2013-02-22,IND,114,DET,82,1.3902439024390243
2013-02-22,OKC,127,MIN,111,1.1441441441441442
2013-02-22,CHA,75,CHI,105,0.7142857142857143
2013-02-22,TOR,100,NYK,98,1.0204081632653061
2013-02-23,LAC,107,UTA,94,1.1382978723404256
2013-02-23,MIL,102,ATL,103,0.9902912621359223
2013-02-23,ORL,94,CLE,118,0.7966101694915254
2013-02-23,CHA,99,DEN,113,0.8761061946902655
2013-02-23,WAS,105,HOU,103,1.0194174757281553
2013-02-23,DET,72,IND,90,0.8
2013-02-23,PHI,90,MIA,114,0.7894736842105263
2013-02-24,MIN,99,GSW,100,0.99
2013-02-24,MIA,109,CLE,105,1.0380952380952382
2013-02-24,NOH,110,SAC,95,1.1578947368421053
2013-02-24,BKN,72,MEM,76,0.9473684210526315
2013-02-24,OKC,102,CHI,72,1.4166666666666667
2013-02-24,NYK,99,PHI,93,1.064516129032258
2013-02-24,DAL,99,LAL,103,0.9611650485436893
2013-02-24,POR,92,BOS,86,1.069767441860465
2013-02-24,PHX,87,SAS,97,0.8969072164948454
2013-02-25,UTA,107,BOS,110,0.9727272727272728
2013-02-25,TOR,84,WAS,90,0.9333333333333333
2013-02-25,DEN,119,LAL,108,1.1018518518518519
2013-02-25,DET,103,ATL,114,0.9035087719298246
2013-02-26,MIA,141,SAC,129,1.0930232558139534
2013-02-26,NOH,97,BKN,101,0.9603960396039604
2013-02-26,CHI,98,CLE,101,0.9702970297029703
2013-02-26,DAL,90,MIL,95,0.9473684210526315
2013-02-26,PHI,84,ORL,98,0.8571428571428571
2013-02-26,IND,108,GSW,97,1.1134020618556701
2013-02-26,LAC,106,CHA,84,1.2619047619047619
2013-02-26,PHX,84,MIN,83,1.0120481927710843
2013-02-27,UTA,91,ATL,102,0.8921568627450981
2013-02-27,OKC,119,NOH,74,1.6081081081081081
2013-02-27,NYK,109,GSW,105,1.0380952380952382
2013-02-27,ORL,101,SAC,125,0.808
2013-02-27,CLE,103,TOR,92,1.1195652173913044
2013-02-27,SAS,101,PHX,105,0.9619047619047619
2013-02-27,HOU,107,MIL,110,0.9727272727272728
2013-02-27,WAS,95,DET,96,0.9895833333333334
2013-02-27,POR,109,DEN,111,0.9819819819819819
2013-02-27,MEM,90,DAL,84,1.0714285714285714
2013-02-28,CHI,93,PHI,82,1.1341463414634145
2013-02-28,LAL,116,MIN,94,1.2340425531914894
2013-02-28,IND,91,LAC,99,0.9191919191919192
2013-03-01,SAS,130,SAC,102,1.2745098039215685
2013-03-01,MIA,98,MEM,91,1.0769230769230769
2013-03-01,ORL,110,HOU,118,0.9322033898305084
2013-03-01,WAS,88,NYK,96,0.9166666666666666
2013-03-01,NOH,100,DET,95,1.0526315789473684
2013-03-01,CLE,89,LAC,105,0.8476190476190476
2013-03-01,DEN,105,OKC,103,1.0194174757281553
2013-03-01,BOS,94,GSW,86,1.0930232558139534
2013-03-01,TOR,81,IND,93,0.8709677419354839
2013-03-01,BKN,90,DAL,98,0.9183673469387755
2013-03-01,UTA,98,CHA,68,1.4411764705882353
2013-03-01,PHX,92,ATL,87,1.0574712643678161
2013-03-02,CHI,96,BKN,85,1.1294117647058823
2013-03-02,POR,109,MIN,94,1.1595744680851063
2013-03-02,MIL,122,TOR,114,1.0701754385964912
2013-03-02,PHI,104,GSW,97,1.0721649484536082
2013-03-03,LAL,99,ATL,98,1.010204081632653
2013-03-03,WAS,90,PHI,87,1.0344827586206897
2013-03-03,ORL,82,MEM,108,0.7592592592592593
2013-03-03,SAS,114,DET,75,1.52
2013-03-03,HOU,136,DAL,103,1.3203883495145632
2013-03-03,LAC,104,OKC,108,0.9629629629629629
2013-03-03,IND,97,CHI,92,1.0543478260869565
2013-03-03,NYK,93,MIA,99,0.9393939393939394
2013-03-03,SAC,119,CHA,83,1.4337349397590362
2013-03-04,GSW,125,TOR,118,1.0593220338983051
2013-03-04,MIN,81,MIA,97,0.8350515463917526
2013-03-04,DEN,104,ATL,88,1.1818181818181819
2013-03-04,MIL,109,UTA,108,1.0092592592592593
2013-03-04,POR,122,CHA,105,1.161904761904762
2013-03-04,CLE,97,NYK,102,0.9509803921568627
2013-03-04,NOH,102,ORL,105,0.9714285714285714
2013-03-05,PHI,101,BOS,109,0.926605504587156
2013-03-05,SAC,113,DEN,120,0.9416666666666667
2013-03-05,OKC,122,LAL,105,1.161904761904762
2013-03-06,SAS,101,CHI,83,1.216867469879518
2013-03-06,MIA,97,ORL,96,1.0104166666666667
2013-03-06,MIN,87,WAS,82,1.0609756097560976
2013-03-06,CLE,104,UTA,101,1.0297029702970297
2013-03-06,MEM,91,POR,85,1.0705882352941176
2013-03-06,NOH,102,LAL,108,0.9444444444444444
2013-03-06,PHX,71,TOR,98,0.7244897959183674
2013-03-06,LAC,117,MIL,101,1.1584158415841583
2013-03-06,DAL,112,HOU,108,1.037037037037037
2013-03-06,GSW,87,SAC,83,1.0481927710843373
2013-03-06,IND,81,BOS,83,0.9759036144578314
2013-03-06,DET,77,NYK,87,0.8850574712643678
2013-03-06,ATL,107,PHI,96,1.1145833333333333
2013-03-06,CHA,78,BKN,99,0.7878787878787878
2013-03-07,NYK,94,OKC,95,0.9894736842105263
2013-03-07,DEN,107,LAC,92,1.1630434782608696
2013-03-08,ORL,86,IND,115,0.7478260869565218
2013-03-08,LAL,118,TOR,116,1.0172413793103448
2013-03-08,GSW,88,HOU,94,0.9361702127659575
2013-03-08,BKN,95,WAS,78,1.2179487179487178
2013-03-08,BOS,107,ATL,102,1.0490196078431373
2013-03-08,SAS,106,POR,136,0.7794117647058824
2013-03-08,SAC,121,PHX,112,1.0803571428571428
2013-03-08,MIA,102,PHI,93,1.096774193548387
2013-03-08,CHA,94,OKC,116,0.8103448275862069
2013-03-08,CLE,92,MEM,103,0.8932038834951457
2013-03-08,DET,99,DAL,102,0.9705882352941176
2013-03-08,CHI,89,UTA,88,1.0113636363636365
2013-03-09,MEM,96,NOH,85,1.1294117647058823
2013-03-09,WAS,104,CHA,87,1.1954022988505748
2013-03-09,GSW,93,MIL,103,0.9029126213592233
2013-03-09,PHX,107,HOU,105,1.019047619047619
2013-03-09,ATL,80,BKN,93,0.8602150537634409
2013-03-09,NYK,113,UTA,84,1.3452380952380953
2013-03-09,DEN,111,MIN,88,1.2613636363636365
2013-03-10,OKC,91,BOS,79,1.1518987341772151
2013-03-10,MIA,105,IND,91,1.1538461538461537
2013-03-10,TOR,100,CLE,96,1.0416666666666667
2013-03-10,NOH,98,POR,96,1.0208333333333333
2013-03-10,ORL,99,PHI,91,1.0879120879120878
2013-03-10,LAC,129,DET,97,1.3298969072164948
2013-03-10,SAC,113,MIL,115,0.9826086956521739
2013-03-10,LAL,90,CHI,81,1.1111111111111112
2013-03-10,MIN,77,DAL,100,0.77
2013-03-11,SAS,105,OKC,93,1.1290322580645162
2013-03-11,UTA,103,DET,90,1.1444444444444444
2013-03-11,PHI,106,BKN,97,1.092783505154639
2013-03-11,PHX,93,DEN,108,0.8611111111111112
2013-03-11,GSW,92,NYK,63,1.4603174603174602
2013-03-12,CLE,95,WAS,90,1.0555555555555556
2013-03-12,MIA,98,ATL,81,1.2098765432098766
2013-03-12,MIL,108,DAL,115,0.9391304347826087
2013-03-12,ORL,97,LAL,106,0.9150943396226415
2013-03-12,MIN,107,SAS,83,1.2891566265060241
2013-03-12,POR,97,MEM,102,0.9509803921568627
2013-03-12,BKN,108,NOH,98,1.1020408163265305
2013-03-12,CHA,100,BOS,74,1.3513513513513513
2013-03-13,GSW,105,DET,97,1.0824742268041236
2013-03-13,BOS,112,TOR,88,1.2727272727272727
2013-03-13,PHI,94,MIA,98,0.9591836734693877
2013-03-13,HOU,111,PHX,81,1.3703703703703705
2013-03-13,LAC,85,MEM,96,0.8854166666666666
2013-03-13,IND,107,MIN,91,1.1758241758241759
2013-03-13,ATL,96,LAL,92,1.0434782608695652
2013-03-13,WAS,106,MIL,93,1.1397849462365592
2013-03-13,SAC,121,CHI,79,1.5316455696202531
2013-03-13,OKC,110,UTA,87,1.264367816091954
2013-03-13,DEN,117,NYK,94,1.2446808510638299
2013-03-14,POR,105,NYK,90,1.1666666666666667
2013-03-14,SAS,92,DAL,91,1.010989010989011
2013-03-15,TOR,92,CHA,78,1.1794871794871795
2013-03-15,DAL,96,CLE,86,1.1162790697674418
2013-03-15,IND,93,LAL,99,0.9393939393939394
2013-03-15,ATL,107,PHX,94,1.1382978723404256
2013-03-15,HOU,108,MIN,100,1.08
2013-03-15,WAS,96,NOH,87,1.103448275862069
2013-03-15,OKC,117,ORL,104,1.125
2013-03-15,GSW,95,CHI,113,0.8407079646017699
2013-03-15,MIL,94,MIA,107,0.8785046728971962
2013-03-15,DEN,87,MEM,80,1.0875
2013-03-16,POR,112,DET,101,1.108910891089109
2013-03-16,WAS,127,PHX,105,1.2095238095238094
2013-03-16,BOS,105,CHA,88,1.1931818181818181
2013-03-16,UTA,90,MEM,84,1.0714285714285714
2013-03-16,PHI,98,IND,91,1.0769230769230769
2013-03-16,SAS,119,CLE,113,1.0530973451327434
2013-03-17,MIL,115,ORL,109,1.055045871559633
2013-03-17,LAL,113,SAC,102,1.107843137254902
2013-03-17,TOR,91,MIA,108,0.8425925925925926
2013-03-17,DAL,101,OKC,107,0.9439252336448598
2013-03-17,HOU,78,GSW,108,0.7222222222222222
2013-03-17,MIN,97,NOH,95,1.0210526315789474
2013-03-17,LAC,93,NYK,80,1.1625
2013-03-17,BKN,93,ATL,105,0.8857142857142857
2013-03-18,PHI,101,POR,100,1.01
2013-03-18,MEM,92,MIN,77,1.1948051948051948
2013-03-18,CLE,90,IND,111,0.8108108108108109
2013-03-18,CHA,119,WAS,114,1.043859649122807
2013-03-18,BOS,103,MIA,105,0.9809523809523809
2013-03-18,NOH,72,GSW,93,0.7741935483870968
2013-03-18,CHI,118,DEN,119,0.9915966386554622
2013-03-18,UTA,83,NYK,90,0.9222222222222223
2013-03-18,PHX,99,LAL,76,1.3026315789473684
2013-03-18,ATL,113,DAL,127,0.889763779527559
2013-03-18,DET,82,BKN,119,0.6890756302521008
2013-03-19,SAC,116,LAC,101,1.1485148514851484
2013-03-19,IND,95,ORL,73,1.3013698630136987
2013-03-19,MIL,102,POR,95,1.0736842105263158
2013-03-19,OKC,104,DEN,114,0.9122807017543859
2013-03-20,ATL,98,MIL,90,1.0888888888888888
2013-03-20,LAC,101,PHI,72,1.4027777777777777
2013-03-20,HOU,100,UTA,93,1.075268817204301
2013-03-20,CHA,107,TOR,101,1.0594059405940595
2013-03-20,NYK,106,ORL,94,1.127659574468085
2013-03-20,NOH,87,BOS,86,1.0116279069767442
2013-03-20,CLE,95,MIA,98,0.9693877551020408
2013-03-20,MEM,90,OKC,89,1.0112359550561798
2013-03-20,DAL,96,BKN,113,0.8495575221238938
2013-03-20,PHX,79,WAS,88,0.8977272727272727
2013-03-20,SAS,104,GSW,93,1.118279569892473
2013-03-21,CHI,89,POR,99,0.898989898989899
2013-03-21,DEN,101,PHI,100,1.01
2013-03-21,SAC,101,MIN,98,1.030612244897959
2013-03-22,HOU,116,CLE,78,1.4871794871794872
2013-03-22,SAS,104,UTA,97,1.0721649484536082
2013-03-22,NOH,90,MEM,83,1.0843373493975903
2013-03-22,PHX,86,MIN,117,0.7350427350427351
2013-03-22,IND,102,MIL,78,1.3076923076923077
2013-03-22,DAL,104,BOS,94,1.1063829787234043
2013-03-22,MIA,103,DET,89,1.1573033707865168
2013-03-22,ATL,93,POR,104,0.8942307692307693
2013-03-22,TOR,94,NYK,99,0.9494949494949495
2013-03-22,ORL,89,OKC,97,0.9175257731958762
2013-03-22,LAL,100,WAS,103,0.970873786407767
2013-03-23,LAC,101,BKN,95,1.063157894736842
2013-03-23,NYK,110,TOR,84,1.3095238095238095
2013-03-23,CHA,91,DET,92,0.9891304347826086
2013-03-23,MEM,110,BOS,106,1.0377358490566038
2013-03-23,CHI,87,IND,84,1.0357142857142858
2013-03-23,GSW,101,WAS,92,1.0978260869565217
2013-03-23,DEN,101,SAC,95,1.063157894736842
2013-03-24,HOU,96,SAS,95,1.0105263157894737
2013-03-24,MIN,97,CHI,104,0.9326923076923077
2013-03-24,SAC,103,PHI,117,0.8803418803418803
2013-03-24,OKC,103,POR,83,1.2409638554216869
2013-03-24,MIL,99,ATL,104,0.9519230769230769
2013-03-24,MIA,109,CHA,77,1.4155844155844155
2013-03-24,PHX,100,BKN,102,0.9803921568627451
2013-03-24,DAL,113,UTA,108,1.0462962962962963
2013-03-25,IND,100,ATL,94,1.0638297872340425
2013-03-25,UTA,107,PHI,91,1.1758241758241759
2013-03-25,ORL,94,MIA,108,0.8703703703703703
2013-03-25,GSW,109,LAL,103,1.058252427184466
2013-03-25,WAS,107,MEM,94,1.1382978723404256
2013-03-25,NOH,110,DEN,86,1.2790697674418605
2013-03-26,DET,82,MIN,105,0.780952380952381
2013-03-26,BOS,85,NYK,100,0.85
2013-03-26,DAL,109,LAC,102,1.0686274509803921
2013-03-27,OKC,103,WAS,80,1.2875
2013-03-27,UTA,103,PHX,88,1.1704545454545454
2013-03-27,CLE,92,BOS,93,0.989247311827957
2013-03-27,HOU,91,IND,100,0.91
2013-03-27,SAS,100,DEN,99,1.0101010101010102
2013-03-27,CHI,101,MIA,97,1.041237113402062
2013-03-27,CHA,114,ORL,108,1.0555555555555556
2013-03-27,PHI,100,MIL,92,1.0869565217391304
2013-03-27,POR,93,BKN,111,0.8378378378378378
2013-03-27,NYK,108,MEM,101,1.0693069306930694
2013-03-27,NOH,91,LAC,105,0.8666666666666667
2013-03-27,TOR,88,ATL,107,0.822429906542056
2013-03-27,MIN,117,LAL,120,0.975
2013-03-27,GSW,98,SAC,105,0.9333333333333333
2013-03-28,MIL,113,LAL,103,1.0970873786407767
2013-03-28,PHX,103,SAC,117,0.8803418803418803
2013-03-28,DAL,78,IND,103,0.7572815533980582
2013-03-29,SAS,104,LAC,102,1.0196078431372548
2013-03-29,DET,82,TOR,99,0.8282828282828283
2013-03-29,CLE,87,PHI,97,0.8969072164948454
2013-03-29,BOS,118,ATL,107,1.102803738317757
2013-03-29,NOH,89,MIA,108,0.8240740740740741
2013-03-29,ORL,97,WAS,92,1.0543478260869565
2013-03-29,MEM,103,HOU,94,1.0957446808510638
2013-03-29,POR,95,UTA,105,0.9047619047619048
2013-03-29,MIN,101,OKC,93,1.086021505376344
2013-03-29,NYK,111,CHA,102,1.088235294117647
2013-03-29,DEN,109,BKN,87,1.2528735632183907
2013-03-30,DAL,100,CHI,98,1.0204081632653061
2013-03-30,PHI,100,CHA,92,1.0869565217391304
2013-03-30,SAC,98,LAL,103,0.9514563106796117
2013-03-30,MIL,99,OKC,109,0.908256880733945
2013-03-30,HOU,98,LAC,81,1.2098765432098766
2013-03-30,MIN,86,MEM,99,0.8686868686868687
2013-03-30,PHX,104,IND,112,0.9285714285714286
2013-03-30,UTA,116,BKN,107,1.0841121495327102
2013-03-30,GSW,125,POR,98,1.2755102040816326
2013-03-30,ATL,97,ORL,88,1.1022727272727273
2013-03-31,WAS,109,TOR,92,1.184782608695652
2013-03-31,SAS,86,MIA,88,0.9772727272727273
2013-03-31,NOH,112,CLE,92,1.2173913043478262
2013-03-31,NYK,108,BOS,89,1.2134831460674158
2013-03-31,CHI,95,DET,94,1.0106382978723405
2013-04-01,MIN,110,BOS,100,1.1
2013-04-01,TOR,98,DET,108,0.9074074074074074
2013-04-01,HOU,111,ORL,103,1.0776699029126213
2013-04-01,UTA,112,POR,102,1.0980392156862746
2013-04-01,LAC,106,IND,109,0.9724770642201835
2013-04-01,MEM,92,SAS,90,1.0222222222222221
2013-04-01,MIL,131,CHA,102,1.2843137254901962
2013-04-01,ATL,102,CLE,94,1.0851063829787233
2013-04-02,MIA,90,NYK,102,0.8823529411764706
2013-04-02,WAS,90,CHI,86,1.0465116279069768
2013-04-02,LAL,101,DAL,81,1.2469135802469136
2013-04-03,SAS,98,ORL,84,1.1666666666666667
2013-04-03,LAC,126,PHX,101,1.2475247524752475
2013-04-03,ATL,82,NYK,95,0.8631578947368421
2013-04-03,CLE,95,BKN,113,0.8407079646017699
2013-04-03,POR,76,MEM,94,0.8085106382978723
2013-04-03,BOS,98,DET,93,1.053763440860215
2013-04-03,CHA,88,PHI,83,1.0602409638554218
2013-04-03,GSW,98,NOH,88,1.1136363636363635
2013-04-03,MIL,98,MIN,107,0.9158878504672897
2013-04-03,SAC,102,HOU,112,0.9107142857142857
2013-04-03,TOR,88,WAS,78,1.1282051282051282
2013-04-03,UTA,96,DEN,113,0.8495575221238938
2013-04-04,BKN,90,CHI,92,0.9782608695652174
2013-04-04,OKC,100,SAS,88,1.1363636363636365
2013-04-04,DEN,95,DAL,94,1.0106382978723405
2013-04-05,POR,98,HOU,116,0.8448275862068966
2013-04-05,BOS,91,CLE,97,0.9381443298969072
2013-04-05,IND,75,OKC,97,0.7731958762886598
2013-04-05,CHI,87,ORL,86,1.0116279069767442
2013-04-05,SAC,108,DAL,117,0.9230769230769231
2013-04-05,NYK,101,MIL,83,1.216867469879518
2013-04-05,UTA,95,NOH,83,1.144578313253012
2013-04-05,CHA,79,MIA,89,0.8876404494382022
2013-04-05,MIN,93,TOR,95,0.9789473684210527
2013-04-05,ATL,90,PHI,101,0.8910891089108911
2013-04-05,LAL,86,MEM,84,1.0238095238095237
2013-04-05,PHX,107,GSW,111,0.963963963963964
2013-04-06,MIA,106,PHI,87,1.2183908045977012
2013-04-06,DEN,132,HOU,114,1.1578947368421053
2013-04-06,MIL,100,TOR,83,1.2048192771084338
2013-04-06,BKN,105,CHA,96,1.09375
2013-04-06,MIN,107,DET,101,1.0594059405940595
2013-04-06,WAS,104,IND,85,1.223529411764706
2013-04-06,SAS,99,ATL,97,1.0206185567010309
2013-04-07,DET,99,CHI,85,1.1647058823529413
2013-04-07,BOS,107,WAS,96,1.1145833333333333
2013-04-07,CLE,91,ORL,85,1.0705882352941176
2013-04-07,OKC,120,NYK,125,0.96
2013-04-07,SAC,87,MEM,89,0.9775280898876404
2013-04-07,POR,91,DAL,96,0.9479166666666666
2013-04-07,GSW,90,UTA,97,0.9278350515463918
2013-04-07,LAC,109,LAL,95,1.1473684210526316
2013-04-07,PHX,92,NOH,95,0.968421052631579
2013-04-09,LAL,104,NOH,96,1.0833333333333333
2013-04-09,UTA,80,OKC,90,0.8888888888888888
2013-04-09,MEM,94,CHA,75,1.2533333333333334
2013-04-09,BKN,104,PHI,83,1.2530120481927711
2013-04-09,GSW,105,MIN,89,1.1797752808988764
2013-04-09,NYK,120,WAS,99,1.2121212121212122
2013-04-09,IND,99,CLE,94,1.053191489361702
2013-04-09,HOU,101,PHX,98,1.030612244897959
2013-04-09,CHI,98,TOR,101,0.9702970297029703
2013-04-09,MIA,94,MIL,83,1.1325301204819278
2013-04-10,LAC,111,MIN,95,1.168421052631579
2013-04-10,DAL,91,PHX,102,0.8921568627450981
2013-04-10,PHI,101,ATL,124,0.8145161290322581
2013-04-10,POR,106,LAL,113,0.9380530973451328
2013-04-10,CLE,104,DET,111,0.9369369369369369
2013-04-10,BOS,93,BKN,101,0.9207920792079208
2013-04-10,SAC,121,NOH,110,1.1
2013-04-10,DEN,96,SAS,86,1.1162790697674418
2013-04-10,ORL,113,MIL,103,1.0970873786407767
2013-04-10,WAS,98,MIA,103,0.9514563106796117
2013-04-11,CHI,118,NYK,111,1.063063063063063
2013-04-11,GSW,97,OKC,116,0.8362068965517241
2013-04-12,MIA,109,BOS,101,1.0792079207920793
2013-04-12,CLE,91,NYK,101,0.900990099009901
2013-04-12,IND,109,BKN,117,0.9316239316239316
2013-04-12,DET,113,CHA,93,1.2150537634408602
2013-04-12,POR,90,OKC,106,0.8490566037735849
2013-04-12,ATL,109,MIL,104,1.0480769230769231
2013-04-12,NOH,93,LAC,96,0.96875
2013-04-12,HOU,78,MEM,82,0.9512195121951219
2013-04-12,DAL,108,DEN,105,1.0285714285714285
2013-04-12,LAL,118,GSW,116,1.0172413793103448
2013-04-12,UTA,107,MIN,100,1.07
2013-04-12,WAS,86,PHI,97,0.8865979381443299
2013-04-12,TOR,97,CHI,88,1.1022727272727273
2013-04-12,SAS,108,SAC,101,1.0693069306930694
2013-04-13,ORL,88,BOS,120,0.7333333333333333
2013-04-13,MEM,87,LAC,91,0.9560439560439561
2013-04-13,CHA,95,MIL,85,1.1176470588235294
2013-04-13,MIN,105,PHX,93,1.1290322580645162
2013-04-14,PHI,91,CLE,77,1.1818181818181819
2013-04-14,TOR,93,BKN,87,1.0689655172413792
2013-04-14,HOU,121,SAC,100,1.21
2013-04-14,LAL,91,SAS,86,1.058139534883721
2013-04-14,DEN,118,POR,109,1.0825688073394495
2013-04-14,NYK,90,IND,80,1.125
2013-04-14,NOH,89,DAL,107,0.8317757009345794
2013-04-14,MIA,105,CHI,93,1.1290322580645162
2013-04-15,PHX,119,HOU,112,1.0625
2013-04-15,DET,109,PHI,101,1.0792079207920793
2013-04-15,ORL,84,CHI,102,0.8235294117647058
2013-04-15,DAL,97,MEM,103,0.941747572815534
2013-04-15,CHA,106,NYK,95,1.1157894736842104
2013-04-15,MIL,111,DEN,112,0.9910714285714286
2013-04-15,GSW,116,SAS,106,1.0943396226415094
2013-04-15,OKC,104,SAC,95,1.0947368421052632
2013-04-15,MIN,80,UTA,96,0.8333333333333334
2013-04-15,BKN,106,WAS,101,1.0495049504950495
2013-04-15,CLE,95,MIA,96,0.9895833333333334
2013-04-16,ATL,96,TOR,113,0.8495575221238938
2013-04-16,LAC,93,POR,77,1.2077922077922079
2013-04-17,CHA,105,CLE,98,1.0714285714285714
2013-04-17,SAS,95,MIN,108,0.8796296296296297
2013-04-17,SAC,108,LAC,112,0.9642857142857143
2013-04-17,BKN,103,DET,99,1.0404040404040404
2013-04-17,NYK,98,ATL,92,1.065217391304348
2013-04-17,POR,88,GSW,99,0.8888888888888888
2013-04-17,MIA,105,ORL,93,1.1290322580645162
2013-04-17,DEN,118,PHX,98,1.2040816326530612
2013-04-17,IND,95,PHI,105,0.9047619047619048
2013-04-17,TOR,114,BOS,90,1.2666666666666666
2013-04-17,OKC,89,MIL,95,0.9368421052631579
2013-04-17,LAL,99,HOU,95,1.0421052631578946
2013-04-17,MEM,86,UTA,70,1.2285714285714286
2013-04-17,CHI,95,WAS,92,1.0326086956521738
2013-04-17,DAL,99,NOH,87,1.1379310344827587
